word,phonetic,meaning,example,level,source,source_url,source_pdf_page
a/an,官方词表未提供读音,官方《全国大学英语四、六级考试大纲（2016年修订版）》词表词目；官方未提供释义,官方词表只列词形，不列例句,1,全国大学英语四、六级考试大纲（2016年修订版）,https://cet.neea.edu.cn/res/Home/1704/55b02330ac17274664f06d9d3db8249d.pdf,21
abandon,官方词表未提供读音,官方《全国大学英语四、六级考试大纲（2016年修订版）》词表词目；官方未提供释义,官方词表只列词形，不列例句,1,全国大学英语四、六级考试大纲（2016年修订版）,https://cet.neea.edu.cn/res/Home/1704/55b02330ac17274664f06d9d3db8249d.pdf,21
able ability,官方词表未提供读音,官方《全国大学英语四、六级考试大纲（2016年修订版）》词表词目；官方未提供释义,官方词表只列词形，不列例句,1,全国大学英语四、六级考试大纲（2016年修订版）,https://cet.neea.edu.cn/res/Home/1704/55b02330ac17274664f06d9d3db8249d.pdf,21
aboard,官方词表未提供读音,官方《全国大学英语四、六级考试大纲（2016年修订版）》词表词目；官方未提供释义,官方词表只列词形，不列例句,1,全国大学英语四、六级考试大纲（2016年修订版）,https://cet.neea.edu.cn/res/Home/1704/55b02330ac17274664f06d9d3db8249d.pdf,21
abolish abolition,官方词表未提供读音,官方《全国大学英语四、六级考试大纲（2016年修订版）》词表词目；官方未提供释义,官方词表只列词形，不列例句,1,全国大学英语四、六级考试大纲（2016年修订版）,https://cet.neea.edu.cn/res/Home/1704/55b02330ac17274664f06d9d3db8249d.pdf,21
about,官方词表未提供读音,官方《全国大学英语四、六级考试大纲（2016年修订版）》词表词目；官方未提供释义,官方词表只列词形，不列例句,1,全国大学英语四、六级考试大纲（2016年修订版）,https://cet.neea.edu.cn/res/Home/1704/55b02330ac17274664f06d9d3db8249d.pdf,21
above,官方词表未提供读音,官方《全国大学英语四、六级考试大纲（2016年修订版）》词表词目；官方未提供释义,官方词表只列词形，不列例句,1,全国大学英语四、六级考试大纲（2016年修订版）,https://cet.neea.edu.cn/res/Home/1704/55b02330ac17274664f06d9d3db8249d.pdf,21
abroad,官方词表未提供读音,官方《全国大学英语四、六级考试大纲（2016年修订版）》词表词目；官方未提供释义,官方词表只列词形，不列例句,1,全国大学英语四、六级考试大纲（2016年修订版）,https://cet.neea.edu.cn/res/Home/1704/55b02330ac17274664f06d9d3db8249d.pdf,21
absent absence,官方词表未提供读音,官方《全国大学英语四、六级考试大纲（2016年修订版）》词表词目；官方未提供释义,官方词表只列词形，不列例句,1,全国大学英语四、六级考试大纲（2016年修订版）,https://cet.neea.edu.cn/res/Home/1704/55b02330ac17274664f06d9d3db8249d.pdf,21
absolute,官方词表未提供读音,官方《全国大学英语四、六级考试大纲（2016年修订版）》词表词目；官方未提供释义,官方词表只列词形，不列例句,1,全国大学英语四、六级考试大纲（2016年修订版）,https://cet.neea.edu.cn/res/Home/1704/55b02330ac17274664f06d9d3db8249d.pdf,21
absorb absorption,官方词表未提供读音,官方《全国大学英语四、六级考试大纲（2016年修订版）》词表词目；官方未提供释义,官方词表只列词形，不列例句,1,全国大学英语四、六级考试大纲（2016年修订版）,https://cet.neea.edu.cn/res/Home/1704/55b02330ac17274664f06d9d3db8249d.pdf,21
abstract,官方词表未提供读音,官方《全国大学英语四、六级考试大纲（2016年修订版）》词表词目；官方未提供释义,官方词表只列词形，不列例句,1,全国大学英语四、六级考试大纲（2016年修订版）,https://cet.neea.edu.cn/res/Home/1704/55b02330ac17274664f06d9d3db8249d.pdf,21
abundant abundance,官方词表未提供读音,官方《全国大学英语四、六级考试大纲（2016年修订版）》词表词目；官方未提供释义,官方词表只列词形，不列例句,1,全国大学英语四、六级考试大纲（2016年修订版）,https://cet.neea.edu.cn/res/Home/1704/55b02330ac17274664f06d9d3db8249d.pdf,21
abuse abusive,官方词表未提供读音,官方《全国大学英语四、六级考试大纲（2016年修订版）》词表词目；官方未提供释义,官方词表只列词形，不列例句,1,全国大学英语四、六级考试大纲（2016年修订版）,https://cet.neea.edu.cn/res/Home/1704/55b02330ac17274664f06d9d3db8249d.pdf,21
academy academic academician,官方词表未提供读音,官方《全国大学英语四、六级考试大纲（2016年修订版）》词表词目；官方未提供释义,官方词表只列词形，不列例句,1,全国大学英语四、六级考试大纲（2016年修订版）,https://cet.neea.edu.cn/res/Home/1704/55b02330ac17274664f06d9d3db8249d.pdf,21
accelerate acceleration,官方词表未提供读音,官方《全国大学英语四、六级考试大纲（2016年修订版）》词表词目；官方未提供释义,官方词表只列词形，不列例句,1,全国大学英语四、六级考试大纲（2016年修订版）,https://cet.neea.edu.cn/res/Home/1704/55b02330ac17274664f06d9d3db8249d.pdf,21
accent,官方词表未提供读音,官方《全国大学英语四、六级考试大纲（2016年修订版）》词表词目；官方未提供释义,官方词表只列词形，不列例句,1,全国大学英语四、六级考试大纲（2016年修订版）,https://cet.neea.edu.cn/res/Home/1704/55b02330ac17274664f06d9d3db8249d.pdf,21
accept acceptance acceptable,官方词表未提供读音,官方《全国大学英语四、六级考试大纲（2016年修订版）》词表词目；官方未提供释义,官方词表只列词形，不列例句,1,全国大学英语四、六级考试大纲（2016年修订版）,https://cet.neea.edu.cn/res/Home/1704/55b02330ac17274664f06d9d3db8249d.pdf,21
access accessible,官方词表未提供读音,官方《全国大学英语四、六级考试大纲（2016年修订版）》词表词目；官方未提供释义,官方词表只列词形，不列例句,1,全国大学英语四、六级考试大纲（2016年修订版）,https://cet.neea.edu.cn/res/Home/1704/55b02330ac17274664f06d9d3db8249d.pdf,21
accident accidental,官方词表未提供读音,官方《全国大学英语四、六级考试大纲（2016年修订版）》词表词目；官方未提供释义,官方词表只列词形，不列例句,1,全国大学英语四、六级考试大纲（2016年修订版）,https://cet.neea.edu.cn/res/Home/1704/55b02330ac17274664f06d9d3db8249d.pdf,21
accommodate accommodation,官方词表未提供读音,官方《全国大学英语四、六级考试大纲（2016年修订版）》词表词目；官方未提供释义,官方词表只列词形，不列例句,1,全国大学英语四、六级考试大纲（2016年修订版）,https://cet.neea.edu.cn/res/Home/1704/55b02330ac17274664f06d9d3db8249d.pdf,21
accompany,官方词表未提供读音,官方《全国大学英语四、六级考试大纲（2016年修订版）》词表词目；官方未提供释义,官方词表只列词形，不列例句,1,全国大学英语四、六级考试大纲（2016年修订版）,https://cet.neea.edu.cn/res/Home/1704/55b02330ac17274664f06d9d3db8249d.pdf,21
accomplish accomplishment,官方词表未提供读音,官方《全国大学英语四、六级考试大纲（2016年修订版）》词表词目；官方未提供释义,官方词表只列词形，不列例句,1,全国大学英语四、六级考试大纲（2016年修订版）,https://cet.neea.edu.cn/res/Home/1704/55b02330ac17274664f06d9d3db8249d.pdf,21
accord,官方词表未提供读音,官方《全国大学英语四、六级考试大纲（2016年修订版）》词表词目；官方未提供释义,官方词表只列词形，不列例句,1,全国大学英语四、六级考试大纲（2016年修订版）,https://cet.neea.edu.cn/res/Home/1704/55b02330ac17274664f06d9d3db8249d.pdf,21
accordance,官方词表未提供读音,官方《全国大学英语四、六级考试大纲（2016年修订版）》词表词目；官方未提供释义,官方词表只列词形，不列例句,1,全国大学英语四、六级考试大纲（2016年修订版）,https://cet.neea.edu.cn/res/Home/1704/55b02330ac17274664f06d9d3db8249d.pdf,21
accordingto,官方词表未提供读音,官方《全国大学英语四、六级考试大纲（2016年修订版）》词表词目；官方未提供释义,官方词表只列词形，不列例句,1,全国大学英语四、六级考试大纲（2016年修订版）,https://cet.neea.edu.cn/res/Home/1704/55b02330ac17274664f06d9d3db8249d.pdf,21
accordingly,官方词表未提供读音,官方《全国大学英语四、六级考试大纲（2016年修订版）》词表词目；官方未提供释义,官方词表只列词形，不列例句,1,全国大学英语四、六级考试大纲（2016年修订版）,https://cet.neea.edu.cn/res/Home/1704/55b02330ac17274664f06d9d3db8249d.pdf,21
account accounting accountant accountancy,官方词表未提供读音,官方《全国大学英语四、六级考试大纲（2016年修订版）》词表词目；官方未提供释义,官方词表只列词形，不列例句,1,全国大学英语四、六级考试大纲（2016年修订版）,https://cet.neea.edu.cn/res/Home/1704/55b02330ac17274664f06d9d3db8249d.pdf,21
accountable accountability,官方词表未提供读音,官方《全国大学英语四、六级考试大纲（2016年修订版）》词表词目；官方未提供释义,官方词表只列词形，不列例句,1,全国大学英语四、六级考试大纲（2016年修订版）,https://cet.neea.edu.cn/res/Home/1704/55b02330ac17274664f06d9d3db8249d.pdf,21
accumulate accumulation accumulative,官方词表未提供读音,官方《全国大学英语四、六级考试大纲（2016年修订版）》词表词目；官方未提供释义,官方词表只列词形，不列例句,1,全国大学英语四、六级考试大纲（2016年修订版）,https://cet.neea.edu.cn/res/Home/1704/55b02330ac17274664f06d9d3db8249d.pdf,21
accurate accuracy,官方词表未提供读音,官方《全国大学英语四、六级考试大纲（2016年修订版）》词表词目；官方未提供释义,官方词表只列词形，不列例句,1,全国大学英语四、六级考试大纲（2016年修订版）,https://cet.neea.edu.cn/res/Home/1704/55b02330ac17274664f06d9d3db8249d.pdf,21
accuse accusation,官方词表未提供读音,官方《全国大学英语四、六级考试大纲（2016年修订版）》词表词目；官方未提供释义,官方词表只列词形，不列例句,1,全国大学英语四、六级考试大纲（2016年修订版）,https://cet.neea.edu.cn/res/Home/1704/55b02330ac17274664f06d9d3db8249d.pdf,21
accustom accustomed,官方词表未提供读音,官方《全国大学英语四、六级考试大纲（2016年修订版）》词表词目；官方未提供释义,官方词表只列词形，不列例句,1,全国大学英语四、六级考试大纲（2016年修订版）,https://cet.neea.edu.cn/res/Home/1704/55b02330ac17274664f06d9d3db8249d.pdf,21
ace,官方词表未提供读音,官方《全国大学英语四、六级考试大纲（2016年修订版）》词表词目；官方未提供释义,官方词表只列词形，不列例句,1,全国大学英语四、六级考试大纲（2016年修订版）,https://cet.neea.edu.cn/res/Home/1704/55b02330ac17274664f06d9d3db8249d.pdf,22
ache,官方词表未提供读音,官方《全国大学英语四、六级考试大纲（2016年修订版）》词表词目；官方未提供释义,官方词表只列词形，不列例句,1,全国大学英语四、六级考试大纲（2016年修订版）,https://cet.neea.edu.cn/res/Home/1704/55b02330ac17274664f06d9d3db8249d.pdf,22
achieve achievement,官方词表未提供读音,官方《全国大学英语四、六级考试大纲（2016年修订版）》词表词目；官方未提供释义,官方词表只列词形，不列例句,1,全国大学英语四、六级考试大纲（2016年修订版）,https://cet.neea.edu.cn/res/Home/1704/55b02330ac17274664f06d9d3db8249d.pdf,22
acid acidity,官方词表未提供读音,官方《全国大学英语四、六级考试大纲（2016年修订版）》词表词目；官方未提供释义,官方词表只列词形，不列例句,1,全国大学英语四、六级考试大纲（2016年修订版）,https://cet.neea.edu.cn/res/Home/1704/55b02330ac17274664f06d9d3db8249d.pdf,22
acknowledge acknowledgement,官方词表未提供读音,官方《全国大学英语四、六级考试大纲（2016年修订版）》词表词目；官方未提供释义,官方词表只列词形，不列例句,1,全国大学英语四、六级考试大纲（2016年修订版）,https://cet.neea.edu.cn/res/Home/1704/55b02330ac17274664f06d9d3db8249d.pdf,22
acquaint acquaintance,官方词表未提供读音,官方《全国大学英语四、六级考试大纲（2016年修订版）》词表词目；官方未提供释义,官方词表只列词形，不列例句,1,全国大学英语四、六级考试大纲（2016年修订版）,https://cet.neea.edu.cn/res/Home/1704/55b02330ac17274664f06d9d3db8249d.pdf,22
acquire acquisition,官方词表未提供读音,官方《全国大学英语四、六级考试大纲（2016年修订版）》词表词目；官方未提供释义,官方词表只列词形，不列例句,1,全国大学英语四、六级考试大纲（2016年修订版）,https://cet.neea.edu.cn/res/Home/1704/55b02330ac17274664f06d9d3db8249d.pdf,22
acre,官方词表未提供读音,官方《全国大学英语四、六级考试大纲（2016年修订版）》词表词目；官方未提供释义,官方词表只列词形，不列例句,1,全国大学英语四、六级考试大纲（2016年修订版）,https://cet.neea.edu.cn/res/Home/1704/55b02330ac17274664f06d9d3db8249d.pdf,22
across,官方词表未提供读音,官方《全国大学英语四、六级考试大纲（2016年修订版）》词表词目；官方未提供释义,官方词表只列词形，不列例句,1,全国大学英语四、六级考试大纲（2016年修订版）,https://cet.neea.edu.cn/res/Home/1704/55b02330ac17274664f06d9d3db8249d.pdf,22
act action acting,官方词表未提供读音,官方《全国大学英语四、六级考试大纲（2016年修订版）》词表词目；官方未提供释义,官方词表只列词形，不列例句,1,全国大学英语四、六级考试大纲（2016年修订版）,https://cet.neea.edu.cn/res/Home/1704/55b02330ac17274664f06d9d3db8249d.pdf,22
active activity activist,官方词表未提供读音,官方《全国大学英语四、六级考试大纲（2016年修订版）》词表词目；官方未提供释义,官方词表只列词形，不列例句,1,全国大学英语四、六级考试大纲（2016年修订版）,https://cet.neea.edu.cn/res/Home/1704/55b02330ac17274664f06d9d3db8249d.pdf,22
actor actress,官方词表未提供读音,官方《全国大学英语四、六级考试大纲（2016年修订版）》词表词目；官方未提供释义,官方词表只列词形，不列例句,1,全国大学英语四、六级考试大纲（2016年修订版）,https://cet.neea.edu.cn/res/Home/1704/55b02330ac17274664f06d9d3db8249d.pdf,22
actual actually,官方词表未提供读音,官方《全国大学英语四、六级考试大纲（2016年修订版）》词表词目；官方未提供释义,官方词表只列词形，不列例句,1,全国大学英语四、六级考试大纲（2016年修订版）,https://cet.neea.edu.cn/res/Home/1704/55b02330ac17274664f06d9d3db8249d.pdf,22
acute,官方词表未提供读音,官方《全国大学英语四、六级考试大纲（2016年修订版）》词表词目；官方未提供释义,官方词表只列词形，不列例句,1,全国大学英语四、六级考试大纲（2016年修订版）,https://cet.neea.edu.cn/res/Home/1704/55b02330ac17274664f06d9d3db8249d.pdf,22
adapt adaptation adaptive,官方词表未提供读音,官方《全国大学英语四、六级考试大纲（2016年修订版）》词表词目；官方未提供释义,官方词表只列词形，不列例句,1,全国大学英语四、六级考试大纲（2016年修订版）,https://cet.neea.edu.cn/res/Home/1704/55b02330ac17274664f06d9d3db8249d.pdf,22
add addition additional,官方词表未提供读音,官方《全国大学英语四、六级考试大纲（2016年修订版）》词表词目；官方未提供释义,官方词表只列词形，不列例句,1,全国大学英语四、六级考试大纲（2016年修订版）,https://cet.neea.edu.cn/res/Home/1704/55b02330ac17274664f06d9d3db8249d.pdf,22
addict addiction addictive,官方词表未提供读音,官方《全国大学英语四、六级考试大纲（2016年修订版）》词表词目；官方未提供释义,官方词表只列词形，不列例句,1,全国大学英语四、六级考试大纲（2016年修订版）,https://cet.neea.edu.cn/res/Home/1704/55b02330ac17274664f06d9d3db8249d.pdf,22
address,官方词表未提供读音,官方《全国大学英语四、六级考试大纲（2016年修订版）》词表词目；官方未提供释义,官方词表只列词形，不列例句,1,全国大学英语四、六级考试大纲（2016年修订版）,https://cet.neea.edu.cn/res/Home/1704/55b02330ac17274664f06d9d3db8249d.pdf,22
adequate adequacy adequately,官方词表未提供读音,官方《全国大学英语四、六级考试大纲（2016年修订版）》词表词目；官方未提供释义,官方词表只列词形，不列例句,1,全国大学英语四、六级考试大纲（2016年修订版）,https://cet.neea.edu.cn/res/Home/1704/55b02330ac17274664f06d9d3db8249d.pdf,22
adjective,官方词表未提供读音,官方《全国大学英语四、六级考试大纲（2016年修订版）》词表词目；官方未提供释义,官方词表只列词形，不列例句,1,全国大学英语四、六级考试大纲（2016年修订版）,https://cet.neea.edu.cn/res/Home/1704/55b02330ac17274664f06d9d3db8249d.pdf,22
adjust adjustment,官方词表未提供读音,官方《全国大学英语四、六级考试大纲（2016年修订版）》词表词目；官方未提供释义,官方词表只列词形，不列例句,1,全国大学英语四、六级考试大纲（2016年修订版）,https://cet.neea.edu.cn/res/Home/1704/55b02330ac17274664f06d9d3db8249d.pdf,22
administer/administrate administration administrative,官方词表未提供读音,官方《全国大学英语四、六级考试大纲（2016年修订版）》词表词目；官方未提供释义,官方词表只列词形，不列例句,1,全国大学英语四、六级考试大纲（2016年修订版）,https://cet.neea.edu.cn/res/Home/1704/55b02330ac17274664f06d9d3db8249d.pdf,22
admire admiration admirable,官方词表未提供读音,官方《全国大学英语四、六级考试大纲（2016年修订版）》词表词目；官方未提供释义,官方词表只列词形，不列例句,1,全国大学英语四、六级考试大纲（2016年修订版）,https://cet.neea.edu.cn/res/Home/1704/55b02330ac17274664f06d9d3db8249d.pdf,22
admit admission admittance admittedly,官方词表未提供读音,官方《全国大学英语四、六级考试大纲（2016年修订版）》词表词目；官方未提供释义,官方词表只列词形，不列例句,1,全国大学英语四、六级考试大纲（2016年修订版）,https://cet.neea.edu.cn/res/Home/1704/55b02330ac17274664f06d9d3db8249d.pdf,22
adopt adoption,官方词表未提供读音,官方《全国大学英语四、六级考试大纲（2016年修订版）》词表词目；官方未提供释义,官方词表只列词形，不列例句,1,全国大学英语四、六级考试大纲（2016年修订版）,https://cet.neea.edu.cn/res/Home/1704/55b02330ac17274664f06d9d3db8249d.pdf,22
adult adulthood,官方词表未提供读音,官方《全国大学英语四、六级考试大纲（2016年修订版）》词表词目；官方未提供释义,官方词表只列词形，不列例句,1,全国大学英语四、六级考试大纲（2016年修订版）,https://cet.neea.edu.cn/res/Home/1704/55b02330ac17274664f06d9d3db8249d.pdf,22
advance advancement advanced,官方词表未提供读音,官方《全国大学英语四、六级考试大纲（2016年修订版）》词表词目；官方未提供释义,官方词表只列词形，不列例句,1,全国大学英语四、六级考试大纲（2016年修订版）,https://cet.neea.edu.cn/res/Home/1704/55b02330ac17274664f06d9d3db8249d.pdf,22
advantage advantageous,官方词表未提供读音,官方《全国大学英语四、六级考试大纲（2016年修订版）》词表词目；官方未提供释义,官方词表只列词形，不列例句,1,全国大学英语四、六级考试大纲（2016年修订版）,https://cet.neea.edu.cn/res/Home/1704/55b02330ac17274664f06d9d3db8249d.pdf,22
adventure adventurer adventurous,官方词表未提供读音,官方《全国大学英语四、六级考试大纲（2016年修订版）》词表词目；官方未提供释义,官方词表只列词形，不列例句,1,全国大学英语四、六级考试大纲（2016年修订版）,https://cet.neea.edu.cn/res/Home/1704/55b02330ac17274664f06d9d3db8249d.pdf,22
adverb,官方词表未提供读音,官方《全国大学英语四、六级考试大纲（2016年修订版）》词表词目；官方未提供释义,官方词表只列词形，不列例句,1,全国大学英语四、六级考试大纲（2016年修订版）,https://cet.neea.edu.cn/res/Home/1704/55b02330ac17274664f06d9d3db8249d.pdf,22
advertise advertisement/ad advertising,官方词表未提供读音,官方《全国大学英语四、六级考试大纲（2016年修订版）》词表词目；官方未提供释义,官方词表只列词形，不列例句,1,全国大学英语四、六级考试大纲（2016年修订版）,https://cet.neea.edu.cn/res/Home/1704/55b02330ac17274664f06d9d3db8249d.pdf,22
advice,官方词表未提供读音,官方《全国大学英语四、六级考试大纲（2016年修订版）》词表词目；官方未提供释义,官方词表只列词形，不列例句,1,全国大学英语四、六级考试大纲（2016年修订版）,https://cet.neea.edu.cn/res/Home/1704/55b02330ac17274664f06d9d3db8249d.pdf,22
advise advisor/-er advisory advisable,官方词表未提供读音,官方《全国大学英语四、六级考试大纲（2016年修订版）》词表词目；官方未提供释义,官方词表只列词形，不列例句,1,全国大学英语四、六级考试大纲（2016年修订版）,https://cet.neea.edu.cn/res/Home/1704/55b02330ac17274664f06d9d3db8249d.pdf,22
advocate advocacy,官方词表未提供读音,官方《全国大学英语四、六级考试大纲（2016年修订版）》词表词目；官方未提供释义,官方词表只列词形，不列例句,1,全国大学英语四、六级考试大纲（2016年修订版）,https://cet.neea.edu.cn/res/Home/1704/55b02330ac17274664f06d9d3db8249d.pdf,23
aerial,官方词表未提供读音,官方《全国大学英语四、六级考试大纲（2016年修订版）》词表词目；官方未提供释义,官方词表只列词形，不列例句,1,全国大学英语四、六级考试大纲（2016年修订版）,https://cet.neea.edu.cn/res/Home/1704/55b02330ac17274664f06d9d3db8249d.pdf,23
affair,官方词表未提供读音,官方《全国大学英语四、六级考试大纲（2016年修订版）》词表词目；官方未提供释义,官方词表只列词形，不列例句,1,全国大学英语四、六级考试大纲（2016年修订版）,https://cet.neea.edu.cn/res/Home/1704/55b02330ac17274664f06d9d3db8249d.pdf,23
affect,官方词表未提供读音,官方《全国大学英语四、六级考试大纲（2016年修订版）》词表词目；官方未提供释义,官方词表只列词形，不列例句,1,全国大学英语四、六级考试大纲（2016年修订版）,https://cet.neea.edu.cn/res/Home/1704/55b02330ac17274664f06d9d3db8249d.pdf,23
affection affectionate,官方词表未提供读音,官方《全国大学英语四、六级考试大纲（2016年修订版）》词表词目；官方未提供释义,官方词表只列词形，不列例句,1,全国大学英语四、六级考试大纲（2016年修订版）,https://cet.neea.edu.cn/res/Home/1704/55b02330ac17274664f06d9d3db8249d.pdf,23
affluent affluence,官方词表未提供读音,官方《全国大学英语四、六级考试大纲（2016年修订版）》词表词目；官方未提供释义,官方词表只列词形，不列例句,1,全国大学英语四、六级考试大纲（2016年修订版）,https://cet.neea.edu.cn/res/Home/1704/55b02330ac17274664f06d9d3db8249d.pdf,23
afford affordable affordability,官方词表未提供读音,官方《全国大学英语四、六级考试大纲（2016年修订版）》词表词目；官方未提供释义,官方词表只列词形，不列例句,1,全国大学英语四、六级考试大纲（2016年修订版）,https://cet.neea.edu.cn/res/Home/1704/55b02330ac17274664f06d9d3db8249d.pdf,23
afraid,官方词表未提供读音,官方《全国大学英语四、六级考试大纲（2016年修订版）》词表词目；官方未提供释义,官方词表只列词形，不列例句,1,全国大学英语四、六级考试大纲（2016年修订版）,https://cet.neea.edu.cn/res/Home/1704/55b02330ac17274664f06d9d3db8249d.pdf,23
after,官方词表未提供读音,官方《全国大学英语四、六级考试大纲（2016年修订版）》词表词目；官方未提供释义,官方词表只列词形，不列例句,1,全国大学英语四、六级考试大纲（2016年修订版）,https://cet.neea.edu.cn/res/Home/1704/55b02330ac17274664f06d9d3db8249d.pdf,23
afternoon,官方词表未提供读音,官方《全国大学英语四、六级考试大纲（2016年修订版）》词表词目；官方未提供释义,官方词表只列词形，不列例句,1,全国大学英语四、六级考试大纲（2016年修订版）,https://cet.neea.edu.cn/res/Home/1704/55b02330ac17274664f06d9d3db8249d.pdf,23
afterward(s),官方词表未提供读音,官方《全国大学英语四、六级考试大纲（2016年修订版）》词表词目；官方未提供释义,官方词表只列词形，不列例句,1,全国大学英语四、六级考试大纲（2016年修订版）,https://cet.neea.edu.cn/res/Home/1704/55b02330ac17274664f06d9d3db8249d.pdf,23
again,官方词表未提供读音,官方《全国大学英语四、六级考试大纲（2016年修订版）》词表词目；官方未提供释义,官方词表只列词形，不列例句,1,全国大学英语四、六级考试大纲（2016年修订版）,https://cet.neea.edu.cn/res/Home/1704/55b02330ac17274664f06d9d3db8249d.pdf,23
against,官方词表未提供读音,官方《全国大学英语四、六级考试大纲（2016年修订版）》词表词目；官方未提供释义,官方词表只列词形，不列例句,1,全国大学英语四、六级考试大纲（2016年修订版）,https://cet.neea.edu.cn/res/Home/1704/55b02330ac17274664f06d9d3db8249d.pdf,23
age aged ag(e)ing,官方词表未提供读音,官方《全国大学英语四、六级考试大纲（2016年修订版）》词表词目；官方未提供释义,官方词表只列词形，不列例句,1,全国大学英语四、六级考试大纲（2016年修订版）,https://cet.neea.edu.cn/res/Home/1704/55b02330ac17274664f06d9d3db8249d.pdf,23
agenda,官方词表未提供读音,官方《全国大学英语四、六级考试大纲（2016年修订版）》词表词目；官方未提供释义,官方词表只列词形，不列例句,1,全国大学英语四、六级考试大纲（2016年修订版）,https://cet.neea.edu.cn/res/Home/1704/55b02330ac17274664f06d9d3db8249d.pdf,23
agent agency,官方词表未提供读音,官方《全国大学英语四、六级考试大纲（2016年修订版）》词表词目；官方未提供释义,官方词表只列词形，不列例句,1,全国大学英语四、六级考试大纲（2016年修订版）,https://cet.neea.edu.cn/res/Home/1704/55b02330ac17274664f06d9d3db8249d.pdf,23
aggressive aggression,官方词表未提供读音,官方《全国大学英语四、六级考试大纲（2016年修订版）》词表词目；官方未提供释义,官方词表只列词形，不列例句,1,全国大学英语四、六级考试大纲（2016年修订版）,https://cet.neea.edu.cn/res/Home/1704/55b02330ac17274664f06d9d3db8249d.pdf,23
ago,官方词表未提供读音,官方《全国大学英语四、六级考试大纲（2016年修订版）》词表词目；官方未提供释义,官方词表只列词形，不列例句,1,全国大学英语四、六级考试大纲（2016年修订版）,https://cet.neea.edu.cn/res/Home/1704/55b02330ac17274664f06d9d3db8249d.pdf,23
agree agreement agreeable,官方词表未提供读音,官方《全国大学英语四、六级考试大纲（2016年修订版）》词表词目；官方未提供释义,官方词表只列词形，不列例句,1,全国大学英语四、六级考试大纲（2016年修订版）,https://cet.neea.edu.cn/res/Home/1704/55b02330ac17274664f06d9d3db8249d.pdf,23
agriculture agricultural,官方词表未提供读音,官方《全国大学英语四、六级考试大纲（2016年修订版）》词表词目；官方未提供释义,官方词表只列词形，不列例句,1,全国大学英语四、六级考试大纲（2016年修订版）,https://cet.neea.edu.cn/res/Home/1704/55b02330ac17274664f06d9d3db8249d.pdf,23
ahead,官方词表未提供读音,官方《全国大学英语四、六级考试大纲（2016年修订版）》词表词目；官方未提供释义,官方词表只列词形，不列例句,1,全国大学英语四、六级考试大纲（2016年修订版）,https://cet.neea.edu.cn/res/Home/1704/55b02330ac17274664f06d9d3db8249d.pdf,23
aid,官方词表未提供读音,官方《全国大学英语四、六级考试大纲（2016年修订版）》词表词目；官方未提供释义,官方词表只列词形，不列例句,1,全国大学英语四、六级考试大纲（2016年修订版）,https://cet.neea.edu.cn/res/Home/1704/55b02330ac17274664f06d9d3db8249d.pdf,23
AIDS,官方词表未提供读音,官方《全国大学英语四、六级考试大纲（2016年修订版）》词表词目；官方未提供释义,官方词表只列词形，不列例句,1,全国大学英语四、六级考试大纲（2016年修订版）,https://cet.neea.edu.cn/res/Home/1704/55b02330ac17274664f06d9d3db8249d.pdf,23
aim,官方词表未提供读音,官方《全国大学英语四、六级考试大纲（2016年修订版）》词表词目；官方未提供释义,官方词表只列词形，不列例句,1,全国大学英语四、六级考试大纲（2016年修订版）,https://cet.neea.edu.cn/res/Home/1704/55b02330ac17274664f06d9d3db8249d.pdf,23
air,官方词表未提供读音,官方《全国大学英语四、六级考试大纲（2016年修订版）》词表词目；官方未提供释义,官方词表只列词形，不列例句,1,全国大学英语四、六级考试大纲（2016年修订版）,https://cet.neea.edu.cn/res/Home/1704/55b02330ac17274664f06d9d3db8249d.pdf,23
air-conditioning air-conditioner,官方词表未提供读音,官方《全国大学英语四、六级考试大纲（2016年修订版）》词表词目；官方未提供释义,官方词表只列词形，不列例句,1,全国大学英语四、六级考试大纲（2016年修订版）,https://cet.neea.edu.cn/res/Home/1704/55b02330ac17274664f06d9d3db8249d.pdf,23
aircraft,官方词表未提供读音,官方《全国大学英语四、六级考试大纲（2016年修订版）》词表词目；官方未提供释义,官方词表只列词形，不列例句,1,全国大学英语四、六级考试大纲（2016年修订版）,https://cet.neea.edu.cn/res/Home/1704/55b02330ac17274664f06d9d3db8249d.pdf,23
airline,官方词表未提供读音,官方《全国大学英语四、六级考试大纲（2016年修订版）》词表词目；官方未提供释义,官方词表只列词形，不列例句,1,全国大学英语四、六级考试大纲（2016年修订版）,https://cet.neea.edu.cn/res/Home/1704/55b02330ac17274664f06d9d3db8249d.pdf,23
airplane/aeroplane,官方词表未提供读音,官方《全国大学英语四、六级考试大纲（2016年修订版）》词表词目；官方未提供释义,官方词表只列词形，不列例句,1,全国大学英语四、六级考试大纲（2016年修订版）,https://cet.neea.edu.cn/res/Home/1704/55b02330ac17274664f06d9d3db8249d.pdf,23
airport,官方词表未提供读音,官方《全国大学英语四、六级考试大纲（2016年修订版）》词表词目；官方未提供释义,官方词表只列词形，不列例句,1,全国大学英语四、六级考试大纲（2016年修订版）,https://cet.neea.edu.cn/res/Home/1704/55b02330ac17274664f06d9d3db8249d.pdf,24
aisle,官方词表未提供读音,官方《全国大学英语四、六级考试大纲（2016年修订版）》词表词目；官方未提供释义,官方词表只列词形，不列例句,1,全国大学英语四、六级考试大纲（2016年修订版）,https://cet.neea.edu.cn/res/Home/1704/55b02330ac17274664f06d9d3db8249d.pdf,24
alarm,官方词表未提供读音,官方《全国大学英语四、六级考试大纲（2016年修订版）》词表词目；官方未提供释义,官方词表只列词形，不列例句,1,全国大学英语四、六级考试大纲（2016年修订版）,https://cet.neea.edu.cn/res/Home/1704/55b02330ac17274664f06d9d3db8249d.pdf,24
album,官方词表未提供读音,官方《全国大学英语四、六级考试大纲（2016年修订版）》词表词目；官方未提供释义,官方词表只列词形，不列例句,1,全国大学英语四、六级考试大纲（2016年修订版）,https://cet.neea.edu.cn/res/Home/1704/55b02330ac17274664f06d9d3db8249d.pdf,24
alcohol alcoholic,官方词表未提供读音,官方《全国大学英语四、六级考试大纲（2016年修订版）》词表词目；官方未提供释义,官方词表只列词形，不列例句,1,全国大学英语四、六级考试大纲（2016年修订版）,https://cet.neea.edu.cn/res/Home/1704/55b02330ac17274664f06d9d3db8249d.pdf,24
alert,官方词表未提供读音,官方《全国大学英语四、六级考试大纲（2016年修订版）》词表词目；官方未提供释义,官方词表只列词形，不列例句,1,全国大学英语四、六级考试大纲（2016年修订版）,https://cet.neea.edu.cn/res/Home/1704/55b02330ac17274664f06d9d3db8249d.pdf,24
algebra,官方词表未提供读音,官方《全国大学英语四、六级考试大纲（2016年修订版）》词表词目；官方未提供释义,官方词表只列词形，不列例句,1,全国大学英语四、六级考试大纲（2016年修订版）,https://cet.neea.edu.cn/res/Home/1704/55b02330ac17274664f06d9d3db8249d.pdf,24
alike,官方词表未提供读音,官方《全国大学英语四、六级考试大纲（2016年修订版）》词表词目；官方未提供释义,官方词表只列词形，不列例句,1,全国大学英语四、六级考试大纲（2016年修订版）,https://cet.neea.edu.cn/res/Home/1704/55b02330ac17274664f06d9d3db8249d.pdf,24
alive,官方词表未提供读音,官方《全国大学英语四、六级考试大纲（2016年修订版）》词表词目；官方未提供释义,官方词表只列词形，不列例句,1,全国大学英语四、六级考试大纲（2016年修订版）,https://cet.neea.edu.cn/res/Home/1704/55b02330ac17274664f06d9d3db8249d.pdf,24
all,官方词表未提供读音,官方《全国大学英语四、六级考试大纲（2016年修订版）》词表词目；官方未提供释义,官方词表只列词形，不列例句,1,全国大学英语四、六级考试大纲（2016年修订版）,https://cet.neea.edu.cn/res/Home/1704/55b02330ac17274664f06d9d3db8249d.pdf,24
allege allegation alleged allegedly,官方词表未提供读音,官方《全国大学英语四、六级考试大纲（2016年修订版）》词表词目；官方未提供释义,官方词表只列词形，不列例句,1,全国大学英语四、六级考试大纲（2016年修订版）,https://cet.neea.edu.cn/res/Home/1704/55b02330ac17274664f06d9d3db8249d.pdf,24
alley,官方词表未提供读音,官方《全国大学英语四、六级考试大纲（2016年修订版）》词表词目；官方未提供释义,官方词表只列词形，不列例句,1,全国大学英语四、六级考试大纲（2016年修订版）,https://cet.neea.edu.cn/res/Home/1704/55b02330ac17274664f06d9d3db8249d.pdf,24
allow,官方词表未提供读音,官方《全国大学英语四、六级考试大纲（2016年修订版）》词表词目；官方未提供释义,官方词表只列词形，不列例句,1,全国大学英语四、六级考试大纲（2016年修订版）,https://cet.neea.edu.cn/res/Home/1704/55b02330ac17274664f06d9d3db8249d.pdf,24
allowance,官方词表未提供读音,官方《全国大学英语四、六级考试大纲（2016年修订版）》词表词目；官方未提供释义,官方词表只列词形，不列例句,1,全国大学英语四、六级考试大纲（2016年修订版）,https://cet.neea.edu.cn/res/Home/1704/55b02330ac17274664f06d9d3db8249d.pdf,24
ally alliance,官方词表未提供读音,官方《全国大学英语四、六级考试大纲（2016年修订版）》词表词目；官方未提供释义,官方词表只列词形，不列例句,1,全国大学英语四、六级考试大纲（2016年修订版）,https://cet.neea.edu.cn/res/Home/1704/55b02330ac17274664f06d9d3db8249d.pdf,24
almost,官方词表未提供读音,官方《全国大学英语四、六级考试大纲（2016年修订版）》词表词目；官方未提供释义,官方词表只列词形，不列例句,1,全国大学英语四、六级考试大纲（2016年修订版）,https://cet.neea.edu.cn/res/Home/1704/55b02330ac17274664f06d9d3db8249d.pdf,24
alone,官方词表未提供读音,官方《全国大学英语四、六级考试大纲（2016年修订版）》词表词目；官方未提供释义,官方词表只列词形，不列例句,1,全国大学英语四、六级考试大纲（2016年修订版）,https://cet.neea.edu.cn/res/Home/1704/55b02330ac17274664f06d9d3db8249d.pdf,24
along,官方词表未提供读音,官方《全国大学英语四、六级考试大纲（2016年修订版）》词表词目；官方未提供释义,官方词表只列词形，不列例句,1,全国大学英语四、六级考试大纲（2016年修订版）,https://cet.neea.edu.cn/res/Home/1704/55b02330ac17274664f06d9d3db8249d.pdf,24
alongside,官方词表未提供读音,官方《全国大学英语四、六级考试大纲（2016年修订版）》词表词目；官方未提供释义,官方词表只列词形，不列例句,1,全国大学英语四、六级考试大纲（2016年修订版）,https://cet.neea.edu.cn/res/Home/1704/55b02330ac17274664f06d9d3db8249d.pdf,24
aloud,官方词表未提供读音,官方《全国大学英语四、六级考试大纲（2016年修订版）》词表词目；官方未提供释义,官方词表只列词形，不列例句,1,全国大学英语四、六级考试大纲（2016年修订版）,https://cet.neea.edu.cn/res/Home/1704/55b02330ac17274664f06d9d3db8249d.pdf,24
alphabet alphabetic(al),官方词表未提供读音,官方《全国大学英语四、六级考试大纲（2016年修订版）》词表词目；官方未提供释义,官方词表只列词形，不列例句,1,全国大学英语四、六级考试大纲（2016年修订版）,https://cet.neea.edu.cn/res/Home/1704/55b02330ac17274664f06d9d3db8249d.pdf,24
already,官方词表未提供读音,官方《全国大学英语四、六级考试大纲（2016年修订版）》词表词目；官方未提供释义,官方词表只列词形，不列例句,1,全国大学英语四、六级考试大纲（2016年修订版）,https://cet.neea.edu.cn/res/Home/1704/55b02330ac17274664f06d9d3db8249d.pdf,24
also,官方词表未提供读音,官方《全国大学英语四、六级考试大纲（2016年修订版）》词表词目；官方未提供释义,官方词表只列词形，不列例句,1,全国大学英语四、六级考试大纲（2016年修订版）,https://cet.neea.edu.cn/res/Home/1704/55b02330ac17274664f06d9d3db8249d.pdf,24
alter alteration,官方词表未提供读音,官方《全国大学英语四、六级考试大纲（2016年修订版）》词表词目；官方未提供释义,官方词表只列词形，不列例句,1,全国大学英语四、六级考试大纲（2016年修订版）,https://cet.neea.edu.cn/res/Home/1704/55b02330ac17274664f06d9d3db8249d.pdf,24
alternative,官方词表未提供读音,官方《全国大学英语四、六级考试大纲（2016年修订版）》词表词目；官方未提供释义,官方词表只列词形，不列例句,1,全国大学英语四、六级考试大纲（2016年修订版）,https://cet.neea.edu.cn/res/Home/1704/55b02330ac17274664f06d9d3db8249d.pdf,24
although,官方词表未提供读音,官方《全国大学英语四、六级考试大纲（2016年修订版）》词表词目；官方未提供释义,官方词表只列词形，不列例句,1,全国大学英语四、六级考试大纲（2016年修订版）,https://cet.neea.edu.cn/res/Home/1704/55b02330ac17274664f06d9d3db8249d.pdf,24
altitude,官方词表未提供读音,官方《全国大学英语四、六级考试大纲（2016年修订版）》词表词目；官方未提供释义,官方词表只列词形，不列例句,1,全国大学英语四、六级考试大纲（2016年修订版）,https://cet.neea.edu.cn/res/Home/1704/55b02330ac17274664f06d9d3db8249d.pdf,24
altogether,官方词表未提供读音,官方《全国大学英语四、六级考试大纲（2016年修订版）》词表词目；官方未提供释义,官方词表只列词形，不列例句,1,全国大学英语四、六级考试大纲（2016年修订版）,https://cet.neea.edu.cn/res/Home/1704/55b02330ac17274664f06d9d3db8249d.pdf,24
alumin(i)um,官方词表未提供读音,官方《全国大学英语四、六级考试大纲（2016年修订版）》词表词目；官方未提供释义,官方词表只列词形，不列例句,1,全国大学英语四、六级考试大纲（2016年修订版）,https://cet.neea.edu.cn/res/Home/1704/55b02330ac17274664f06d9d3db8249d.pdf,25
always,官方词表未提供读音,官方《全国大学英语四、六级考试大纲（2016年修订版）》词表词目；官方未提供释义,官方词表只列词形，不列例句,1,全国大学英语四、六级考试大纲（2016年修订版）,https://cet.neea.edu.cn/res/Home/1704/55b02330ac17274664f06d9d3db8249d.pdf,25
am,官方词表未提供读音,官方《全国大学英语四、六级考试大纲（2016年修订版）》词表词目；官方未提供释义,官方词表只列词形，不列例句,1,全国大学英语四、六级考试大纲（2016年修订版）,https://cet.neea.edu.cn/res/Home/1704/55b02330ac17274664f06d9d3db8249d.pdf,25
amateur,官方词表未提供读音,官方《全国大学英语四、六级考试大纲（2016年修订版）》词表词目；官方未提供释义,官方词表只列词形，不列例句,1,全国大学英语四、六级考试大纲（2016年修订版）,https://cet.neea.edu.cn/res/Home/1704/55b02330ac17274664f06d9d3db8249d.pdf,25
amaze amazing amazement,官方词表未提供读音,官方《全国大学英语四、六级考试大纲（2016年修订版）》词表词目；官方未提供释义,官方词表只列词形，不列例句,1,全国大学英语四、六级考试大纲（2016年修订版）,https://cet.neea.edu.cn/res/Home/1704/55b02330ac17274664f06d9d3db8249d.pdf,25
ambassador,官方词表未提供读音,官方《全国大学英语四、六级考试大纲（2016年修订版）》词表词目；官方未提供释义,官方词表只列词形，不列例句,1,全国大学英语四、六级考试大纲（2016年修订版）,https://cet.neea.edu.cn/res/Home/1704/55b02330ac17274664f06d9d3db8249d.pdf,25
ambition ambitious,官方词表未提供读音,官方《全国大学英语四、六级考试大纲（2016年修订版）》词表词目；官方未提供释义,官方词表只列词形，不列例句,1,全国大学英语四、六级考试大纲（2016年修订版）,https://cet.neea.edu.cn/res/Home/1704/55b02330ac17274664f06d9d3db8249d.pdf,25
ambulance,官方词表未提供读音,官方《全国大学英语四、六级考试大纲（2016年修订版）》词表词目；官方未提供释义,官方词表只列词形，不列例句,1,全国大学英语四、六级考试大纲（2016年修订版）,https://cet.neea.edu.cn/res/Home/1704/55b02330ac17274664f06d9d3db8249d.pdf,25
amid(st),官方词表未提供读音,官方《全国大学英语四、六级考试大纲（2016年修订版）》词表词目；官方未提供释义,官方词表只列词形，不列例句,1,全国大学英语四、六级考试大纲（2016年修订版）,https://cet.neea.edu.cn/res/Home/1704/55b02330ac17274664f06d9d3db8249d.pdf,25
among(st),官方词表未提供读音,官方《全国大学英语四、六级考试大纲（2016年修订版）》词表词目；官方未提供释义,官方词表只列词形，不列例句,1,全国大学英语四、六级考试大纲（2016年修订版）,https://cet.neea.edu.cn/res/Home/1704/55b02330ac17274664f06d9d3db8249d.pdf,25
amount,官方词表未提供读音,官方《全国大学英语四、六级考试大纲（2016年修订版）》词表词目；官方未提供释义,官方词表只列词形，不列例句,1,全国大学英语四、六级考试大纲（2016年修订版）,https://cet.neea.edu.cn/res/Home/1704/55b02330ac17274664f06d9d3db8249d.pdf,25
ample,官方词表未提供读音,官方《全国大学英语四、六级考试大纲（2016年修订版）》词表词目；官方未提供释义,官方词表只列词形，不列例句,1,全国大学英语四、六级考试大纲（2016年修订版）,https://cet.neea.edu.cn/res/Home/1704/55b02330ac17274664f06d9d3db8249d.pdf,25
amuse amusing amusement,官方词表未提供读音,官方《全国大学英语四、六级考试大纲（2016年修订版）》词表词目；官方未提供释义,官方词表只列词形，不列例句,1,全国大学英语四、六级考试大纲（2016年修订版）,https://cet.neea.edu.cn/res/Home/1704/55b02330ac17274664f06d9d3db8249d.pdf,25
analyze/-yse analysis analytic(al) analyst,官方词表未提供读音,官方《全国大学英语四、六级考试大纲（2016年修订版）》词表词目；官方未提供释义,官方词表只列词形，不列例句,1,全国大学英语四、六级考试大纲（2016年修订版）,https://cet.neea.edu.cn/res/Home/1704/55b02330ac17274664f06d9d3db8249d.pdf,25
ancestor ancestry,官方词表未提供读音,官方《全国大学英语四、六级考试大纲（2016年修订版）》词表词目；官方未提供释义,官方词表只列词形，不列例句,1,全国大学英语四、六级考试大纲（2016年修订版）,https://cet.neea.edu.cn/res/Home/1704/55b02330ac17274664f06d9d3db8249d.pdf,25
anchor anchorage,官方词表未提供读音,官方《全国大学英语四、六级考试大纲（2016年修订版）》词表词目；官方未提供释义,官方词表只列词形，不列例句,1,全国大学英语四、六级考试大纲（2016年修订版）,https://cet.neea.edu.cn/res/Home/1704/55b02330ac17274664f06d9d3db8249d.pdf,25
ancient,官方词表未提供读音,官方《全国大学英语四、六级考试大纲（2016年修订版）》词表词目；官方未提供释义,官方词表只列词形，不列例句,1,全国大学英语四、六级考试大纲（2016年修订版）,https://cet.neea.edu.cn/res/Home/1704/55b02330ac17274664f06d9d3db8249d.pdf,25
and,官方词表未提供读音,官方《全国大学英语四、六级考试大纲（2016年修订版）》词表词目；官方未提供释义,官方词表只列词形，不列例句,1,全国大学英语四、六级考试大纲（2016年修订版）,https://cet.neea.edu.cn/res/Home/1704/55b02330ac17274664f06d9d3db8249d.pdf,25
anew,官方词表未提供读音,官方《全国大学英语四、六级考试大纲（2016年修订版）》词表词目；官方未提供释义,官方词表只列词形，不列例句,1,全国大学英语四、六级考试大纲（2016年修订版）,https://cet.neea.edu.cn/res/Home/1704/55b02330ac17274664f06d9d3db8249d.pdf,25
angel,官方词表未提供读音,官方《全国大学英语四、六级考试大纲（2016年修订版）》词表词目；官方未提供释义,官方词表只列词形，不列例句,1,全国大学英语四、六级考试大纲（2016年修订版）,https://cet.neea.edu.cn/res/Home/1704/55b02330ac17274664f06d9d3db8249d.pdf,25
angle,官方词表未提供读音,官方《全国大学英语四、六级考试大纲（2016年修订版）》词表词目；官方未提供释义,官方词表只列词形，不列例句,1,全国大学英语四、六级考试大纲（2016年修订版）,https://cet.neea.edu.cn/res/Home/1704/55b02330ac17274664f06d9d3db8249d.pdf,25
angry anger,官方词表未提供读音,官方《全国大学英语四、六级考试大纲（2016年修订版）》词表词目；官方未提供释义,官方词表只列词形，不列例句,1,全国大学英语四、六级考试大纲（2016年修订版）,https://cet.neea.edu.cn/res/Home/1704/55b02330ac17274664f06d9d3db8249d.pdf,25
animal,官方词表未提供读音,官方《全国大学英语四、六级考试大纲（2016年修订版）》词表词目；官方未提供释义,官方词表只列词形，不列例句,1,全国大学英语四、六级考试大纲（2016年修订版）,https://cet.neea.edu.cn/res/Home/1704/55b02330ac17274664f06d9d3db8249d.pdf,25
ankle,官方词表未提供读音,官方《全国大学英语四、六级考试大纲（2016年修订版）》词表词目；官方未提供释义,官方词表只列词形，不列例句,1,全国大学英语四、六级考试大纲（2016年修订版）,https://cet.neea.edu.cn/res/Home/1704/55b02330ac17274664f06d9d3db8249d.pdf,25
anniversary,官方词表未提供读音,官方《全国大学英语四、六级考试大纲（2016年修订版）》词表词目；官方未提供释义,官方词表只列词形，不列例句,1,全国大学英语四、六级考试大纲（2016年修订版）,https://cet.neea.edu.cn/res/Home/1704/55b02330ac17274664f06d9d3db8249d.pdf,25
announce announcement,官方词表未提供读音,官方《全国大学英语四、六级考试大纲（2016年修订版）》词表词目；官方未提供释义,官方词表只列词形，不列例句,1,全国大学英语四、六级考试大纲（2016年修订版）,https://cet.neea.edu.cn/res/Home/1704/55b02330ac17274664f06d9d3db8249d.pdf,25
annoy annoyance,官方词表未提供读音,官方《全国大学英语四、六级考试大纲（2016年修订版）》词表词目；官方未提供释义,官方词表只列词形，不列例句,1,全国大学英语四、六级考试大纲（2016年修订版）,https://cet.neea.edu.cn/res/Home/1704/55b02330ac17274664f06d9d3db8249d.pdf,25
annual,官方词表未提供读音,官方《全国大学英语四、六级考试大纲（2016年修订版）》词表词目；官方未提供释义,官方词表只列词形，不列例句,1,全国大学英语四、六级考试大纲（2016年修订版）,https://cet.neea.edu.cn/res/Home/1704/55b02330ac17274664f06d9d3db8249d.pdf,25
another,官方词表未提供读音,官方《全国大学英语四、六级考试大纲（2016年修订版）》词表词目；官方未提供释义,官方词表只列词形，不列例句,1,全国大学英语四、六级考试大纲（2016年修订版）,https://cet.neea.edu.cn/res/Home/1704/55b02330ac17274664f06d9d3db8249d.pdf,25
answer,官方词表未提供读音,官方《全国大学英语四、六级考试大纲（2016年修订版）》词表词目；官方未提供释义,官方词表只列词形，不列例句,1,全国大学英语四、六级考试大纲（2016年修订版）,https://cet.neea.edu.cn/res/Home/1704/55b02330ac17274664f06d9d3db8249d.pdf,26
ant,官方词表未提供读音,官方《全国大学英语四、六级考试大纲（2016年修订版）》词表词目；官方未提供释义,官方词表只列词形，不列例句,1,全国大学英语四、六级考试大纲（2016年修订版）,https://cet.neea.edu.cn/res/Home/1704/55b02330ac17274664f06d9d3db8249d.pdf,26
anticipate anticipation,官方词表未提供读音,官方《全国大学英语四、六级考试大纲（2016年修订版）》词表词目；官方未提供释义,官方词表只列词形，不列例句,1,全国大学英语四、六级考试大纲（2016年修订版）,https://cet.neea.edu.cn/res/Home/1704/55b02330ac17274664f06d9d3db8249d.pdf,26
antique,官方词表未提供读音,官方《全国大学英语四、六级考试大纲（2016年修订版）》词表词目；官方未提供释义,官方词表只列词形，不列例句,1,全国大学英语四、六级考试大纲（2016年修订版）,https://cet.neea.edu.cn/res/Home/1704/55b02330ac17274664f06d9d3db8249d.pdf,26
anxious anxiety,官方词表未提供读音,官方《全国大学英语四、六级考试大纲（2016年修订版）》词表词目；官方未提供释义,官方词表只列词形，不列例句,1,全国大学英语四、六级考试大纲（2016年修订版）,https://cet.neea.edu.cn/res/Home/1704/55b02330ac17274664f06d9d3db8249d.pdf,26
any,官方词表未提供读音,官方《全国大学英语四、六级考试大纲（2016年修订版）》词表词目；官方未提供释义,官方词表只列词形，不列例句,1,全国大学英语四、六级考试大纲（2016年修订版）,https://cet.neea.edu.cn/res/Home/1704/55b02330ac17274664f06d9d3db8249d.pdf,26
anybody/anyone,官方词表未提供读音,官方《全国大学英语四、六级考试大纲（2016年修订版）》词表词目；官方未提供释义,官方词表只列词形，不列例句,1,全国大学英语四、六级考试大纲（2016年修订版）,https://cet.neea.edu.cn/res/Home/1704/55b02330ac17274664f06d9d3db8249d.pdf,26
anyhow,官方词表未提供读音,官方《全国大学英语四、六级考试大纲（2016年修订版）》词表词目；官方未提供释义,官方词表只列词形，不列例句,1,全国大学英语四、六级考试大纲（2016年修订版）,https://cet.neea.edu.cn/res/Home/1704/55b02330ac17274664f06d9d3db8249d.pdf,26
anything,官方词表未提供读音,官方《全国大学英语四、六级考试大纲（2016年修订版）》词表词目；官方未提供释义,官方词表只列词形，不列例句,1,全国大学英语四、六级考试大纲（2016年修订版）,https://cet.neea.edu.cn/res/Home/1704/55b02330ac17274664f06d9d3db8249d.pdf,26
anyway,官方词表未提供读音,官方《全国大学英语四、六级考试大纲（2016年修订版）》词表词目；官方未提供释义,官方词表只列词形，不列例句,1,全国大学英语四、六级考试大纲（2016年修订版）,https://cet.neea.edu.cn/res/Home/1704/55b02330ac17274664f06d9d3db8249d.pdf,26
anywhere,官方词表未提供读音,官方《全国大学英语四、六级考试大纲（2016年修订版）》词表词目；官方未提供释义,官方词表只列词形，不列例句,1,全国大学英语四、六级考试大纲（2016年修订版）,https://cet.neea.edu.cn/res/Home/1704/55b02330ac17274664f06d9d3db8249d.pdf,26
apart,官方词表未提供读音,官方《全国大学英语四、六级考试大纲（2016年修订版）》词表词目；官方未提供释义,官方词表只列词形，不列例句,1,全国大学英语四、六级考试大纲（2016年修订版）,https://cet.neea.edu.cn/res/Home/1704/55b02330ac17274664f06d9d3db8249d.pdf,26
apartment/apt.,官方词表未提供读音,官方《全国大学英语四、六级考试大纲（2016年修订版）》词表词目；官方未提供释义,官方词表只列词形，不列例句,1,全国大学英语四、六级考试大纲（2016年修订版）,https://cet.neea.edu.cn/res/Home/1704/55b02330ac17274664f06d9d3db8249d.pdf,26
apology apologize/-ise apologetic,官方词表未提供读音,官方《全国大学英语四、六级考试大纲（2016年修订版）》词表词目；官方未提供释义,官方词表只列词形，不列例句,1,全国大学英语四、六级考试大纲（2016年修订版）,https://cet.neea.edu.cn/res/Home/1704/55b02330ac17274664f06d9d3db8249d.pdf,26
app,官方词表未提供读音,官方《全国大学英语四、六级考试大纲（2016年修订版）》词表词目；官方未提供释义,官方词表只列词形，不列例句,1,全国大学英语四、六级考试大纲（2016年修订版）,https://cet.neea.edu.cn/res/Home/1704/55b02330ac17274664f06d9d3db8249d.pdf,26
apparatus,官方词表未提供读音,官方《全国大学英语四、六级考试大纲（2016年修订版）》词表词目；官方未提供释义,官方词表只列词形，不列例句,1,全国大学英语四、六级考试大纲（2016年修订版）,https://cet.neea.edu.cn/res/Home/1704/55b02330ac17274664f06d9d3db8249d.pdf,26
apparent apparently,官方词表未提供读音,官方《全国大学英语四、六级考试大纲（2016年修订版）》词表词目；官方未提供释义,官方词表只列词形，不列例句,1,全国大学英语四、六级考试大纲（2016年修订版）,https://cet.neea.edu.cn/res/Home/1704/55b02330ac17274664f06d9d3db8249d.pdf,26
appeal appealing,官方词表未提供读音,官方《全国大学英语四、六级考试大纲（2016年修订版）》词表词目；官方未提供释义,官方词表只列词形，不列例句,1,全国大学英语四、六级考试大纲（2016年修订版）,https://cet.neea.edu.cn/res/Home/1704/55b02330ac17274664f06d9d3db8249d.pdf,26
appear appearance,官方词表未提供读音,官方《全国大学英语四、六级考试大纲（2016年修订版）》词表词目；官方未提供释义,官方词表只列词形，不列例句,1,全国大学英语四、六级考试大纲（2016年修订版）,https://cet.neea.edu.cn/res/Home/1704/55b02330ac17274664f06d9d3db8249d.pdf,26
appetite,官方词表未提供读音,官方《全国大学英语四、六级考试大纲（2016年修订版）》词表词目；官方未提供释义,官方词表只列词形，不列例句,1,全国大学英语四、六级考试大纲（2016年修订版）,https://cet.neea.edu.cn/res/Home/1704/55b02330ac17274664f06d9d3db8249d.pdf,26
applaud applause,官方词表未提供读音,官方《全国大学英语四、六级考试大纲（2016年修订版）》词表词目；官方未提供释义,官方词表只列词形，不列例句,1,全国大学英语四、六级考试大纲（2016年修订版）,https://cet.neea.edu.cn/res/Home/1704/55b02330ac17274664f06d9d3db8249d.pdf,26
apple,官方词表未提供读音,官方《全国大学英语四、六级考试大纲（2016年修订版）》词表词目；官方未提供释义,官方词表只列词形，不列例句,1,全国大学英语四、六级考试大纲（2016年修订版）,https://cet.neea.edu.cn/res/Home/1704/55b02330ac17274664f06d9d3db8249d.pdf,26
appliance,官方词表未提供读音,官方《全国大学英语四、六级考试大纲（2016年修订版）》词表词目；官方未提供释义,官方词表只列词形，不列例句,1,全国大学英语四、六级考试大纲（2016年修订版）,https://cet.neea.edu.cn/res/Home/1704/55b02330ac17274664f06d9d3db8249d.pdf,26
apply application applicant applicable,官方词表未提供读音,官方《全国大学英语四、六级考试大纲（2016年修订版）》词表词目；官方未提供释义,官方词表只列词形，不列例句,1,全国大学英语四、六级考试大纲（2016年修订版）,https://cet.neea.edu.cn/res/Home/1704/55b02330ac17274664f06d9d3db8249d.pdf,26
appoint appointment,官方词表未提供读音,官方《全国大学英语四、六级考试大纲（2016年修订版）》词表词目；官方未提供释义,官方词表只列词形，不列例句,1,全国大学英语四、六级考试大纲（2016年修订版）,https://cet.neea.edu.cn/res/Home/1704/55b02330ac17274664f06d9d3db8249d.pdf,26
appreciate appreciation appreciative,官方词表未提供读音,官方《全国大学英语四、六级考试大纲（2016年修订版）》词表词目；官方未提供释义,官方词表只列词形，不列例句,1,全国大学英语四、六级考试大纲（2016年修订版）,https://cet.neea.edu.cn/res/Home/1704/55b02330ac17274664f06d9d3db8249d.pdf,26
approach,官方词表未提供读音,官方《全国大学英语四、六级考试大纲（2016年修订版）》词表词目；官方未提供释义,官方词表只列词形，不列例句,1,全国大学英语四、六级考试大纲（2016年修订版）,https://cet.neea.edu.cn/res/Home/1704/55b02330ac17274664f06d9d3db8249d.pdf,26
appropriate,官方词表未提供读音,官方《全国大学英语四、六级考试大纲（2016年修订版）》词表词目；官方未提供释义,官方词表只列词形，不列例句,1,全国大学英语四、六级考试大纲（2016年修订版）,https://cet.neea.edu.cn/res/Home/1704/55b02330ac17274664f06d9d3db8249d.pdf,26
appropriation,官方词表未提供读音,官方《全国大学英语四、六级考试大纲（2016年修订版）》词表词目；官方未提供释义,官方词表只列词形，不列例句,1,全国大学英语四、六级考试大纲（2016年修订版）,https://cet.neea.edu.cn/res/Home/1704/55b02330ac17274664f06d9d3db8249d.pdf,26
approve approval,官方词表未提供读音,官方《全国大学英语四、六级考试大纲（2016年修订版）》词表词目；官方未提供释义,官方词表只列词形，不列例句,1,全国大学英语四、六级考试大纲（2016年修订版）,https://cet.neea.edu.cn/res/Home/1704/55b02330ac17274664f06d9d3db8249d.pdf,26
approximate approximately approximation,官方词表未提供读音,官方《全国大学英语四、六级考试大纲（2016年修订版）》词表词目；官方未提供释义,官方词表只列词形，不列例句,1,全国大学英语四、六级考试大纲（2016年修订版）,https://cet.neea.edu.cn/res/Home/1704/55b02330ac17274664f06d9d3db8249d.pdf,26
April,官方词表未提供读音,官方《全国大学英语四、六级考试大纲（2016年修订版）》词表词目；官方未提供释义,官方词表只列词形，不列例句,1,全国大学英语四、六级考试大纲（2016年修订版）,https://cet.neea.edu.cn/res/Home/1704/55b02330ac17274664f06d9d3db8249d.pdf,26
aptitude,官方词表未提供读音,官方《全国大学英语四、六级考试大纲（2016年修订版）》词表词目；官方未提供释义,官方词表只列词形，不列例句,1,全国大学英语四、六级考试大纲（2016年修订版）,https://cet.neea.edu.cn/res/Home/1704/55b02330ac17274664f06d9d3db8249d.pdf,27
arbitrary arbitrarily,官方词表未提供读音,官方《全国大学英语四、六级考试大纲（2016年修订版）》词表词目；官方未提供释义,官方词表只列词形，不列例句,1,全国大学英语四、六级考试大纲（2016年修订版）,https://cet.neea.edu.cn/res/Home/1704/55b02330ac17274664f06d9d3db8249d.pdf,27
architect,官方词表未提供读音,官方《全国大学英语四、六级考试大纲（2016年修订版）》词表词目；官方未提供释义,官方词表只列词形，不列例句,1,全国大学英语四、六级考试大纲（2016年修订版）,https://cet.neea.edu.cn/res/Home/1704/55b02330ac17274664f06d9d3db8249d.pdf,27
architecture,官方词表未提供读音,官方《全国大学英语四、六级考试大纲（2016年修订版）》词表词目；官方未提供释义,官方词表只列词形，不列例句,1,全国大学英语四、六级考试大纲（2016年修订版）,https://cet.neea.edu.cn/res/Home/1704/55b02330ac17274664f06d9d3db8249d.pdf,27
area,官方词表未提供读音,官方《全国大学英语四、六级考试大纲（2016年修订版）》词表词目；官方未提供释义,官方词表只列词形，不列例句,1,全国大学英语四、六级考试大纲（2016年修订版）,https://cet.neea.edu.cn/res/Home/1704/55b02330ac17274664f06d9d3db8249d.pdf,27
argue argument argumentation argumentative arguable,官方词表未提供读音,官方《全国大学英语四、六级考试大纲（2016年修订版）》词表词目；官方未提供释义,官方词表只列词形，不列例句,1,全国大学英语四、六级考试大纲（2016年修订版）,https://cet.neea.edu.cn/res/Home/1704/55b02330ac17274664f06d9d3db8249d.pdf,27
arise,官方词表未提供读音,官方《全国大学英语四、六级考试大纲（2016年修订版）》词表词目；官方未提供释义,官方词表只列词形，不列例句,1,全国大学英语四、六级考试大纲（2016年修订版）,https://cet.neea.edu.cn/res/Home/1704/55b02330ac17274664f06d9d3db8249d.pdf,27
arithmetic,官方词表未提供读音,官方《全国大学英语四、六级考试大纲（2016年修订版）》词表词目；官方未提供释义,官方词表只列词形，不列例句,1,全国大学英语四、六级考试大纲（2016年修订版）,https://cet.neea.edu.cn/res/Home/1704/55b02330ac17274664f06d9d3db8249d.pdf,27
arm armament,官方词表未提供读音,官方《全国大学英语四、六级考试大纲（2016年修订版）》词表词目；官方未提供释义,官方词表只列词形，不列例句,1,全国大学英语四、六级考试大纲（2016年修订版）,https://cet.neea.edu.cn/res/Home/1704/55b02330ac17274664f06d9d3db8249d.pdf,27
army,官方词表未提供读音,官方《全国大学英语四、六级考试大纲（2016年修订版）》词表词目；官方未提供释义,官方词表只列词形，不列例句,1,全国大学英语四、六级考试大纲（2016年修订版）,https://cet.neea.edu.cn/res/Home/1704/55b02330ac17274664f06d9d3db8249d.pdf,27
around,官方词表未提供读音,官方《全国大学英语四、六级考试大纲（2016年修订版）》词表词目；官方未提供释义,官方词表只列词形，不列例句,1,全国大学英语四、六级考试大纲（2016年修订版）,https://cet.neea.edu.cn/res/Home/1704/55b02330ac17274664f06d9d3db8249d.pdf,27
arouse arousal,官方词表未提供读音,官方《全国大学英语四、六级考试大纲（2016年修订版）》词表词目；官方未提供释义,官方词表只列词形，不列例句,1,全国大学英语四、六级考试大纲（2016年修订版）,https://cet.neea.edu.cn/res/Home/1704/55b02330ac17274664f06d9d3db8249d.pdf,27
arrange arrangement,官方词表未提供读音,官方《全国大学英语四、六级考试大纲（2016年修订版）》词表词目；官方未提供释义,官方词表只列词形，不列例句,1,全国大学英语四、六级考试大纲（2016年修订版）,https://cet.neea.edu.cn/res/Home/1704/55b02330ac17274664f06d9d3db8249d.pdf,27
arrest,官方词表未提供读音,官方《全国大学英语四、六级考试大纲（2016年修订版）》词表词目；官方未提供释义,官方词表只列词形，不列例句,1,全国大学英语四、六级考试大纲（2016年修订版）,https://cet.neea.edu.cn/res/Home/1704/55b02330ac17274664f06d9d3db8249d.pdf,27
arrive arrival,官方词表未提供读音,官方《全国大学英语四、六级考试大纲（2016年修订版）》词表词目；官方未提供释义,官方词表只列词形，不列例句,1,全国大学英语四、六级考试大纲（2016年修订版）,https://cet.neea.edu.cn/res/Home/1704/55b02330ac17274664f06d9d3db8249d.pdf,27
arrow,官方词表未提供读音,官方《全国大学英语四、六级考试大纲（2016年修订版）》词表词目；官方未提供释义,官方词表只列词形，不列例句,1,全国大学英语四、六级考试大纲（2016年修订版）,https://cet.neea.edu.cn/res/Home/1704/55b02330ac17274664f06d9d3db8249d.pdf,27
art artist artistic artistically,官方词表未提供读音,官方《全国大学英语四、六级考试大纲（2016年修订版）》词表词目；官方未提供释义,官方词表只列词形，不列例句,1,全国大学英语四、六级考试大纲（2016年修订版）,https://cet.neea.edu.cn/res/Home/1704/55b02330ac17274664f06d9d3db8249d.pdf,27
article,官方词表未提供读音,官方《全国大学英语四、六级考试大纲（2016年修订版）》词表词目；官方未提供释义,官方词表只列词形，不列例句,1,全国大学英语四、六级考试大纲（2016年修订版）,https://cet.neea.edu.cn/res/Home/1704/55b02330ac17274664f06d9d3db8249d.pdf,27
artificial,官方词表未提供读音,官方《全国大学英语四、六级考试大纲（2016年修订版）》词表词目；官方未提供释义,官方词表只列词形，不列例句,1,全国大学英语四、六级考试大纲（2016年修订版）,https://cet.neea.edu.cn/res/Home/1704/55b02330ac17274664f06d9d3db8249d.pdf,27
as,官方词表未提供读音,官方《全国大学英语四、六级考试大纲（2016年修订版）》词表词目；官方未提供释义,官方词表只列词形，不列例句,1,全国大学英语四、六级考试大纲（2016年修订版）,https://cet.neea.edu.cn/res/Home/1704/55b02330ac17274664f06d9d3db8249d.pdf,27
ash,官方词表未提供读音,官方《全国大学英语四、六级考试大纲（2016年修订版）》词表词目；官方未提供释义,官方词表只列词形，不列例句,1,全国大学英语四、六级考试大纲（2016年修订版）,https://cet.neea.edu.cn/res/Home/1704/55b02330ac17274664f06d9d3db8249d.pdf,27
ashamed,官方词表未提供读音,官方《全国大学英语四、六级考试大纲（2016年修订版）》词表词目；官方未提供释义,官方词表只列词形，不列例句,1,全国大学英语四、六级考试大纲（2016年修订版）,https://cet.neea.edu.cn/res/Home/1704/55b02330ac17274664f06d9d3db8249d.pdf,27
ashore,官方词表未提供读音,官方《全国大学英语四、六级考试大纲（2016年修订版）》词表词目；官方未提供释义,官方词表只列词形，不列例句,1,全国大学英语四、六级考试大纲（2016年修订版）,https://cet.neea.edu.cn/res/Home/1704/55b02330ac17274664f06d9d3db8249d.pdf,27
aside,官方词表未提供读音,官方《全国大学英语四、六级考试大纲（2016年修订版）》词表词目；官方未提供释义,官方词表只列词形，不列例句,1,全国大学英语四、六级考试大纲（2016年修订版）,https://cet.neea.edu.cn/res/Home/1704/55b02330ac17274664f06d9d3db8249d.pdf,28
ask,官方词表未提供读音,官方《全国大学英语四、六级考试大纲（2016年修订版）》词表词目；官方未提供释义,官方词表只列词形，不列例句,1,全国大学英语四、六级考试大纲（2016年修订版）,https://cet.neea.edu.cn/res/Home/1704/55b02330ac17274664f06d9d3db8249d.pdf,28
asleep,官方词表未提供读音,官方《全国大学英语四、六级考试大纲（2016年修订版）》词表词目；官方未提供释义,官方词表只列词形，不列例句,1,全国大学英语四、六级考试大纲（2016年修订版）,https://cet.neea.edu.cn/res/Home/1704/55b02330ac17274664f06d9d3db8249d.pdf,28
aspect,官方词表未提供读音,官方《全国大学英语四、六级考试大纲（2016年修订版）》词表词目；官方未提供释义,官方词表只列词形，不列例句,1,全国大学英语四、六级考试大纲（2016年修订版）,https://cet.neea.edu.cn/res/Home/1704/55b02330ac17274664f06d9d3db8249d.pdf,28
ass,官方词表未提供读音,官方《全国大学英语四、六级考试大纲（2016年修订版）》词表词目；官方未提供释义,官方词表只列词形，不列例句,1,全国大学英语四、六级考试大纲（2016年修订版）,https://cet.neea.edu.cn/res/Home/1704/55b02330ac17274664f06d9d3db8249d.pdf,28
assemble assembly,官方词表未提供读音,官方《全国大学英语四、六级考试大纲（2016年修订版）》词表词目；官方未提供释义,官方词表只列词形，不列例句,1,全国大学英语四、六级考试大纲（2016年修订版）,https://cet.neea.edu.cn/res/Home/1704/55b02330ac17274664f06d9d3db8249d.pdf,28
assess assessment,官方词表未提供读音,官方《全国大学英语四、六级考试大纲（2016年修订版）》词表词目；官方未提供释义,官方词表只列词形，不列例句,1,全国大学英语四、六级考试大纲（2016年修订版）,https://cet.neea.edu.cn/res/Home/1704/55b02330ac17274664f06d9d3db8249d.pdf,28
asset,官方词表未提供读音,官方《全国大学英语四、六级考试大纲（2016年修订版）》词表词目；官方未提供释义,官方词表只列词形，不列例句,1,全国大学英语四、六级考试大纲（2016年修订版）,https://cet.neea.edu.cn/res/Home/1704/55b02330ac17274664f06d9d3db8249d.pdf,28
assign assignment,官方词表未提供读音,官方《全国大学英语四、六级考试大纲（2016年修订版）》词表词目；官方未提供释义,官方词表只列词形，不列例句,1,全国大学英语四、六级考试大纲（2016年修订版）,https://cet.neea.edu.cn/res/Home/1704/55b02330ac17274664f06d9d3db8249d.pdf,28
assist assistance assistant,官方词表未提供读音,官方《全国大学英语四、六级考试大纲（2016年修订版）》词表词目；官方未提供释义,官方词表只列词形，不列例句,1,全国大学英语四、六级考试大纲（2016年修订版）,https://cet.neea.edu.cn/res/Home/1704/55b02330ac17274664f06d9d3db8249d.pdf,28
associate association,官方词表未提供读音,官方《全国大学英语四、六级考试大纲（2016年修订版）》词表词目；官方未提供释义,官方词表只列词形，不列例句,1,全国大学英语四、六级考试大纲（2016年修订版）,https://cet.neea.edu.cn/res/Home/1704/55b02330ac17274664f06d9d3db8249d.pdf,28
assume assumption,官方词表未提供读音,官方《全国大学英语四、六级考试大纲（2016年修订版）》词表词目；官方未提供释义,官方词表只列词形，不列例句,1,全国大学英语四、六级考试大纲（2016年修订版）,https://cet.neea.edu.cn/res/Home/1704/55b02330ac17274664f06d9d3db8249d.pdf,28
assure assurance,官方词表未提供读音,官方《全国大学英语四、六级考试大纲（2016年修订版）》词表词目；官方未提供释义,官方词表只列词形，不列例句,1,全国大学英语四、六级考试大纲（2016年修订版）,https://cet.neea.edu.cn/res/Home/1704/55b02330ac17274664f06d9d3db8249d.pdf,28
astonish astonishment,官方词表未提供读音,官方《全国大学英语四、六级考试大纲（2016年修订版）》词表词目；官方未提供释义,官方词表只列词形，不列例句,1,全国大学英语四、六级考试大纲（2016年修订版）,https://cet.neea.edu.cn/res/Home/1704/55b02330ac17274664f06d9d3db8249d.pdf,28
astronaut,官方词表未提供读音,官方《全国大学英语四、六级考试大纲（2016年修订版）》词表词目；官方未提供释义,官方词表只列词形，不列例句,1,全国大学英语四、六级考试大纲（2016年修订版）,https://cet.neea.edu.cn/res/Home/1704/55b02330ac17274664f06d9d3db8249d.pdf,28
astronomy astronomer astronomical,官方词表未提供读音,官方《全国大学英语四、六级考试大纲（2016年修订版）》词表词目；官方未提供释义,官方词表只列词形，不列例句,1,全国大学英语四、六级考试大纲（2016年修订版）,https://cet.neea.edu.cn/res/Home/1704/55b02330ac17274664f06d9d3db8249d.pdf,28
at,官方词表未提供读音,官方《全国大学英语四、六级考试大纲（2016年修订版）》词表词目；官方未提供释义,官方词表只列词形，不列例句,1,全国大学英语四、六级考试大纲（2016年修订版）,https://cet.neea.edu.cn/res/Home/1704/55b02330ac17274664f06d9d3db8249d.pdf,28
athlete athletic,官方词表未提供读音,官方《全国大学英语四、六级考试大纲（2016年修订版）》词表词目；官方未提供释义,官方词表只列词形，不列例句,1,全国大学英语四、六级考试大纲（2016年修订版）,https://cet.neea.edu.cn/res/Home/1704/55b02330ac17274664f06d9d3db8249d.pdf,28
atmosphere atmospheric,官方词表未提供读音,官方《全国大学英语四、六级考试大纲（2016年修订版）》词表词目；官方未提供释义,官方词表只列词形，不列例句,1,全国大学英语四、六级考试大纲（2016年修订版）,https://cet.neea.edu.cn/res/Home/1704/55b02330ac17274664f06d9d3db8249d.pdf,28
atom atomic,官方词表未提供读音,官方《全国大学英语四、六级考试大纲（2016年修订版）》词表词目；官方未提供释义,官方词表只列词形，不列例句,1,全国大学英语四、六级考试大纲（2016年修订版）,https://cet.neea.edu.cn/res/Home/1704/55b02330ac17274664f06d9d3db8249d.pdf,28
atop,官方词表未提供读音,官方《全国大学英语四、六级考试大纲（2016年修订版）》词表词目；官方未提供释义,官方词表只列词形，不列例句,1,全国大学英语四、六级考试大纲（2016年修订版）,https://cet.neea.edu.cn/res/Home/1704/55b02330ac17274664f06d9d3db8249d.pdf,28
attach attachment,官方词表未提供读音,官方《全国大学英语四、六级考试大纲（2016年修订版）》词表词目；官方未提供释义,官方词表只列词形，不列例句,1,全国大学英语四、六级考试大纲（2016年修订版）,https://cet.neea.edu.cn/res/Home/1704/55b02330ac17274664f06d9d3db8249d.pdf,28
attack,官方词表未提供读音,官方《全国大学英语四、六级考试大纲（2016年修订版）》词表词目；官方未提供释义,官方词表只列词形，不列例句,1,全国大学英语四、六级考试大纲（2016年修订版）,https://cet.neea.edu.cn/res/Home/1704/55b02330ac17274664f06d9d3db8249d.pdf,28
attain attainment,官方词表未提供读音,官方《全国大学英语四、六级考试大纲（2016年修订版）》词表词目；官方未提供释义,官方词表只列词形，不列例句,1,全国大学英语四、六级考试大纲（2016年修订版）,https://cet.neea.edu.cn/res/Home/1704/55b02330ac17274664f06d9d3db8249d.pdf,28
attempt,官方词表未提供读音,官方《全国大学英语四、六级考试大纲（2016年修订版）》词表词目；官方未提供释义,官方词表只列词形，不列例句,1,全国大学英语四、六级考试大纲（2016年修订版）,https://cet.neea.edu.cn/res/Home/1704/55b02330ac17274664f06d9d3db8249d.pdf,28
attend attendance attendant,官方词表未提供读音,官方《全国大学英语四、六级考试大纲（2016年修订版）》词表词目；官方未提供释义,官方词表只列词形，不列例句,1,全国大学英语四、六级考试大纲（2016年修订版）,https://cet.neea.edu.cn/res/Home/1704/55b02330ac17274664f06d9d3db8249d.pdf,28
attention attentive,官方词表未提供读音,官方《全国大学英语四、六级考试大纲（2016年修订版）》词表词目；官方未提供释义,官方词表只列词形，不列例句,1,全国大学英语四、六级考试大纲（2016年修订版）,https://cet.neea.edu.cn/res/Home/1704/55b02330ac17274664f06d9d3db8249d.pdf,28
attic,官方词表未提供读音,官方《全国大学英语四、六级考试大纲（2016年修订版）》词表词目；官方未提供释义,官方词表只列词形，不列例句,1,全国大学英语四、六级考试大纲（2016年修订版）,https://cet.neea.edu.cn/res/Home/1704/55b02330ac17274664f06d9d3db8249d.pdf,28
attitude,官方词表未提供读音,官方《全国大学英语四、六级考试大纲（2016年修订版）》词表词目；官方未提供释义,官方词表只列词形，不列例句,1,全国大学英语四、六级考试大纲（2016年修订版）,https://cet.neea.edu.cn/res/Home/1704/55b02330ac17274664f06d9d3db8249d.pdf,28
attorney,官方词表未提供读音,官方《全国大学英语四、六级考试大纲（2016年修订版）》词表词目；官方未提供释义,官方词表只列词形，不列例句,1,全国大学英语四、六级考试大纲（2016年修订版）,https://cet.neea.edu.cn/res/Home/1704/55b02330ac17274664f06d9d3db8249d.pdf,28
attract attraction attractive,官方词表未提供读音,官方《全国大学英语四、六级考试大纲（2016年修订版）》词表词目；官方未提供释义,官方词表只列词形，不列例句,1,全国大学英语四、六级考试大纲（2016年修订版）,https://cet.neea.edu.cn/res/Home/1704/55b02330ac17274664f06d9d3db8249d.pdf,28
attribute attributable attributive,官方词表未提供读音,官方《全国大学英语四、六级考试大纲（2016年修订版）》词表词目；官方未提供释义,官方词表只列词形，不列例句,1,全国大学英语四、六级考试大纲（2016年修订版）,https://cet.neea.edu.cn/res/Home/1704/55b02330ac17274664f06d9d3db8249d.pdf,29
audience,官方词表未提供读音,官方《全国大学英语四、六级考试大纲（2016年修订版）》词表词目；官方未提供释义,官方词表只列词形，不列例句,1,全国大学英语四、六级考试大纲（2016年修订版）,https://cet.neea.edu.cn/res/Home/1704/55b02330ac17274664f06d9d3db8249d.pdf,29
audio,官方词表未提供读音,官方《全国大学英语四、六级考试大纲（2016年修订版）》词表词目；官方未提供释义,官方词表只列词形，不列例句,1,全国大学英语四、六级考试大纲（2016年修订版）,https://cet.neea.edu.cn/res/Home/1704/55b02330ac17274664f06d9d3db8249d.pdf,29
auditorium,官方词表未提供读音,官方《全国大学英语四、六级考试大纲（2016年修订版）》词表词目；官方未提供释义,官方词表只列词形，不列例句,1,全国大学英语四、六级考试大纲（2016年修订版）,https://cet.neea.edu.cn/res/Home/1704/55b02330ac17274664f06d9d3db8249d.pdf,29
August,官方词表未提供读音,官方《全国大学英语四、六级考试大纲（2016年修订版）》词表词目；官方未提供释义,官方词表只列词形，不列例句,1,全国大学英语四、六级考试大纲（2016年修订版）,https://cet.neea.edu.cn/res/Home/1704/55b02330ac17274664f06d9d3db8249d.pdf,29
aunt auntie,官方词表未提供读音,官方《全国大学英语四、六级考试大纲（2016年修订版）》词表词目；官方未提供释义,官方词表只列词形，不列例句,1,全国大学英语四、六级考试大纲（2016年修订版）,https://cet.neea.edu.cn/res/Home/1704/55b02330ac17274664f06d9d3db8249d.pdf,29
authentic authenticity,官方词表未提供读音,官方《全国大学英语四、六级考试大纲（2016年修订版）》词表词目；官方未提供释义,官方词表只列词形，不列例句,1,全国大学英语四、六级考试大纲（2016年修订版）,https://cet.neea.edu.cn/res/Home/1704/55b02330ac17274664f06d9d3db8249d.pdf,29
author,官方词表未提供读音,官方《全国大学英语四、六级考试大纲（2016年修订版）》词表词目；官方未提供释义,官方词表只列词形，不列例句,1,全国大学英语四、六级考试大纲（2016年修订版）,https://cet.neea.edu.cn/res/Home/1704/55b02330ac17274664f06d9d3db8249d.pdf,29
authority authoritative,官方词表未提供读音,官方《全国大学英语四、六级考试大纲（2016年修订版）》词表词目；官方未提供释义,官方词表只列词形，不列例句,1,全国大学英语四、六级考试大纲（2016年修订版）,https://cet.neea.edu.cn/res/Home/1704/55b02330ac17274664f06d9d3db8249d.pdf,29
authorize/-ise authorization/-sation,官方词表未提供读音,官方《全国大学英语四、六级考试大纲（2016年修订版）》词表词目；官方未提供释义,官方词表只列词形，不列例句,1,全国大学英语四、六级考试大纲（2016年修订版）,https://cet.neea.edu.cn/res/Home/1704/55b02330ac17274664f06d9d3db8249d.pdf,29
auto(mobile),官方词表未提供读音,官方《全国大学英语四、六级考试大纲（2016年修订版）》词表词目；官方未提供释义,官方词表只列词形，不列例句,1,全国大学英语四、六级考试大纲（2016年修订版）,https://cet.neea.edu.cn/res/Home/1704/55b02330ac17274664f06d9d3db8249d.pdf,29
automate automation automatic automatically,官方词表未提供读音,官方《全国大学英语四、六级考试大纲（2016年修订版）》词表词目；官方未提供释义,官方词表只列词形，不列例句,1,全国大学英语四、六级考试大纲（2016年修订版）,https://cet.neea.edu.cn/res/Home/1704/55b02330ac17274664f06d9d3db8249d.pdf,29
autumn,官方词表未提供读音,官方《全国大学英语四、六级考试大纲（2016年修订版）》词表词目；官方未提供释义,官方词表只列词形，不列例句,1,全国大学英语四、六级考试大纲（2016年修订版）,https://cet.neea.edu.cn/res/Home/1704/55b02330ac17274664f06d9d3db8249d.pdf,29
available availability,官方词表未提供读音,官方《全国大学英语四、六级考试大纲（2016年修订版）》词表词目；官方未提供释义,官方词表只列词形，不列例句,1,全国大学英语四、六级考试大纲（2016年修订版）,https://cet.neea.edu.cn/res/Home/1704/55b02330ac17274664f06d9d3db8249d.pdf,29
avenue,官方词表未提供读音,官方《全国大学英语四、六级考试大纲（2016年修订版）》词表词目；官方未提供释义,官方词表只列词形，不列例句,1,全国大学英语四、六级考试大纲（2016年修订版）,https://cet.neea.edu.cn/res/Home/1704/55b02330ac17274664f06d9d3db8249d.pdf,29
average,官方词表未提供读音,官方《全国大学英语四、六级考试大纲（2016年修订版）》词表词目；官方未提供释义,官方词表只列词形，不列例句,1,全国大学英语四、六级考试大纲（2016年修订版）,https://cet.neea.edu.cn/res/Home/1704/55b02330ac17274664f06d9d3db8249d.pdf,29
aviation,官方词表未提供读音,官方《全国大学英语四、六级考试大纲（2016年修订版）》词表词目；官方未提供释义,官方词表只列词形，不列例句,1,全国大学英语四、六级考试大纲（2016年修订版）,https://cet.neea.edu.cn/res/Home/1704/55b02330ac17274664f06d9d3db8249d.pdf,29
avoid avoidance,官方词表未提供读音,官方《全国大学英语四、六级考试大纲（2016年修订版）》词表词目；官方未提供释义,官方词表只列词形，不列例句,1,全国大学英语四、六级考试大纲（2016年修订版）,https://cet.neea.edu.cn/res/Home/1704/55b02330ac17274664f06d9d3db8249d.pdf,29
await,官方词表未提供读音,官方《全国大学英语四、六级考试大纲（2016年修订版）》词表词目；官方未提供释义,官方词表只列词形，不列例句,1,全国大学英语四、六级考试大纲（2016年修订版）,https://cet.neea.edu.cn/res/Home/1704/55b02330ac17274664f06d9d3db8249d.pdf,29
awake,官方词表未提供读音,官方《全国大学英语四、六级考试大纲（2016年修订版）》词表词目；官方未提供释义,官方词表只列词形，不列例句,1,全国大学英语四、六级考试大纲（2016年修订版）,https://cet.neea.edu.cn/res/Home/1704/55b02330ac17274664f06d9d3db8249d.pdf,29
award,官方词表未提供读音,官方《全国大学英语四、六级考试大纲（2016年修订版）》词表词目；官方未提供释义,官方词表只列词形，不列例句,1,全国大学英语四、六级考试大纲（2016年修订版）,https://cet.neea.edu.cn/res/Home/1704/55b02330ac17274664f06d9d3db8249d.pdf,29
aware awareness,官方词表未提供读音,官方《全国大学英语四、六级考试大纲（2016年修订版）》词表词目；官方未提供释义,官方词表只列词形，不列例句,1,全国大学英语四、六级考试大纲（2016年修订版）,https://cet.neea.edu.cn/res/Home/1704/55b02330ac17274664f06d9d3db8249d.pdf,29
away,官方词表未提供读音,官方《全国大学英语四、六级考试大纲（2016年修订版）》词表词目；官方未提供释义,官方词表只列词形，不列例句,1,全国大学英语四、六级考试大纲（2016年修订版）,https://cet.neea.edu.cn/res/Home/1704/55b02330ac17274664f06d9d3db8249d.pdf,29
awe,官方词表未提供读音,官方《全国大学英语四、六级考试大纲（2016年修订版）》词表词目；官方未提供释义,官方词表只列词形，不列例句,1,全国大学英语四、六级考试大纲（2016年修订版）,https://cet.neea.edu.cn/res/Home/1704/55b02330ac17274664f06d9d3db8249d.pdf,29
awesome,官方词表未提供读音,官方《全国大学英语四、六级考试大纲（2016年修订版）》词表词目；官方未提供释义,官方词表只列词形，不列例句,1,全国大学英语四、六级考试大纲（2016年修订版）,https://cet.neea.edu.cn/res/Home/1704/55b02330ac17274664f06d9d3db8249d.pdf,29
awful,官方词表未提供读音,官方《全国大学英语四、六级考试大纲（2016年修订版）》词表词目；官方未提供释义,官方词表只列词形，不列例句,1,全国大学英语四、六级考试大纲（2016年修订版）,https://cet.neea.edu.cn/res/Home/1704/55b02330ac17274664f06d9d3db8249d.pdf,29
awkward,官方词表未提供读音,官方《全国大学英语四、六级考试大纲（2016年修订版）》词表词目；官方未提供释义,官方词表只列词形，不列例句,1,全国大学英语四、六级考试大纲（2016年修订版）,https://cet.neea.edu.cn/res/Home/1704/55b02330ac17274664f06d9d3db8249d.pdf,29
ax(e),官方词表未提供读音,官方《全国大学英语四、六级考试大纲（2016年修订版）》词表词目；官方未提供释义,官方词表只列词形，不列例句,1,全国大学英语四、六级考试大纲（2016年修订版）,https://cet.neea.edu.cn/res/Home/1704/55b02330ac17274664f06d9d3db8249d.pdf,29
axis,官方词表未提供读音,官方《全国大学英语四、六级考试大纲（2016年修订版）》词表词目；官方未提供释义,官方词表只列词形，不列例句,1,全国大学英语四、六级考试大纲（2016年修订版）,https://cet.neea.edu.cn/res/Home/1704/55b02330ac17274664f06d9d3db8249d.pdf,29
baby,官方词表未提供读音,官方《全国大学英语四、六级考试大纲（2016年修订版）》词表词目；官方未提供释义,官方词表只列词形，不列例句,1,全国大学英语四、六级考试大纲（2016年修订版）,https://cet.neea.edu.cn/res/Home/1704/55b02330ac17274664f06d9d3db8249d.pdf,29
babyboom babyboomer,官方词表未提供读音,官方《全国大学英语四、六级考试大纲（2016年修订版）》词表词目；官方未提供释义,官方词表只列词形，不列例句,1,全国大学英语四、六级考试大纲（2016年修订版）,https://cet.neea.edu.cn/res/Home/1704/55b02330ac17274664f06d9d3db8249d.pdf,29
bachelor,官方词表未提供读音,官方《全国大学英语四、六级考试大纲（2016年修订版）》词表词目；官方未提供释义,官方词表只列词形，不列例句,1,全国大学英语四、六级考试大纲（2016年修订版）,https://cet.neea.edu.cn/res/Home/1704/55b02330ac17274664f06d9d3db8249d.pdf,29
back,官方词表未提供读音,官方《全国大学英语四、六级考试大纲（2016年修订版）》词表词目；官方未提供释义,官方词表只列词形，不列例句,1,全国大学英语四、六级考试大纲（2016年修订版）,https://cet.neea.edu.cn/res/Home/1704/55b02330ac17274664f06d9d3db8249d.pdf,29
background,官方词表未提供读音,官方《全国大学英语四、六级考试大纲（2016年修订版）》词表词目；官方未提供释义,官方词表只列词形，不列例句,1,全国大学英语四、六级考试大纲（2016年修订版）,https://cet.neea.edu.cn/res/Home/1704/55b02330ac17274664f06d9d3db8249d.pdf,30
backup,官方词表未提供读音,官方《全国大学英语四、六级考试大纲（2016年修订版）》词表词目；官方未提供释义,官方词表只列词形，不列例句,1,全国大学英语四、六级考试大纲（2016年修订版）,https://cet.neea.edu.cn/res/Home/1704/55b02330ac17274664f06d9d3db8249d.pdf,30
backward backwards,官方词表未提供读音,官方《全国大学英语四、六级考试大纲（2016年修订版）》词表词目；官方未提供释义,官方词表只列词形，不列例句,1,全国大学英语四、六级考试大纲（2016年修订版）,https://cet.neea.edu.cn/res/Home/1704/55b02330ac17274664f06d9d3db8249d.pdf,30
backyard,官方词表未提供读音,官方《全国大学英语四、六级考试大纲（2016年修订版）》词表词目；官方未提供释义,官方词表只列词形，不列例句,1,全国大学英语四、六级考试大纲（2016年修订版）,https://cet.neea.edu.cn/res/Home/1704/55b02330ac17274664f06d9d3db8249d.pdf,30
bacon,官方词表未提供读音,官方《全国大学英语四、六级考试大纲（2016年修订版）》词表词目；官方未提供释义,官方词表只列词形，不列例句,1,全国大学英语四、六级考试大纲（2016年修订版）,https://cet.neea.edu.cn/res/Home/1704/55b02330ac17274664f06d9d3db8249d.pdf,30
bacteria,官方词表未提供读音,官方《全国大学英语四、六级考试大纲（2016年修订版）》词表词目；官方未提供释义,官方词表只列词形，不列例句,1,全国大学英语四、六级考试大纲（2016年修订版）,https://cet.neea.edu.cn/res/Home/1704/55b02330ac17274664f06d9d3db8249d.pdf,30
bad,官方词表未提供读音,官方《全国大学英语四、六级考试大纲（2016年修订版）》词表词目；官方未提供释义,官方词表只列词形，不列例句,1,全国大学英语四、六级考试大纲（2016年修订版）,https://cet.neea.edu.cn/res/Home/1704/55b02330ac17274664f06d9d3db8249d.pdf,30
badge,官方词表未提供读音,官方《全国大学英语四、六级考试大纲（2016年修订版）》词表词目；官方未提供释义,官方词表只列词形，不列例句,1,全国大学英语四、六级考试大纲（2016年修订版）,https://cet.neea.edu.cn/res/Home/1704/55b02330ac17274664f06d9d3db8249d.pdf,30
badly,官方词表未提供读音,官方《全国大学英语四、六级考试大纲（2016年修订版）》词表词目；官方未提供释义,官方词表只列词形，不列例句,1,全国大学英语四、六级考试大纲（2016年修订版）,https://cet.neea.edu.cn/res/Home/1704/55b02330ac17274664f06d9d3db8249d.pdf,30
badminton,官方词表未提供读音,官方《全国大学英语四、六级考试大纲（2016年修订版）》词表词目；官方未提供释义,官方词表只列词形，不列例句,1,全国大学英语四、六级考试大纲（2016年修订版）,https://cet.neea.edu.cn/res/Home/1704/55b02330ac17274664f06d9d3db8249d.pdf,30
bag,官方词表未提供读音,官方《全国大学英语四、六级考试大纲（2016年修订版）》词表词目；官方未提供释义,官方词表只列词形，不列例句,1,全国大学英语四、六级考试大纲（2016年修订版）,https://cet.neea.edu.cn/res/Home/1704/55b02330ac17274664f06d9d3db8249d.pdf,30
baggage,官方词表未提供读音,官方《全国大学英语四、六级考试大纲（2016年修订版）》词表词目；官方未提供释义,官方词表只列词形，不列例句,1,全国大学英语四、六级考试大纲（2016年修订版）,https://cet.neea.edu.cn/res/Home/1704/55b02330ac17274664f06d9d3db8249d.pdf,30
bail,官方词表未提供读音,官方《全国大学英语四、六级考试大纲（2016年修订版）》词表词目；官方未提供释义,官方词表只列词形，不列例句,1,全国大学英语四、六级考试大纲（2016年修订版）,https://cet.neea.edu.cn/res/Home/1704/55b02330ac17274664f06d9d3db8249d.pdf,30
bait,官方词表未提供读音,官方《全国大学英语四、六级考试大纲（2016年修订版）》词表词目；官方未提供释义,官方词表只列词形，不列例句,1,全国大学英语四、六级考试大纲（2016年修订版）,https://cet.neea.edu.cn/res/Home/1704/55b02330ac17274664f06d9d3db8249d.pdf,30
bake bakery,官方词表未提供读音,官方《全国大学英语四、六级考试大纲（2016年修订版）》词表词目；官方未提供释义,官方词表只列词形，不列例句,1,全国大学英语四、六级考试大纲（2016年修订版）,https://cet.neea.edu.cn/res/Home/1704/55b02330ac17274664f06d9d3db8249d.pdf,30
balance,官方词表未提供读音,官方《全国大学英语四、六级考试大纲（2016年修订版）》词表词目；官方未提供释义,官方词表只列词形，不列例句,1,全国大学英语四、六级考试大纲（2016年修订版）,https://cet.neea.edu.cn/res/Home/1704/55b02330ac17274664f06d9d3db8249d.pdf,30
balcony,官方词表未提供读音,官方《全国大学英语四、六级考试大纲（2016年修订版）》词表词目；官方未提供释义,官方词表只列词形，不列例句,1,全国大学英语四、六级考试大纲（2016年修订版）,https://cet.neea.edu.cn/res/Home/1704/55b02330ac17274664f06d9d3db8249d.pdf,30
ball,官方词表未提供读音,官方《全国大学英语四、六级考试大纲（2016年修订版）》词表词目；官方未提供释义,官方词表只列词形，不列例句,1,全国大学英语四、六级考试大纲（2016年修订版）,https://cet.neea.edu.cn/res/Home/1704/55b02330ac17274664f06d9d3db8249d.pdf,30
ballet,官方词表未提供读音,官方《全国大学英语四、六级考试大纲（2016年修订版）》词表词目；官方未提供释义,官方词表只列词形，不列例句,1,全国大学英语四、六级考试大纲（2016年修订版）,https://cet.neea.edu.cn/res/Home/1704/55b02330ac17274664f06d9d3db8249d.pdf,30
balloon,官方词表未提供读音,官方《全国大学英语四、六级考试大纲（2016年修订版）》词表词目；官方未提供释义,官方词表只列词形，不列例句,1,全国大学英语四、六级考试大纲（2016年修订版）,https://cet.neea.edu.cn/res/Home/1704/55b02330ac17274664f06d9d3db8249d.pdf,30
ballot,官方词表未提供读音,官方《全国大学英语四、六级考试大纲（2016年修订版）》词表词目；官方未提供释义,官方词表只列词形，不列例句,1,全国大学英语四、六级考试大纲（2016年修订版）,https://cet.neea.edu.cn/res/Home/1704/55b02330ac17274664f06d9d3db8249d.pdf,30
bamboo,官方词表未提供读音,官方《全国大学英语四、六级考试大纲（2016年修订版）》词表词目；官方未提供释义,官方词表只列词形，不列例句,1,全国大学英语四、六级考试大纲（2016年修订版）,https://cet.neea.edu.cn/res/Home/1704/55b02330ac17274664f06d9d3db8249d.pdf,30
ban,官方词表未提供读音,官方《全国大学英语四、六级考试大纲（2016年修订版）》词表词目；官方未提供释义,官方词表只列词形，不列例句,1,全国大学英语四、六级考试大纲（2016年修订版）,https://cet.neea.edu.cn/res/Home/1704/55b02330ac17274664f06d9d3db8249d.pdf,30
banana,官方词表未提供读音,官方《全国大学英语四、六级考试大纲（2016年修订版）》词表词目；官方未提供释义,官方词表只列词形，不列例句,1,全国大学英语四、六级考试大纲（2016年修订版）,https://cet.neea.edu.cn/res/Home/1704/55b02330ac17274664f06d9d3db8249d.pdf,30
band,官方词表未提供读音,官方《全国大学英语四、六级考试大纲（2016年修订版）》词表词目；官方未提供释义,官方词表只列词形，不列例句,1,全国大学英语四、六级考试大纲（2016年修订版）,https://cet.neea.edu.cn/res/Home/1704/55b02330ac17274664f06d9d3db8249d.pdf,30
bandage,官方词表未提供读音,官方《全国大学英语四、六级考试大纲（2016年修订版）》词表词目；官方未提供释义,官方词表只列词形，不列例句,1,全国大学英语四、六级考试大纲（2016年修订版）,https://cet.neea.edu.cn/res/Home/1704/55b02330ac17274664f06d9d3db8249d.pdf,30
bang,官方词表未提供读音,官方《全国大学英语四、六级考试大纲（2016年修订版）》词表词目；官方未提供释义,官方词表只列词形，不列例句,1,全国大学英语四、六级考试大纲（2016年修订版）,https://cet.neea.edu.cn/res/Home/1704/55b02330ac17274664f06d9d3db8249d.pdf,30
bank,官方词表未提供读音,官方《全国大学英语四、六级考试大纲（2016年修订版）》词表词目；官方未提供释义,官方词表只列词形，不列例句,1,全国大学英语四、六级考试大纲（2016年修订版）,https://cet.neea.edu.cn/res/Home/1704/55b02330ac17274664f06d9d3db8249d.pdf,30
banking banker,官方词表未提供读音,官方《全国大学英语四、六级考试大纲（2016年修订版）》词表词目；官方未提供释义,官方词表只列词形，不列例句,1,全国大学英语四、六级考试大纲（2016年修订版）,https://cet.neea.edu.cn/res/Home/1704/55b02330ac17274664f06d9d3db8249d.pdf,30
banknote,官方词表未提供读音,官方《全国大学英语四、六级考试大纲（2016年修订版）》词表词目；官方未提供释义,官方词表只列词形，不列例句,1,全国大学英语四、六级考试大纲（2016年修订版）,https://cet.neea.edu.cn/res/Home/1704/55b02330ac17274664f06d9d3db8249d.pdf,30
bankrupt bankruptcy,官方词表未提供读音,官方《全国大学英语四、六级考试大纲（2016年修订版）》词表词目；官方未提供释义,官方词表只列词形，不列例句,1,全国大学英语四、六级考试大纲（2016年修订版）,https://cet.neea.edu.cn/res/Home/1704/55b02330ac17274664f06d9d3db8249d.pdf,30
banner,官方词表未提供读音,官方《全国大学英语四、六级考试大纲（2016年修订版）》词表词目；官方未提供释义,官方词表只列词形，不列例句,1,全国大学英语四、六级考试大纲（2016年修订版）,https://cet.neea.edu.cn/res/Home/1704/55b02330ac17274664f06d9d3db8249d.pdf,30
banquet,官方词表未提供读音,官方《全国大学英语四、六级考试大纲（2016年修订版）》词表词目；官方未提供释义,官方词表只列词形，不列例句,1,全国大学英语四、六级考试大纲（2016年修订版）,https://cet.neea.edu.cn/res/Home/1704/55b02330ac17274664f06d9d3db8249d.pdf,30
bar,官方词表未提供读音,官方《全国大学英语四、六级考试大纲（2016年修订版）》词表词目；官方未提供释义,官方词表只列词形，不列例句,1,全国大学英语四、六级考试大纲（2016年修订版）,https://cet.neea.edu.cn/res/Home/1704/55b02330ac17274664f06d9d3db8249d.pdf,30
barbecue/BBQ,官方词表未提供读音,官方《全国大学英语四、六级考试大纲（2016年修订版）》词表词目；官方未提供释义,官方词表只列词形，不列例句,1,全国大学英语四、六级考试大纲（2016年修订版）,https://cet.neea.edu.cn/res/Home/1704/55b02330ac17274664f06d9d3db8249d.pdf,30
barber,官方词表未提供读音,官方《全国大学英语四、六级考试大纲（2016年修订版）》词表词目；官方未提供释义,官方词表只列词形，不列例句,1,全国大学英语四、六级考试大纲（2016年修订版）,https://cet.neea.edu.cn/res/Home/1704/55b02330ac17274664f06d9d3db8249d.pdf,30
bare barely,官方词表未提供读音,官方《全国大学英语四、六级考试大纲（2016年修订版）》词表词目；官方未提供释义,官方词表只列词形，不列例句,1,全国大学英语四、六级考试大纲（2016年修订版）,https://cet.neea.edu.cn/res/Home/1704/55b02330ac17274664f06d9d3db8249d.pdf,30
bargain,官方词表未提供读音,官方《全国大学英语四、六级考试大纲（2016年修订版）》词表词目；官方未提供释义,官方词表只列词形，不列例句,1,全国大学英语四、六级考试大纲（2016年修订版）,https://cet.neea.edu.cn/res/Home/1704/55b02330ac17274664f06d9d3db8249d.pdf,30
bark,官方词表未提供读音,官方《全国大学英语四、六级考试大纲（2016年修订版）》词表词目；官方未提供释义,官方词表只列词形，不列例句,1,全国大学英语四、六级考试大纲（2016年修订版）,https://cet.neea.edu.cn/res/Home/1704/55b02330ac17274664f06d9d3db8249d.pdf,30
barrel,官方词表未提供读音,官方《全国大学英语四、六级考试大纲（2016年修订版）》词表词目；官方未提供释义,官方词表只列词形，不列例句,1,全国大学英语四、六级考试大纲（2016年修订版）,https://cet.neea.edu.cn/res/Home/1704/55b02330ac17274664f06d9d3db8249d.pdf,31
barrier,官方词表未提供读音,官方《全国大学英语四、六级考试大纲（2016年修订版）》词表词目；官方未提供释义,官方词表只列词形，不列例句,1,全国大学英语四、六级考试大纲（2016年修订版）,https://cet.neea.edu.cn/res/Home/1704/55b02330ac17274664f06d9d3db8249d.pdf,31
base,官方词表未提供读音,官方《全国大学英语四、六级考试大纲（2016年修订版）》词表词目；官方未提供释义,官方词表只列词形，不列例句,1,全国大学英语四、六级考试大纲（2016年修订版）,https://cet.neea.edu.cn/res/Home/1704/55b02330ac17274664f06d9d3db8249d.pdf,31
baseball,官方词表未提供读音,官方《全国大学英语四、六级考试大纲（2016年修订版）》词表词目；官方未提供释义,官方词表只列词形，不列例句,1,全国大学英语四、六级考试大纲（2016年修订版）,https://cet.neea.edu.cn/res/Home/1704/55b02330ac17274664f06d9d3db8249d.pdf,31
basement,官方词表未提供读音,官方《全国大学英语四、六级考试大纲（2016年修订版）》词表词目；官方未提供释义,官方词表只列词形，不列例句,1,全国大学英语四、六级考试大纲（2016年修订版）,https://cet.neea.edu.cn/res/Home/1704/55b02330ac17274664f06d9d3db8249d.pdf,31
basic basically,官方词表未提供读音,官方《全国大学英语四、六级考试大纲（2016年修订版）》词表词目；官方未提供释义,官方词表只列词形，不列例句,1,全国大学英语四、六级考试大纲（2016年修订版）,https://cet.neea.edu.cn/res/Home/1704/55b02330ac17274664f06d9d3db8249d.pdf,31
basin,官方词表未提供读音,官方《全国大学英语四、六级考试大纲（2016年修订版）》词表词目；官方未提供释义,官方词表只列词形，不列例句,1,全国大学英语四、六级考试大纲（2016年修订版）,https://cet.neea.edu.cn/res/Home/1704/55b02330ac17274664f06d9d3db8249d.pdf,31
basis,官方词表未提供读音,官方《全国大学英语四、六级考试大纲（2016年修订版）》词表词目；官方未提供释义,官方词表只列词形，不列例句,1,全国大学英语四、六级考试大纲（2016年修订版）,https://cet.neea.edu.cn/res/Home/1704/55b02330ac17274664f06d9d3db8249d.pdf,31
basket,官方词表未提供读音,官方《全国大学英语四、六级考试大纲（2016年修订版）》词表词目；官方未提供释义,官方词表只列词形，不列例句,1,全国大学英语四、六级考试大纲（2016年修订版）,https://cet.neea.edu.cn/res/Home/1704/55b02330ac17274664f06d9d3db8249d.pdf,31
basketball,官方词表未提供读音,官方《全国大学英语四、六级考试大纲（2016年修订版）》词表词目；官方未提供释义,官方词表只列词形，不列例句,1,全国大学英语四、六级考试大纲（2016年修订版）,https://cet.neea.edu.cn/res/Home/1704/55b02330ac17274664f06d9d3db8249d.pdf,31
bat,官方词表未提供读音,官方《全国大学英语四、六级考试大纲（2016年修订版）》词表词目；官方未提供释义,官方词表只列词形，不列例句,1,全国大学英语四、六级考试大纲（2016年修订版）,https://cet.neea.edu.cn/res/Home/1704/55b02330ac17274664f06d9d3db8249d.pdf,31
batch,官方词表未提供读音,官方《全国大学英语四、六级考试大纲（2016年修订版）》词表词目；官方未提供释义,官方词表只列词形，不列例句,1,全国大学英语四、六级考试大纲（2016年修订版）,https://cet.neea.edu.cn/res/Home/1704/55b02330ac17274664f06d9d3db8249d.pdf,31
bath,官方词表未提供读音,官方《全国大学英语四、六级考试大纲（2016年修订版）》词表词目；官方未提供释义,官方词表只列词形，不列例句,1,全国大学英语四、六级考试大纲（2016年修订版）,https://cet.neea.edu.cn/res/Home/1704/55b02330ac17274664f06d9d3db8249d.pdf,31
bathe,官方词表未提供读音,官方《全国大学英语四、六级考试大纲（2016年修订版）》词表词目；官方未提供释义,官方词表只列词形，不列例句,1,全国大学英语四、六级考试大纲（2016年修订版）,https://cet.neea.edu.cn/res/Home/1704/55b02330ac17274664f06d9d3db8249d.pdf,31
bathroom,官方词表未提供读音,官方《全国大学英语四、六级考试大纲（2016年修订版）》词表词目；官方未提供释义,官方词表只列词形，不列例句,1,全国大学英语四、六级考试大纲（2016年修订版）,https://cet.neea.edu.cn/res/Home/1704/55b02330ac17274664f06d9d3db8249d.pdf,31
battalion,官方词表未提供读音,官方《全国大学英语四、六级考试大纲（2016年修订版）》词表词目；官方未提供释义,官方词表只列词形，不列例句,1,全国大学英语四、六级考试大纲（2016年修订版）,https://cet.neea.edu.cn/res/Home/1704/55b02330ac17274664f06d9d3db8249d.pdf,31
battery,官方词表未提供读音,官方《全国大学英语四、六级考试大纲（2016年修订版）》词表词目；官方未提供释义,官方词表只列词形，不列例句,1,全国大学英语四、六级考试大纲（2016年修订版）,https://cet.neea.edu.cn/res/Home/1704/55b02330ac17274664f06d9d3db8249d.pdf,31
battle,官方词表未提供读音,官方《全国大学英语四、六级考试大纲（2016年修订版）》词表词目；官方未提供释义,官方词表只列词形，不列例句,1,全国大学英语四、六级考试大纲（2016年修订版）,https://cet.neea.edu.cn/res/Home/1704/55b02330ac17274664f06d9d3db8249d.pdf,31
bay,官方词表未提供读音,官方《全国大学英语四、六级考试大纲（2016年修订版）》词表词目；官方未提供释义,官方词表只列词形，不列例句,1,全国大学英语四、六级考试大纲（2016年修订版）,https://cet.neea.edu.cn/res/Home/1704/55b02330ac17274664f06d9d3db8249d.pdf,31
be,官方词表未提供读音,官方《全国大学英语四、六级考试大纲（2016年修订版）》词表词目；官方未提供释义,官方词表只列词形，不列例句,1,全国大学英语四、六级考试大纲（2016年修订版）,https://cet.neea.edu.cn/res/Home/1704/55b02330ac17274664f06d9d3db8249d.pdf,31
beach,官方词表未提供读音,官方《全国大学英语四、六级考试大纲（2016年修订版）》词表词目；官方未提供释义,官方词表只列词形，不列例句,1,全国大学英语四、六级考试大纲（2016年修订版）,https://cet.neea.edu.cn/res/Home/1704/55b02330ac17274664f06d9d3db8249d.pdf,31
beam,官方词表未提供读音,官方《全国大学英语四、六级考试大纲（2016年修订版）》词表词目；官方未提供释义,官方词表只列词形，不列例句,1,全国大学英语四、六级考试大纲（2016年修订版）,https://cet.neea.edu.cn/res/Home/1704/55b02330ac17274664f06d9d3db8249d.pdf,31
bean,官方词表未提供读音,官方《全国大学英语四、六级考试大纲（2016年修订版）》词表词目；官方未提供释义,官方词表只列词形，不列例句,1,全国大学英语四、六级考试大纲（2016年修订版）,https://cet.neea.edu.cn/res/Home/1704/55b02330ac17274664f06d9d3db8249d.pdf,31
bear,官方词表未提供读音,官方《全国大学英语四、六级考试大纲（2016年修订版）》词表词目；官方未提供释义,官方词表只列词形，不列例句,1,全国大学英语四、六级考试大纲（2016年修订版）,https://cet.neea.edu.cn/res/Home/1704/55b02330ac17274664f06d9d3db8249d.pdf,31
beard,官方词表未提供读音,官方《全国大学英语四、六级考试大纲（2016年修订版）》词表词目；官方未提供释义,官方词表只列词形，不列例句,1,全国大学英语四、六级考试大纲（2016年修订版）,https://cet.neea.edu.cn/res/Home/1704/55b02330ac17274664f06d9d3db8249d.pdf,31
bearing,官方词表未提供读音,官方《全国大学英语四、六级考试大纲（2016年修订版）》词表词目；官方未提供释义,官方词表只列词形，不列例句,1,全国大学英语四、六级考试大纲（2016年修订版）,https://cet.neea.edu.cn/res/Home/1704/55b02330ac17274664f06d9d3db8249d.pdf,31
beast,官方词表未提供读音,官方《全国大学英语四、六级考试大纲（2016年修订版）》词表词目；官方未提供释义,官方词表只列词形，不列例句,1,全国大学英语四、六级考试大纲（2016年修订版）,https://cet.neea.edu.cn/res/Home/1704/55b02330ac17274664f06d9d3db8249d.pdf,31
beat,官方词表未提供读音,官方《全国大学英语四、六级考试大纲（2016年修订版）》词表词目；官方未提供释义,官方词表只列词形，不列例句,1,全国大学英语四、六级考试大纲（2016年修订版）,https://cet.neea.edu.cn/res/Home/1704/55b02330ac17274664f06d9d3db8249d.pdf,31
beauty beautiful beautify,官方词表未提供读音,官方《全国大学英语四、六级考试大纲（2016年修订版）》词表词目；官方未提供释义,官方词表只列词形，不列例句,1,全国大学英语四、六级考试大纲（2016年修订版）,https://cet.neea.edu.cn/res/Home/1704/55b02330ac17274664f06d9d3db8249d.pdf,31
because,官方词表未提供读音,官方《全国大学英语四、六级考试大纲（2016年修订版）》词表词目；官方未提供释义,官方词表只列词形，不列例句,1,全国大学英语四、六级考试大纲（2016年修订版）,https://cet.neea.edu.cn/res/Home/1704/55b02330ac17274664f06d9d3db8249d.pdf,31
become,官方词表未提供读音,官方《全国大学英语四、六级考试大纲（2016年修订版）》词表词目；官方未提供释义,官方词表只列词形，不列例句,1,全国大学英语四、六级考试大纲（2016年修订版）,https://cet.neea.edu.cn/res/Home/1704/55b02330ac17274664f06d9d3db8249d.pdf,31
bed bedding,官方词表未提供读音,官方《全国大学英语四、六级考试大纲（2016年修订版）》词表词目；官方未提供释义,官方词表只列词形，不列例句,1,全国大学英语四、六级考试大纲（2016年修订版）,https://cet.neea.edu.cn/res/Home/1704/55b02330ac17274664f06d9d3db8249d.pdf,31
bee,官方词表未提供读音,官方《全国大学英语四、六级考试大纲（2016年修订版）》词表词目；官方未提供释义,官方词表只列词形，不列例句,1,全国大学英语四、六级考试大纲（2016年修订版）,https://cet.neea.edu.cn/res/Home/1704/55b02330ac17274664f06d9d3db8249d.pdf,31
beef,官方词表未提供读音,官方《全国大学英语四、六级考试大纲（2016年修订版）》词表词目；官方未提供释义,官方词表只列词形，不列例句,1,全国大学英语四、六级考试大纲（2016年修订版）,https://cet.neea.edu.cn/res/Home/1704/55b02330ac17274664f06d9d3db8249d.pdf,32
beer,官方词表未提供读音,官方《全国大学英语四、六级考试大纲（2016年修订版）》词表词目；官方未提供释义,官方词表只列词形，不列例句,1,全国大学英语四、六级考试大纲（2016年修订版）,https://cet.neea.edu.cn/res/Home/1704/55b02330ac17274664f06d9d3db8249d.pdf,32
before,官方词表未提供读音,官方《全国大学英语四、六级考试大纲（2016年修订版）》词表词目；官方未提供释义,官方词表只列词形，不列例句,1,全国大学英语四、六级考试大纲（2016年修订版）,https://cet.neea.edu.cn/res/Home/1704/55b02330ac17274664f06d9d3db8249d.pdf,32
beforehand,官方词表未提供读音,官方《全国大学英语四、六级考试大纲（2016年修订版）》词表词目；官方未提供释义,官方词表只列词形，不列例句,1,全国大学英语四、六级考试大纲（2016年修订版）,https://cet.neea.edu.cn/res/Home/1704/55b02330ac17274664f06d9d3db8249d.pdf,32
beg beggar,官方词表未提供读音,官方《全国大学英语四、六级考试大纲（2016年修订版）》词表词目；官方未提供释义,官方词表只列词形，不列例句,1,全国大学英语四、六级考试大纲（2016年修订版）,https://cet.neea.edu.cn/res/Home/1704/55b02330ac17274664f06d9d3db8249d.pdf,32
begin beginning,官方词表未提供读音,官方《全国大学英语四、六级考试大纲（2016年修订版）》词表词目；官方未提供释义,官方词表只列词形，不列例句,1,全国大学英语四、六级考试大纲（2016年修订版）,https://cet.neea.edu.cn/res/Home/1704/55b02330ac17274664f06d9d3db8249d.pdf,32
behalf,官方词表未提供读音,官方《全国大学英语四、六级考试大纲（2016年修订版）》词表词目；官方未提供释义,官方词表只列词形，不列例句,1,全国大学英语四、六级考试大纲（2016年修订版）,https://cet.neea.edu.cn/res/Home/1704/55b02330ac17274664f06d9d3db8249d.pdf,32
behave behavio(u)r behavio(u)ral,官方词表未提供读音,官方《全国大学英语四、六级考试大纲（2016年修订版）》词表词目；官方未提供释义,官方词表只列词形，不列例句,1,全国大学英语四、六级考试大纲（2016年修订版）,https://cet.neea.edu.cn/res/Home/1704/55b02330ac17274664f06d9d3db8249d.pdf,32
behind,官方词表未提供读音,官方《全国大学英语四、六级考试大纲（2016年修订版）》词表词目；官方未提供释义,官方词表只列词形，不列例句,1,全国大学英语四、六级考试大纲（2016年修订版）,https://cet.neea.edu.cn/res/Home/1704/55b02330ac17274664f06d9d3db8249d.pdf,32
being,官方词表未提供读音,官方《全国大学英语四、六级考试大纲（2016年修订版）》词表词目；官方未提供释义,官方词表只列词形，不列例句,1,全国大学英语四、六级考试大纲（2016年修订版）,https://cet.neea.edu.cn/res/Home/1704/55b02330ac17274664f06d9d3db8249d.pdf,32
belief,官方词表未提供读音,官方《全国大学英语四、六级考试大纲（2016年修订版）》词表词目；官方未提供释义,官方词表只列词形，不列例句,1,全国大学英语四、六级考试大纲（2016年修订版）,https://cet.neea.edu.cn/res/Home/1704/55b02330ac17274664f06d9d3db8249d.pdf,32
believe,官方词表未提供读音,官方《全国大学英语四、六级考试大纲（2016年修订版）》词表词目；官方未提供释义,官方词表只列词形，不列例句,1,全国大学英语四、六级考试大纲（2016年修订版）,https://cet.neea.edu.cn/res/Home/1704/55b02330ac17274664f06d9d3db8249d.pdf,32
bell,官方词表未提供读音,官方《全国大学英语四、六级考试大纲（2016年修订版）》词表词目；官方未提供释义,官方词表只列词形，不列例句,1,全国大学英语四、六级考试大纲（2016年修订版）,https://cet.neea.edu.cn/res/Home/1704/55b02330ac17274664f06d9d3db8249d.pdf,32
belly,官方词表未提供读音,官方《全国大学英语四、六级考试大纲（2016年修订版）》词表词目；官方未提供释义,官方词表只列词形，不列例句,1,全国大学英语四、六级考试大纲（2016年修订版）,https://cet.neea.edu.cn/res/Home/1704/55b02330ac17274664f06d9d3db8249d.pdf,32
belong belongings,官方词表未提供读音,官方《全国大学英语四、六级考试大纲（2016年修订版）》词表词目；官方未提供释义,官方词表只列词形，不列例句,1,全国大学英语四、六级考试大纲（2016年修订版）,https://cet.neea.edu.cn/res/Home/1704/55b02330ac17274664f06d9d3db8249d.pdf,32
beloved,官方词表未提供读音,官方《全国大学英语四、六级考试大纲（2016年修订版）》词表词目；官方未提供释义,官方词表只列词形，不列例句,1,全国大学英语四、六级考试大纲（2016年修订版）,https://cet.neea.edu.cn/res/Home/1704/55b02330ac17274664f06d9d3db8249d.pdf,32
below,官方词表未提供读音,官方《全国大学英语四、六级考试大纲（2016年修订版）》词表词目；官方未提供释义,官方词表只列词形，不列例句,1,全国大学英语四、六级考试大纲（2016年修订版）,https://cet.neea.edu.cn/res/Home/1704/55b02330ac17274664f06d9d3db8249d.pdf,32
belt,官方词表未提供读音,官方《全国大学英语四、六级考试大纲（2016年修订版）》词表词目；官方未提供释义,官方词表只列词形，不列例句,1,全国大学英语四、六级考试大纲（2016年修订版）,https://cet.neea.edu.cn/res/Home/1704/55b02330ac17274664f06d9d3db8249d.pdf,32
bench,官方词表未提供读音,官方《全国大学英语四、六级考试大纲（2016年修订版）》词表词目；官方未提供释义,官方词表只列词形，不列例句,1,全国大学英语四、六级考试大纲（2016年修订版）,https://cet.neea.edu.cn/res/Home/1704/55b02330ac17274664f06d9d3db8249d.pdf,32
bend,官方词表未提供读音,官方《全国大学英语四、六级考试大纲（2016年修订版）》词表词目；官方未提供释义,官方词表只列词形，不列例句,1,全国大学英语四、六级考试大纲（2016年修订版）,https://cet.neea.edu.cn/res/Home/1704/55b02330ac17274664f06d9d3db8249d.pdf,32
beneath,官方词表未提供读音,官方《全国大学英语四、六级考试大纲（2016年修订版）》词表词目；官方未提供释义,官方词表只列词形，不列例句,1,全国大学英语四、六级考试大纲（2016年修订版）,https://cet.neea.edu.cn/res/Home/1704/55b02330ac17274664f06d9d3db8249d.pdf,32
benefit beneficial beneficiary,官方词表未提供读音,官方《全国大学英语四、六级考试大纲（2016年修订版）》词表词目；官方未提供释义,官方词表只列词形，不列例句,1,全国大学英语四、六级考试大纲（2016年修订版）,https://cet.neea.edu.cn/res/Home/1704/55b02330ac17274664f06d9d3db8249d.pdf,32
berry,官方词表未提供读音,官方《全国大学英语四、六级考试大纲（2016年修订版）》词表词目；官方未提供释义,官方词表只列词形，不列例句,1,全国大学英语四、六级考试大纲（2016年修订版）,https://cet.neea.edu.cn/res/Home/1704/55b02330ac17274664f06d9d3db8249d.pdf,32
beside,官方词表未提供读音,官方《全国大学英语四、六级考试大纲（2016年修订版）》词表词目；官方未提供释义,官方词表只列词形，不列例句,1,全国大学英语四、六级考试大纲（2016年修订版）,https://cet.neea.edu.cn/res/Home/1704/55b02330ac17274664f06d9d3db8249d.pdf,32
besides,官方词表未提供读音,官方《全国大学英语四、六级考试大纲（2016年修订版）》词表词目；官方未提供释义,官方词表只列词形，不列例句,1,全国大学英语四、六级考试大纲（2016年修订版）,https://cet.neea.edu.cn/res/Home/1704/55b02330ac17274664f06d9d3db8249d.pdf,32
best,官方词表未提供读音,官方《全国大学英语四、六级考试大纲（2016年修订版）》词表词目；官方未提供释义,官方词表只列词形，不列例句,1,全国大学英语四、六级考试大纲（2016年修订版）,https://cet.neea.edu.cn/res/Home/1704/55b02330ac17274664f06d9d3db8249d.pdf,32
best-seller best-selling,官方词表未提供读音,官方《全国大学英语四、六级考试大纲（2016年修订版）》词表词目；官方未提供释义,官方词表只列词形，不列例句,1,全国大学英语四、六级考试大纲（2016年修订版）,https://cet.neea.edu.cn/res/Home/1704/55b02330ac17274664f06d9d3db8249d.pdf,32
bet,官方词表未提供读音,官方《全国大学英语四、六级考试大纲（2016年修订版）》词表词目；官方未提供释义,官方词表只列词形，不列例句,1,全国大学英语四、六级考试大纲（2016年修订版）,https://cet.neea.edu.cn/res/Home/1704/55b02330ac17274664f06d9d3db8249d.pdf,32
betray betrayal,官方词表未提供读音,官方《全国大学英语四、六级考试大纲（2016年修订版）》词表词目；官方未提供释义,官方词表只列词形，不列例句,1,全国大学英语四、六级考试大纲（2016年修订版）,https://cet.neea.edu.cn/res/Home/1704/55b02330ac17274664f06d9d3db8249d.pdf,32
better,官方词表未提供读音,官方《全国大学英语四、六级考试大纲（2016年修订版）》词表词目；官方未提供释义,官方词表只列词形，不列例句,1,全国大学英语四、六级考试大纲（2016年修订版）,https://cet.neea.edu.cn/res/Home/1704/55b02330ac17274664f06d9d3db8249d.pdf,32
between,官方词表未提供读音,官方《全国大学英语四、六级考试大纲（2016年修订版）》词表词目；官方未提供释义,官方词表只列词形，不列例句,1,全国大学英语四、六级考试大纲（2016年修订版）,https://cet.neea.edu.cn/res/Home/1704/55b02330ac17274664f06d9d3db8249d.pdf,32
beverage,官方词表未提供读音,官方《全国大学英语四、六级考试大纲（2016年修订版）》词表词目；官方未提供释义,官方词表只列词形，不列例句,1,全国大学英语四、六级考试大纲（2016年修订版）,https://cet.neea.edu.cn/res/Home/1704/55b02330ac17274664f06d9d3db8249d.pdf,32
beyond,官方词表未提供读音,官方《全国大学英语四、六级考试大纲（2016年修订版）》词表词目；官方未提供释义,官方词表只列词形，不列例句,1,全国大学英语四、六级考试大纲（2016年修订版）,https://cet.neea.edu.cn/res/Home/1704/55b02330ac17274664f06d9d3db8249d.pdf,32
bias,官方词表未提供读音,官方《全国大学英语四、六级考试大纲（2016年修订版）》词表词目；官方未提供释义,官方词表只列词形，不列例句,1,全国大学英语四、六级考试大纲（2016年修订版）,https://cet.neea.edu.cn/res/Home/1704/55b02330ac17274664f06d9d3db8249d.pdf,32
Bible Biblical/biblical,官方词表未提供读音,官方《全国大学英语四、六级考试大纲（2016年修订版）》词表词目；官方未提供释义,官方词表只列词形，不列例句,1,全国大学英语四、六级考试大纲（2016年修订版）,https://cet.neea.edu.cn/res/Home/1704/55b02330ac17274664f06d9d3db8249d.pdf,32
bicycle/bike,官方词表未提供读音,官方《全国大学英语四、六级考试大纲（2016年修订版）》词表词目；官方未提供释义,官方词表只列词形，不列例句,1,全国大学英语四、六级考试大纲（2016年修订版）,https://cet.neea.edu.cn/res/Home/1704/55b02330ac17274664f06d9d3db8249d.pdf,33
bid,官方词表未提供读音,官方《全国大学英语四、六级考试大纲（2016年修订版）》词表词目；官方未提供释义,官方词表只列词形，不列例句,1,全国大学英语四、六级考试大纲（2016年修订版）,https://cet.neea.edu.cn/res/Home/1704/55b02330ac17274664f06d9d3db8249d.pdf,33
big,官方词表未提供读音,官方《全国大学英语四、六级考试大纲（2016年修订版）》词表词目；官方未提供释义,官方词表只列词形，不列例句,1,全国大学英语四、六级考试大纲（2016年修订版）,https://cet.neea.edu.cn/res/Home/1704/55b02330ac17274664f06d9d3db8249d.pdf,33
bill,官方词表未提供读音,官方《全国大学英语四、六级考试大纲（2016年修订版）》词表词目；官方未提供释义,官方词表只列词形，不列例句,1,全国大学英语四、六级考试大纲（2016年修订版）,https://cet.neea.edu.cn/res/Home/1704/55b02330ac17274664f06d9d3db8249d.pdf,33
billion billionaire,官方词表未提供读音,官方《全国大学英语四、六级考试大纲（2016年修订版）》词表词目；官方未提供释义,官方词表只列词形，不列例句,1,全国大学英语四、六级考试大纲（2016年修订版）,https://cet.neea.edu.cn/res/Home/1704/55b02330ac17274664f06d9d3db8249d.pdf,33
bin,官方词表未提供读音,官方《全国大学英语四、六级考试大纲（2016年修订版）》词表词目；官方未提供释义,官方词表只列词形，不列例句,1,全国大学英语四、六级考试大纲（2016年修订版）,https://cet.neea.edu.cn/res/Home/1704/55b02330ac17274664f06d9d3db8249d.pdf,33
bind,官方词表未提供读音,官方《全国大学英语四、六级考试大纲（2016年修订版）》词表词目；官方未提供释义,官方词表只列词形，不列例句,1,全国大学英语四、六级考试大纲（2016年修订版）,https://cet.neea.edu.cn/res/Home/1704/55b02330ac17274664f06d9d3db8249d.pdf,33
biochemistry biochemical biochemist,官方词表未提供读音,官方《全国大学英语四、六级考试大纲（2016年修订版）》词表词目；官方未提供释义,官方词表只列词形，不列例句,1,全国大学英语四、六级考试大纲（2016年修订版）,https://cet.neea.edu.cn/res/Home/1704/55b02330ac17274664f06d9d3db8249d.pdf,33
biography biographical biographer,官方词表未提供读音,官方《全国大学英语四、六级考试大纲（2016年修订版）》词表词目；官方未提供释义,官方词表只列词形，不列例句,1,全国大学英语四、六级考试大纲（2016年修订版）,https://cet.neea.edu.cn/res/Home/1704/55b02330ac17274664f06d9d3db8249d.pdf,33
biology biological biologist,官方词表未提供读音,官方《全国大学英语四、六级考试大纲（2016年修订版）》词表词目；官方未提供释义,官方词表只列词形，不列例句,1,全国大学英语四、六级考试大纲（2016年修订版）,https://cet.neea.edu.cn/res/Home/1704/55b02330ac17274664f06d9d3db8249d.pdf,33
biotechnology,官方词表未提供读音,官方《全国大学英语四、六级考试大纲（2016年修订版）》词表词目；官方未提供释义,官方词表只列词形，不列例句,1,全国大学英语四、六级考试大纲（2016年修订版）,https://cet.neea.edu.cn/res/Home/1704/55b02330ac17274664f06d9d3db8249d.pdf,33
bird,官方词表未提供读音,官方《全国大学英语四、六级考试大纲（2016年修订版）》词表词目；官方未提供释义,官方词表只列词形，不列例句,1,全国大学英语四、六级考试大纲（2016年修订版）,https://cet.neea.edu.cn/res/Home/1704/55b02330ac17274664f06d9d3db8249d.pdf,33
birth,官方词表未提供读音,官方《全国大学英语四、六级考试大纲（2016年修订版）》词表词目；官方未提供释义,官方词表只列词形，不列例句,1,全国大学英语四、六级考试大纲（2016年修订版）,https://cet.neea.edu.cn/res/Home/1704/55b02330ac17274664f06d9d3db8249d.pdf,33
birthday,官方词表未提供读音,官方《全国大学英语四、六级考试大纲（2016年修订版）》词表词目；官方未提供释义,官方词表只列词形，不列例句,1,全国大学英语四、六级考试大纲（2016年修订版）,https://cet.neea.edu.cn/res/Home/1704/55b02330ac17274664f06d9d3db8249d.pdf,33
biscuit,官方词表未提供读音,官方《全国大学英语四、六级考试大纲（2016年修订版）》词表词目；官方未提供释义,官方词表只列词形，不列例句,1,全国大学英语四、六级考试大纲（2016年修订版）,https://cet.neea.edu.cn/res/Home/1704/55b02330ac17274664f06d9d3db8249d.pdf,33
bit,官方词表未提供读音,官方《全国大学英语四、六级考试大纲（2016年修订版）》词表词目；官方未提供释义,官方词表只列词形，不列例句,1,全国大学英语四、六级考试大纲（2016年修订版）,https://cet.neea.edu.cn/res/Home/1704/55b02330ac17274664f06d9d3db8249d.pdf,33
bitch,官方词表未提供读音,官方《全国大学英语四、六级考试大纲（2016年修订版）》词表词目；官方未提供释义,官方词表只列词形，不列例句,1,全国大学英语四、六级考试大纲（2016年修订版）,https://cet.neea.edu.cn/res/Home/1704/55b02330ac17274664f06d9d3db8249d.pdf,33
bite,官方词表未提供读音,官方《全国大学英语四、六级考试大纲（2016年修订版）》词表词目；官方未提供释义,官方词表只列词形，不列例句,1,全国大学英语四、六级考试大纲（2016年修订版）,https://cet.neea.edu.cn/res/Home/1704/55b02330ac17274664f06d9d3db8249d.pdf,33
bitter,官方词表未提供读音,官方《全国大学英语四、六级考试大纲（2016年修订版）》词表词目；官方未提供释义,官方词表只列词形，不列例句,1,全国大学英语四、六级考试大纲（2016年修订版）,https://cet.neea.edu.cn/res/Home/1704/55b02330ac17274664f06d9d3db8249d.pdf,33
black,官方词表未提供读音,官方《全国大学英语四、六级考试大纲（2016年修订版）》词表词目；官方未提供释义,官方词表只列词形，不列例句,1,全国大学英语四、六级考试大纲（2016年修订版）,https://cet.neea.edu.cn/res/Home/1704/55b02330ac17274664f06d9d3db8249d.pdf,33
blackboard,官方词表未提供读音,官方《全国大学英语四、六级考试大纲（2016年修订版）》词表词目；官方未提供释义,官方词表只列词形，不列例句,1,全国大学英语四、六级考试大纲（2016年修订版）,https://cet.neea.edu.cn/res/Home/1704/55b02330ac17274664f06d9d3db8249d.pdf,33
blade,官方词表未提供读音,官方《全国大学英语四、六级考试大纲（2016年修订版）》词表词目；官方未提供释义,官方词表只列词形，不列例句,1,全国大学英语四、六级考试大纲（2016年修订版）,https://cet.neea.edu.cn/res/Home/1704/55b02330ac17274664f06d9d3db8249d.pdf,33
blame,官方词表未提供读音,官方《全国大学英语四、六级考试大纲（2016年修订版）》词表词目；官方未提供释义,官方词表只列词形，不列例句,1,全国大学英语四、六级考试大纲（2016年修订版）,https://cet.neea.edu.cn/res/Home/1704/55b02330ac17274664f06d9d3db8249d.pdf,33
blank,官方词表未提供读音,官方《全国大学英语四、六级考试大纲（2016年修订版）》词表词目；官方未提供释义,官方词表只列词形，不列例句,1,全国大学英语四、六级考试大纲（2016年修订版）,https://cet.neea.edu.cn/res/Home/1704/55b02330ac17274664f06d9d3db8249d.pdf,33
blanket,官方词表未提供读音,官方《全国大学英语四、六级考试大纲（2016年修订版）》词表词目；官方未提供释义,官方词表只列词形，不列例句,1,全国大学英语四、六级考试大纲（2016年修订版）,https://cet.neea.edu.cn/res/Home/1704/55b02330ac17274664f06d9d3db8249d.pdf,33
blast,官方词表未提供读音,官方《全国大学英语四、六级考试大纲（2016年修订版）》词表词目；官方未提供释义,官方词表只列词形，不列例句,1,全国大学英语四、六级考试大纲（2016年修订版）,https://cet.neea.edu.cn/res/Home/1704/55b02330ac17274664f06d9d3db8249d.pdf,33
bleed,官方词表未提供读音,官方《全国大学英语四、六级考试大纲（2016年修订版）》词表词目；官方未提供释义,官方词表只列词形，不列例句,1,全国大学英语四、六级考试大纲（2016年修订版）,https://cet.neea.edu.cn/res/Home/1704/55b02330ac17274664f06d9d3db8249d.pdf,33
blend,官方词表未提供读音,官方《全国大学英语四、六级考试大纲（2016年修订版）》词表词目；官方未提供释义,官方词表只列词形，不列例句,1,全国大学英语四、六级考试大纲（2016年修订版）,https://cet.neea.edu.cn/res/Home/1704/55b02330ac17274664f06d9d3db8249d.pdf,33
bless blessing,官方词表未提供读音,官方《全国大学英语四、六级考试大纲（2016年修订版）》词表词目；官方未提供释义,官方词表只列词形，不列例句,1,全国大学英语四、六级考试大纲（2016年修订版）,https://cet.neea.edu.cn/res/Home/1704/55b02330ac17274664f06d9d3db8249d.pdf,33
blind,官方词表未提供读音,官方《全国大学英语四、六级考试大纲（2016年修订版）》词表词目；官方未提供释义,官方词表只列词形，不列例句,1,全国大学英语四、六级考试大纲（2016年修订版）,https://cet.neea.edu.cn/res/Home/1704/55b02330ac17274664f06d9d3db8249d.pdf,33
block,官方词表未提供读音,官方《全国大学英语四、六级考试大纲（2016年修订版）》词表词目；官方未提供释义,官方词表只列词形，不列例句,1,全国大学英语四、六级考试大纲（2016年修订版）,https://cet.neea.edu.cn/res/Home/1704/55b02330ac17274664f06d9d3db8249d.pdf,33
blog,官方词表未提供读音,官方《全国大学英语四、六级考试大纲（2016年修订版）》词表词目；官方未提供释义,官方词表只列词形，不列例句,1,全国大学英语四、六级考试大纲（2016年修订版）,https://cet.neea.edu.cn/res/Home/1704/55b02330ac17274664f06d9d3db8249d.pdf,34
blond(e),官方词表未提供读音,官方《全国大学英语四、六级考试大纲（2016年修订版）》词表词目；官方未提供释义,官方词表只列词形，不列例句,1,全国大学英语四、六级考试大纲（2016年修订版）,https://cet.neea.edu.cn/res/Home/1704/55b02330ac17274664f06d9d3db8249d.pdf,34
blood bloody,官方词表未提供读音,官方《全国大学英语四、六级考试大纲（2016年修订版）》词表词目；官方未提供释义,官方词表只列词形，不列例句,1,全国大学英语四、六级考试大纲（2016年修订版）,https://cet.neea.edu.cn/res/Home/1704/55b02330ac17274664f06d9d3db8249d.pdf,34
bloom,官方词表未提供读音,官方《全国大学英语四、六级考试大纲（2016年修订版）》词表词目；官方未提供释义,官方词表只列词形，不列例句,1,全国大学英语四、六级考试大纲（2016年修订版）,https://cet.neea.edu.cn/res/Home/1704/55b02330ac17274664f06d9d3db8249d.pdf,34
blossom,官方词表未提供读音,官方《全国大学英语四、六级考试大纲（2016年修订版）》词表词目；官方未提供释义,官方词表只列词形，不列例句,1,全国大学英语四、六级考试大纲（2016年修订版）,https://cet.neea.edu.cn/res/Home/1704/55b02330ac17274664f06d9d3db8249d.pdf,34
blouse,官方词表未提供读音,官方《全国大学英语四、六级考试大纲（2016年修订版）》词表词目；官方未提供释义,官方词表只列词形，不列例句,1,全国大学英语四、六级考试大纲（2016年修订版）,https://cet.neea.edu.cn/res/Home/1704/55b02330ac17274664f06d9d3db8249d.pdf,34
blow,官方词表未提供读音,官方《全国大学英语四、六级考试大纲（2016年修订版）》词表词目；官方未提供释义,官方词表只列词形，不列例句,1,全国大学英语四、六级考试大纲（2016年修订版）,https://cet.neea.edu.cn/res/Home/1704/55b02330ac17274664f06d9d3db8249d.pdf,34
blue,官方词表未提供读音,官方《全国大学英语四、六级考试大纲（2016年修订版）》词表词目；官方未提供释义,官方词表只列词形，不列例句,1,全国大学英语四、六级考试大纲（2016年修订版）,https://cet.neea.edu.cn/res/Home/1704/55b02330ac17274664f06d9d3db8249d.pdf,34
blueprint,官方词表未提供读音,官方《全国大学英语四、六级考试大纲（2016年修订版）》词表词目；官方未提供释义,官方词表只列词形，不列例句,1,全国大学英语四、六级考试大纲（2016年修订版）,https://cet.neea.edu.cn/res/Home/1704/55b02330ac17274664f06d9d3db8249d.pdf,34
blur,官方词表未提供读音,官方《全国大学英语四、六级考试大纲（2016年修订版）》词表词目；官方未提供释义,官方词表只列词形，不列例句,1,全国大学英语四、六级考试大纲（2016年修订版）,https://cet.neea.edu.cn/res/Home/1704/55b02330ac17274664f06d9d3db8249d.pdf,34
board,官方词表未提供读音,官方《全国大学英语四、六级考试大纲（2016年修订版）》词表词目；官方未提供释义,官方词表只列词形，不列例句,1,全国大学英语四、六级考试大纲（2016年修订版）,https://cet.neea.edu.cn/res/Home/1704/55b02330ac17274664f06d9d3db8249d.pdf,34
boast boastful,官方词表未提供读音,官方《全国大学英语四、六级考试大纲（2016年修订版）》词表词目；官方未提供释义,官方词表只列词形，不列例句,1,全国大学英语四、六级考试大纲（2016年修订版）,https://cet.neea.edu.cn/res/Home/1704/55b02330ac17274664f06d9d3db8249d.pdf,34
boat,官方词表未提供读音,官方《全国大学英语四、六级考试大纲（2016年修订版）》词表词目；官方未提供释义,官方词表只列词形，不列例句,1,全国大学英语四、六级考试大纲（2016年修订版）,https://cet.neea.edu.cn/res/Home/1704/55b02330ac17274664f06d9d3db8249d.pdf,34
body bodily,官方词表未提供读音,官方《全国大学英语四、六级考试大纲（2016年修订版）》词表词目；官方未提供释义,官方词表只列词形，不列例句,1,全国大学英语四、六级考试大纲（2016年修订版）,https://cet.neea.edu.cn/res/Home/1704/55b02330ac17274664f06d9d3db8249d.pdf,34
boil boiler,官方词表未提供读音,官方《全国大学英语四、六级考试大纲（2016年修订版）》词表词目；官方未提供释义,官方词表只列词形，不列例句,1,全国大学英语四、六级考试大纲（2016年修订版）,https://cet.neea.edu.cn/res/Home/1704/55b02330ac17274664f06d9d3db8249d.pdf,34
bold,官方词表未提供读音,官方《全国大学英语四、六级考试大纲（2016年修订版）》词表词目；官方未提供释义,官方词表只列词形，不列例句,1,全国大学英语四、六级考试大纲（2016年修订版）,https://cet.neea.edu.cn/res/Home/1704/55b02330ac17274664f06d9d3db8249d.pdf,34
bolt,官方词表未提供读音,官方《全国大学英语四、六级考试大纲（2016年修订版）》词表词目；官方未提供释义,官方词表只列词形，不列例句,1,全国大学英语四、六级考试大纲（2016年修订版）,https://cet.neea.edu.cn/res/Home/1704/55b02330ac17274664f06d9d3db8249d.pdf,34
bomb,官方词表未提供读音,官方《全国大学英语四、六级考试大纲（2016年修订版）》词表词目；官方未提供释义,官方词表只列词形，不列例句,1,全国大学英语四、六级考试大纲（2016年修订版）,https://cet.neea.edu.cn/res/Home/1704/55b02330ac17274664f06d9d3db8249d.pdf,34
bond bondage,官方词表未提供读音,官方《全国大学英语四、六级考试大纲（2016年修订版）》词表词目；官方未提供释义,官方词表只列词形，不列例句,1,全国大学英语四、六级考试大纲（2016年修订版）,https://cet.neea.edu.cn/res/Home/1704/55b02330ac17274664f06d9d3db8249d.pdf,34
bone bony,官方词表未提供读音,官方《全国大学英语四、六级考试大纲（2016年修订版）》词表词目；官方未提供释义,官方词表只列词形，不列例句,1,全国大学英语四、六级考试大纲（2016年修订版）,https://cet.neea.edu.cn/res/Home/1704/55b02330ac17274664f06d9d3db8249d.pdf,34
bonus,官方词表未提供读音,官方《全国大学英语四、六级考试大纲（2016年修订版）》词表词目；官方未提供释义,官方词表只列词形，不列例句,1,全国大学英语四、六级考试大纲（2016年修订版）,https://cet.neea.edu.cn/res/Home/1704/55b02330ac17274664f06d9d3db8249d.pdf,34
book,官方词表未提供读音,官方《全国大学英语四、六级考试大纲（2016年修订版）》词表词目；官方未提供释义,官方词表只列词形，不列例句,1,全国大学英语四、六级考试大纲（2016年修订版）,https://cet.neea.edu.cn/res/Home/1704/55b02330ac17274664f06d9d3db8249d.pdf,34
boom,官方词表未提供读音,官方《全国大学英语四、六级考试大纲（2016年修订版）》词表词目；官方未提供释义,官方词表只列词形，不列例句,1,全国大学英语四、六级考试大纲（2016年修订版）,https://cet.neea.edu.cn/res/Home/1704/55b02330ac17274664f06d9d3db8249d.pdf,34
boost,官方词表未提供读音,官方《全国大学英语四、六级考试大纲（2016年修订版）》词表词目；官方未提供释义,官方词表只列词形，不列例句,1,全国大学英语四、六级考试大纲（2016年修订版）,https://cet.neea.edu.cn/res/Home/1704/55b02330ac17274664f06d9d3db8249d.pdf,34
boot,官方词表未提供读音,官方《全国大学英语四、六级考试大纲（2016年修订版）》词表词目；官方未提供释义,官方词表只列词形，不列例句,1,全国大学英语四、六级考试大纲（2016年修订版）,https://cet.neea.edu.cn/res/Home/1704/55b02330ac17274664f06d9d3db8249d.pdf,34
booth,官方词表未提供读音,官方《全国大学英语四、六级考试大纲（2016年修订版）》词表词目；官方未提供释义,官方词表只列词形，不列例句,1,全国大学英语四、六级考试大纲（2016年修订版）,https://cet.neea.edu.cn/res/Home/1704/55b02330ac17274664f06d9d3db8249d.pdf,34
border,官方词表未提供读音,官方《全国大学英语四、六级考试大纲（2016年修订版）》词表词目；官方未提供释义,官方词表只列词形，不列例句,1,全国大学英语四、六级考试大纲（2016年修订版）,https://cet.neea.edu.cn/res/Home/1704/55b02330ac17274664f06d9d3db8249d.pdf,34
bore,官方词表未提供读音,官方《全国大学英语四、六级考试大纲（2016年修订版）》词表词目；官方未提供释义,官方词表只列词形，不列例句,1,全国大学英语四、六级考试大纲（2016年修订版）,https://cet.neea.edu.cn/res/Home/1704/55b02330ac17274664f06d9d3db8249d.pdf,34
boring,官方词表未提供读音,官方《全国大学英语四、六级考试大纲（2016年修订版）》词表词目；官方未提供释义,官方词表只列词形，不列例句,1,全国大学英语四、六级考试大纲（2016年修订版）,https://cet.neea.edu.cn/res/Home/1704/55b02330ac17274664f06d9d3db8249d.pdf,34
born,官方词表未提供读音,官方《全国大学英语四、六级考试大纲（2016年修订版）》词表词目；官方未提供释义,官方词表只列词形，不列例句,1,全国大学英语四、六级考试大纲（2016年修订版）,https://cet.neea.edu.cn/res/Home/1704/55b02330ac17274664f06d9d3db8249d.pdf,34
borrow,官方词表未提供读音,官方《全国大学英语四、六级考试大纲（2016年修订版）》词表词目；官方未提供释义,官方词表只列词形，不列例句,1,全国大学英语四、六级考试大纲（2016年修订版）,https://cet.neea.edu.cn/res/Home/1704/55b02330ac17274664f06d9d3db8249d.pdf,34
boss,官方词表未提供读音,官方《全国大学英语四、六级考试大纲（2016年修订版）》词表词目；官方未提供释义,官方词表只列词形，不列例句,1,全国大学英语四、六级考试大纲（2016年修订版）,https://cet.neea.edu.cn/res/Home/1704/55b02330ac17274664f06d9d3db8249d.pdf,34
both,官方词表未提供读音,官方《全国大学英语四、六级考试大纲（2016年修订版）》词表词目；官方未提供释义,官方词表只列词形，不列例句,1,全国大学英语四、六级考试大纲（2016年修订版）,https://cet.neea.edu.cn/res/Home/1704/55b02330ac17274664f06d9d3db8249d.pdf,34
bother,官方词表未提供读音,官方《全国大学英语四、六级考试大纲（2016年修订版）》词表词目；官方未提供释义,官方词表只列词形，不列例句,1,全国大学英语四、六级考试大纲（2016年修订版）,https://cet.neea.edu.cn/res/Home/1704/55b02330ac17274664f06d9d3db8249d.pdf,34
bottle,官方词表未提供读音,官方《全国大学英语四、六级考试大纲（2016年修订版）》词表词目；官方未提供释义,官方词表只列词形，不列例句,1,全国大学英语四、六级考试大纲（2016年修订版）,https://cet.neea.edu.cn/res/Home/1704/55b02330ac17274664f06d9d3db8249d.pdf,34
bottom,官方词表未提供读音,官方《全国大学英语四、六级考试大纲（2016年修订版）》词表词目；官方未提供释义,官方词表只列词形，不列例句,1,全国大学英语四、六级考试大纲（2016年修订版）,https://cet.neea.edu.cn/res/Home/1704/55b02330ac17274664f06d9d3db8249d.pdf,34
bounce,官方词表未提供读音,官方《全国大学英语四、六级考试大纲（2016年修订版）》词表词目；官方未提供释义,官方词表只列词形，不列例句,1,全国大学英语四、六级考试大纲（2016年修订版）,https://cet.neea.edu.cn/res/Home/1704/55b02330ac17274664f06d9d3db8249d.pdf,35
bound,官方词表未提供读音,官方《全国大学英语四、六级考试大纲（2016年修订版）》词表词目；官方未提供释义,官方词表只列词形，不列例句,1,全国大学英语四、六级考试大纲（2016年修订版）,https://cet.neea.edu.cn/res/Home/1704/55b02330ac17274664f06d9d3db8249d.pdf,35
boundary,官方词表未提供读音,官方《全国大学英语四、六级考试大纲（2016年修订版）》词表词目；官方未提供释义,官方词表只列词形，不列例句,1,全国大学英语四、六级考试大纲（2016年修订版）,https://cet.neea.edu.cn/res/Home/1704/55b02330ac17274664f06d9d3db8249d.pdf,35
bow,官方词表未提供读音,官方《全国大学英语四、六级考试大纲（2016年修订版）》词表词目；官方未提供释义,官方词表只列词形，不列例句,1,全国大学英语四、六级考试大纲（2016年修订版）,https://cet.neea.edu.cn/res/Home/1704/55b02330ac17274664f06d9d3db8249d.pdf,35
bowel,官方词表未提供读音,官方《全国大学英语四、六级考试大纲（2016年修订版）》词表词目；官方未提供释义,官方词表只列词形，不列例句,1,全国大学英语四、六级考试大纲（2016年修订版）,https://cet.neea.edu.cn/res/Home/1704/55b02330ac17274664f06d9d3db8249d.pdf,35
bowl,官方词表未提供读音,官方《全国大学英语四、六级考试大纲（2016年修订版）》词表词目；官方未提供释义,官方词表只列词形，不列例句,1,全国大学英语四、六级考试大纲（2016年修订版）,https://cet.neea.edu.cn/res/Home/1704/55b02330ac17274664f06d9d3db8249d.pdf,35
box,官方词表未提供读音,官方《全国大学英语四、六级考试大纲（2016年修订版）》词表词目；官方未提供释义,官方词表只列词形，不列例句,1,全国大学英语四、六级考试大纲（2016年修订版）,https://cet.neea.edu.cn/res/Home/1704/55b02330ac17274664f06d9d3db8249d.pdf,35
boxing,官方词表未提供读音,官方《全国大学英语四、六级考试大纲（2016年修订版）》词表词目；官方未提供释义,官方词表只列词形，不列例句,1,全国大学英语四、六级考试大纲（2016年修订版）,https://cet.neea.edu.cn/res/Home/1704/55b02330ac17274664f06d9d3db8249d.pdf,35
boy,官方词表未提供读音,官方《全国大学英语四、六级考试大纲（2016年修订版）》词表词目；官方未提供释义,官方词表只列词形，不列例句,1,全国大学英语四、六级考试大纲（2016年修订版）,https://cet.neea.edu.cn/res/Home/1704/55b02330ac17274664f06d9d3db8249d.pdf,35
bracket,官方词表未提供读音,官方《全国大学英语四、六级考试大纲（2016年修订版）》词表词目；官方未提供释义,官方词表只列词形，不列例句,1,全国大学英语四、六级考试大纲（2016年修订版）,https://cet.neea.edu.cn/res/Home/1704/55b02330ac17274664f06d9d3db8249d.pdf,35
brag,官方词表未提供读音,官方《全国大学英语四、六级考试大纲（2016年修订版）》词表词目；官方未提供释义,官方词表只列词形，不列例句,1,全国大学英语四、六级考试大纲（2016年修订版）,https://cet.neea.edu.cn/res/Home/1704/55b02330ac17274664f06d9d3db8249d.pdf,35
brain,官方词表未提供读音,官方《全国大学英语四、六级考试大纲（2016年修订版）》词表词目；官方未提供释义,官方词表只列词形，不列例句,1,全国大学英语四、六级考试大纲（2016年修订版）,https://cet.neea.edu.cn/res/Home/1704/55b02330ac17274664f06d9d3db8249d.pdf,35
brake,官方词表未提供读音,官方《全国大学英语四、六级考试大纲（2016年修订版）》词表词目；官方未提供释义,官方词表只列词形，不列例句,1,全国大学英语四、六级考试大纲（2016年修订版）,https://cet.neea.edu.cn/res/Home/1704/55b02330ac17274664f06d9d3db8249d.pdf,35
branch,官方词表未提供读音,官方《全国大学英语四、六级考试大纲（2016年修订版）》词表词目；官方未提供释义,官方词表只列词形，不列例句,1,全国大学英语四、六级考试大纲（2016年修订版）,https://cet.neea.edu.cn/res/Home/1704/55b02330ac17274664f06d9d3db8249d.pdf,35
brand,官方词表未提供读音,官方《全国大学英语四、六级考试大纲（2016年修订版）》词表词目；官方未提供释义,官方词表只列词形，不列例句,1,全国大学英语四、六级考试大纲（2016年修订版）,https://cet.neea.edu.cn/res/Home/1704/55b02330ac17274664f06d9d3db8249d.pdf,35
brand-new,官方词表未提供读音,官方《全国大学英语四、六级考试大纲（2016年修订版）》词表词目；官方未提供释义,官方词表只列词形，不列例句,1,全国大学英语四、六级考试大纲（2016年修订版）,https://cet.neea.edu.cn/res/Home/1704/55b02330ac17274664f06d9d3db8249d.pdf,35
brandy,官方词表未提供读音,官方《全国大学英语四、六级考试大纲（2016年修订版）》词表词目；官方未提供释义,官方词表只列词形，不列例句,1,全国大学英语四、六级考试大纲（2016年修订版）,https://cet.neea.edu.cn/res/Home/1704/55b02330ac17274664f06d9d3db8249d.pdf,35
brass,官方词表未提供读音,官方《全国大学英语四、六级考试大纲（2016年修订版）》词表词目；官方未提供释义,官方词表只列词形，不列例句,1,全国大学英语四、六级考试大纲（2016年修订版）,https://cet.neea.edu.cn/res/Home/1704/55b02330ac17274664f06d9d3db8249d.pdf,35
brave bravery,官方词表未提供读音,官方《全国大学英语四、六级考试大纲（2016年修订版）》词表词目；官方未提供释义,官方词表只列词形，不列例句,1,全国大学英语四、六级考试大纲（2016年修订版）,https://cet.neea.edu.cn/res/Home/1704/55b02330ac17274664f06d9d3db8249d.pdf,35
bread,官方词表未提供读音,官方《全国大学英语四、六级考试大纲（2016年修订版）》词表词目；官方未提供释义,官方词表只列词形，不列例句,1,全国大学英语四、六级考试大纲（2016年修订版）,https://cet.neea.edu.cn/res/Home/1704/55b02330ac17274664f06d9d3db8249d.pdf,35
break,官方词表未提供读音,官方《全国大学英语四、六级考试大纲（2016年修订版）》词表词目；官方未提供释义,官方词表只列词形，不列例句,1,全国大学英语四、六级考试大纲（2016年修订版）,https://cet.neea.edu.cn/res/Home/1704/55b02330ac17274664f06d9d3db8249d.pdf,35
breakdown,官方词表未提供读音,官方《全国大学英语四、六级考试大纲（2016年修订版）》词表词目；官方未提供释义,官方词表只列词形，不列例句,1,全国大学英语四、六级考试大纲（2016年修订版）,https://cet.neea.edu.cn/res/Home/1704/55b02330ac17274664f06d9d3db8249d.pdf,35
breakfast,官方词表未提供读音,官方《全国大学英语四、六级考试大纲（2016年修订版）》词表词目；官方未提供释义,官方词表只列词形，不列例句,1,全国大学英语四、六级考试大纲（2016年修订版）,https://cet.neea.edu.cn/res/Home/1704/55b02330ac17274664f06d9d3db8249d.pdf,35
breakthrough,官方词表未提供读音,官方《全国大学英语四、六级考试大纲（2016年修订版）》词表词目；官方未提供释义,官方词表只列词形，不列例句,1,全国大学英语四、六级考试大纲（2016年修订版）,https://cet.neea.edu.cn/res/Home/1704/55b02330ac17274664f06d9d3db8249d.pdf,35
breast,官方词表未提供读音,官方《全国大学英语四、六级考试大纲（2016年修订版）》词表词目；官方未提供释义,官方词表只列词形，不列例句,1,全国大学英语四、六级考试大纲（2016年修订版）,https://cet.neea.edu.cn/res/Home/1704/55b02330ac17274664f06d9d3db8249d.pdf,35
breath,官方词表未提供读音,官方《全国大学英语四、六级考试大纲（2016年修订版）》词表词目；官方未提供释义,官方词表只列词形，不列例句,1,全国大学英语四、六级考试大纲（2016年修订版）,https://cet.neea.edu.cn/res/Home/1704/55b02330ac17274664f06d9d3db8249d.pdf,35
breathe,官方词表未提供读音,官方《全国大学英语四、六级考试大纲（2016年修订版）》词表词目；官方未提供释义,官方词表只列词形，不列例句,1,全国大学英语四、六级考试大纲（2016年修订版）,https://cet.neea.edu.cn/res/Home/1704/55b02330ac17274664f06d9d3db8249d.pdf,35
breed,官方词表未提供读音,官方《全国大学英语四、六级考试大纲（2016年修订版）》词表词目；官方未提供释义,官方词表只列词形，不列例句,1,全国大学英语四、六级考试大纲（2016年修订版）,https://cet.neea.edu.cn/res/Home/1704/55b02330ac17274664f06d9d3db8249d.pdf,35
breeze,官方词表未提供读音,官方《全国大学英语四、六级考试大纲（2016年修订版）》词表词目；官方未提供释义,官方词表只列词形，不列例句,1,全国大学英语四、六级考试大纲（2016年修订版）,https://cet.neea.edu.cn/res/Home/1704/55b02330ac17274664f06d9d3db8249d.pdf,35
bribe bribery,官方词表未提供读音,官方《全国大学英语四、六级考试大纲（2016年修订版）》词表词目；官方未提供释义,官方词表只列词形，不列例句,1,全国大学英语四、六级考试大纲（2016年修订版）,https://cet.neea.edu.cn/res/Home/1704/55b02330ac17274664f06d9d3db8249d.pdf,35
brick,官方词表未提供读音,官方《全国大学英语四、六级考试大纲（2016年修订版）》词表词目；官方未提供释义,官方词表只列词形，不列例句,1,全国大学英语四、六级考试大纲（2016年修订版）,https://cet.neea.edu.cn/res/Home/1704/55b02330ac17274664f06d9d3db8249d.pdf,35
bride,官方词表未提供读音,官方《全国大学英语四、六级考试大纲（2016年修订版）》词表词目；官方未提供释义,官方词表只列词形，不列例句,1,全国大学英语四、六级考试大纲（2016年修订版）,https://cet.neea.edu.cn/res/Home/1704/55b02330ac17274664f06d9d3db8249d.pdf,35
bridegroom,官方词表未提供读音,官方《全国大学英语四、六级考试大纲（2016年修订版）》词表词目；官方未提供释义,官方词表只列词形，不列例句,1,全国大学英语四、六级考试大纲（2016年修订版）,https://cet.neea.edu.cn/res/Home/1704/55b02330ac17274664f06d9d3db8249d.pdf,36
bridge,官方词表未提供读音,官方《全国大学英语四、六级考试大纲（2016年修订版）》词表词目；官方未提供释义,官方词表只列词形，不列例句,1,全国大学英语四、六级考试大纲（2016年修订版）,https://cet.neea.edu.cn/res/Home/1704/55b02330ac17274664f06d9d3db8249d.pdf,36
brief briefing,官方词表未提供读音,官方《全国大学英语四、六级考试大纲（2016年修订版）》词表词目；官方未提供释义,官方词表只列词形，不列例句,1,全国大学英语四、六级考试大纲（2016年修订版）,https://cet.neea.edu.cn/res/Home/1704/55b02330ac17274664f06d9d3db8249d.pdf,36
briefcase,官方词表未提供读音,官方《全国大学英语四、六级考试大纲（2016年修订版）》词表词目；官方未提供释义,官方词表只列词形，不列例句,1,全国大学英语四、六级考试大纲（2016年修订版）,https://cet.neea.edu.cn/res/Home/1704/55b02330ac17274664f06d9d3db8249d.pdf,36
bright brighten,官方词表未提供读音,官方《全国大学英语四、六级考试大纲（2016年修订版）》词表词目；官方未提供释义,官方词表只列词形，不列例句,1,全国大学英语四、六级考试大纲（2016年修订版）,https://cet.neea.edu.cn/res/Home/1704/55b02330ac17274664f06d9d3db8249d.pdf,36
brilliant brilliance,官方词表未提供读音,官方《全国大学英语四、六级考试大纲（2016年修订版）》词表词目；官方未提供释义,官方词表只列词形，不列例句,1,全国大学英语四、六级考试大纲（2016年修订版）,https://cet.neea.edu.cn/res/Home/1704/55b02330ac17274664f06d9d3db8249d.pdf,36
bring,官方词表未提供读音,官方《全国大学英语四、六级考试大纲（2016年修订版）》词表词目；官方未提供释义,官方词表只列词形，不列例句,1,全国大学英语四、六级考试大纲（2016年修订版）,https://cet.neea.edu.cn/res/Home/1704/55b02330ac17274664f06d9d3db8249d.pdf,36
broad broaden breadth,官方词表未提供读音,官方《全国大学英语四、六级考试大纲（2016年修订版）》词表词目；官方未提供释义,官方词表只列词形，不列例句,1,全国大学英语四、六级考试大纲（2016年修订版）,https://cet.neea.edu.cn/res/Home/1704/55b02330ac17274664f06d9d3db8249d.pdf,36
broadcast,官方词表未提供读音,官方《全国大学英语四、六级考试大纲（2016年修订版）》词表词目；官方未提供释义,官方词表只列词形，不列例句,1,全国大学英语四、六级考试大纲（2016年修订版）,https://cet.neea.edu.cn/res/Home/1704/55b02330ac17274664f06d9d3db8249d.pdf,36
brochure,官方词表未提供读音,官方《全国大学英语四、六级考试大纲（2016年修订版）》词表词目；官方未提供释义,官方词表只列词形，不列例句,1,全国大学英语四、六级考试大纲（2016年修订版）,https://cet.neea.edu.cn/res/Home/1704/55b02330ac17274664f06d9d3db8249d.pdf,36
broke,官方词表未提供读音,官方《全国大学英语四、六级考试大纲（2016年修订版）》词表词目；官方未提供释义,官方词表只列词形，不列例句,1,全国大学英语四、六级考试大纲（2016年修订版）,https://cet.neea.edu.cn/res/Home/1704/55b02330ac17274664f06d9d3db8249d.pdf,36
broker,官方词表未提供读音,官方《全国大学英语四、六级考试大纲（2016年修订版）》词表词目；官方未提供释义,官方词表只列词形，不列例句,1,全国大学英语四、六级考试大纲（2016年修订版）,https://cet.neea.edu.cn/res/Home/1704/55b02330ac17274664f06d9d3db8249d.pdf,36
broom,官方词表未提供读音,官方《全国大学英语四、六级考试大纲（2016年修订版）》词表词目；官方未提供释义,官方词表只列词形，不列例句,1,全国大学英语四、六级考试大纲（2016年修订版）,https://cet.neea.edu.cn/res/Home/1704/55b02330ac17274664f06d9d3db8249d.pdf,36
brother,官方词表未提供读音,官方《全国大学英语四、六级考试大纲（2016年修订版）》词表词目；官方未提供释义,官方词表只列词形，不列例句,1,全国大学英语四、六级考试大纲（2016年修订版）,https://cet.neea.edu.cn/res/Home/1704/55b02330ac17274664f06d9d3db8249d.pdf,36
brow,官方词表未提供读音,官方《全国大学英语四、六级考试大纲（2016年修订版）》词表词目；官方未提供释义,官方词表只列词形，不列例句,1,全国大学英语四、六级考试大纲（2016年修订版）,https://cet.neea.edu.cn/res/Home/1704/55b02330ac17274664f06d9d3db8249d.pdf,36
brown,官方词表未提供读音,官方《全国大学英语四、六级考试大纲（2016年修订版）》词表词目；官方未提供释义,官方词表只列词形，不列例句,1,全国大学英语四、六级考试大纲（2016年修订版）,https://cet.neea.edu.cn/res/Home/1704/55b02330ac17274664f06d9d3db8249d.pdf,36
browse browser,官方词表未提供读音,官方《全国大学英语四、六级考试大纲（2016年修订版）》词表词目；官方未提供释义,官方词表只列词形，不列例句,1,全国大学英语四、六级考试大纲（2016年修订版）,https://cet.neea.edu.cn/res/Home/1704/55b02330ac17274664f06d9d3db8249d.pdf,36
brunch,官方词表未提供读音,官方《全国大学英语四、六级考试大纲（2016年修订版）》词表词目；官方未提供释义,官方词表只列词形，不列例句,1,全国大学英语四、六级考试大纲（2016年修订版）,https://cet.neea.edu.cn/res/Home/1704/55b02330ac17274664f06d9d3db8249d.pdf,36
brush,官方词表未提供读音,官方《全国大学英语四、六级考试大纲（2016年修订版）》词表词目；官方未提供释义,官方词表只列词形，不列例句,1,全国大学英语四、六级考试大纲（2016年修订版）,https://cet.neea.edu.cn/res/Home/1704/55b02330ac17274664f06d9d3db8249d.pdf,36
brutal brutality,官方词表未提供读音,官方《全国大学英语四、六级考试大纲（2016年修订版）》词表词目；官方未提供释义,官方词表只列词形，不列例句,1,全国大学英语四、六级考试大纲（2016年修订版）,https://cet.neea.edu.cn/res/Home/1704/55b02330ac17274664f06d9d3db8249d.pdf,36
bubble,官方词表未提供读音,官方《全国大学英语四、六级考试大纲（2016年修订版）》词表词目；官方未提供释义,官方词表只列词形，不列例句,1,全国大学英语四、六级考试大纲（2016年修订版）,https://cet.neea.edu.cn/res/Home/1704/55b02330ac17274664f06d9d3db8249d.pdf,36
buck,官方词表未提供读音,官方《全国大学英语四、六级考试大纲（2016年修订版）》词表词目；官方未提供释义,官方词表只列词形，不列例句,1,全国大学英语四、六级考试大纲（2016年修订版）,https://cet.neea.edu.cn/res/Home/1704/55b02330ac17274664f06d9d3db8249d.pdf,36
bucket,官方词表未提供读音,官方《全国大学英语四、六级考试大纲（2016年修订版）》词表词目；官方未提供释义,官方词表只列词形，不列例句,1,全国大学英语四、六级考试大纲（2016年修订版）,https://cet.neea.edu.cn/res/Home/1704/55b02330ac17274664f06d9d3db8249d.pdf,36
buckle,官方词表未提供读音,官方《全国大学英语四、六级考试大纲（2016年修订版）》词表词目；官方未提供释义,官方词表只列词形，不列例句,1,全国大学英语四、六级考试大纲（2016年修订版）,https://cet.neea.edu.cn/res/Home/1704/55b02330ac17274664f06d9d3db8249d.pdf,36
bud,官方词表未提供读音,官方《全国大学英语四、六级考试大纲（2016年修订版）》词表词目；官方未提供释义,官方词表只列词形，不列例句,1,全国大学英语四、六级考试大纲（2016年修订版）,https://cet.neea.edu.cn/res/Home/1704/55b02330ac17274664f06d9d3db8249d.pdf,36
buddy,官方词表未提供读音,官方《全国大学英语四、六级考试大纲（2016年修订版）》词表词目；官方未提供释义,官方词表只列词形，不列例句,1,全国大学英语四、六级考试大纲（2016年修订版）,https://cet.neea.edu.cn/res/Home/1704/55b02330ac17274664f06d9d3db8249d.pdf,36
budget budgetary,官方词表未提供读音,官方《全国大学英语四、六级考试大纲（2016年修订版）》词表词目；官方未提供释义,官方词表只列词形，不列例句,1,全国大学英语四、六级考试大纲（2016年修订版）,https://cet.neea.edu.cn/res/Home/1704/55b02330ac17274664f06d9d3db8249d.pdf,36
buffet,官方词表未提供读音,官方《全国大学英语四、六级考试大纲（2016年修订版）》词表词目；官方未提供释义,官方词表只列词形，不列例句,1,全国大学英语四、六级考试大纲（2016年修订版）,https://cet.neea.edu.cn/res/Home/1704/55b02330ac17274664f06d9d3db8249d.pdf,36
bug,官方词表未提供读音,官方《全国大学英语四、六级考试大纲（2016年修订版）》词表词目；官方未提供释义,官方词表只列词形，不列例句,1,全国大学英语四、六级考试大纲（2016年修订版）,https://cet.neea.edu.cn/res/Home/1704/55b02330ac17274664f06d9d3db8249d.pdf,36
build building,官方词表未提供读音,官方《全国大学英语四、六级考试大纲（2016年修订版）》词表词目；官方未提供释义,官方词表只列词形，不列例句,1,全国大学英语四、六级考试大纲（2016年修订版）,https://cet.neea.edu.cn/res/Home/1704/55b02330ac17274664f06d9d3db8249d.pdf,36
bulb,官方词表未提供读音,官方《全国大学英语四、六级考试大纲（2016年修订版）》词表词目；官方未提供释义,官方词表只列词形，不列例句,1,全国大学英语四、六级考试大纲（2016年修订版）,https://cet.neea.edu.cn/res/Home/1704/55b02330ac17274664f06d9d3db8249d.pdf,36
bulk bulky,官方词表未提供读音,官方《全国大学英语四、六级考试大纲（2016年修订版）》词表词目；官方未提供释义,官方词表只列词形，不列例句,1,全国大学英语四、六级考试大纲（2016年修订版）,https://cet.neea.edu.cn/res/Home/1704/55b02330ac17274664f06d9d3db8249d.pdf,36
bull,官方词表未提供读音,官方《全国大学英语四、六级考试大纲（2016年修订版）》词表词目；官方未提供释义,官方词表只列词形，不列例句,1,全国大学英语四、六级考试大纲（2016年修订版）,https://cet.neea.edu.cn/res/Home/1704/55b02330ac17274664f06d9d3db8249d.pdf,36
bullet,官方词表未提供读音,官方《全国大学英语四、六级考试大纲（2016年修订版）》词表词目；官方未提供释义,官方词表只列词形，不列例句,1,全国大学英语四、六级考试大纲（2016年修订版）,https://cet.neea.edu.cn/res/Home/1704/55b02330ac17274664f06d9d3db8249d.pdf,37
bulletin,官方词表未提供读音,官方《全国大学英语四、六级考试大纲（2016年修订版）》词表词目；官方未提供释义,官方词表只列词形，不列例句,1,全国大学英语四、六级考试大纲（2016年修订版）,https://cet.neea.edu.cn/res/Home/1704/55b02330ac17274664f06d9d3db8249d.pdf,37
bully,官方词表未提供读音,官方《全国大学英语四、六级考试大纲（2016年修订版）》词表词目；官方未提供释义,官方词表只列词形，不列例句,1,全国大学英语四、六级考试大纲（2016年修订版）,https://cet.neea.edu.cn/res/Home/1704/55b02330ac17274664f06d9d3db8249d.pdf,37
bump,官方词表未提供读音,官方《全国大学英语四、六级考试大纲（2016年修订版）》词表词目；官方未提供释义,官方词表只列词形，不列例句,1,全国大学英语四、六级考试大纲（2016年修订版）,https://cet.neea.edu.cn/res/Home/1704/55b02330ac17274664f06d9d3db8249d.pdf,37
bumper,官方词表未提供读音,官方《全国大学英语四、六级考试大纲（2016年修订版）》词表词目；官方未提供释义,官方词表只列词形，不列例句,1,全国大学英语四、六级考试大纲（2016年修订版）,https://cet.neea.edu.cn/res/Home/1704/55b02330ac17274664f06d9d3db8249d.pdf,37
bunch,官方词表未提供读音,官方《全国大学英语四、六级考试大纲（2016年修订版）》词表词目；官方未提供释义,官方词表只列词形，不列例句,1,全国大学英语四、六级考试大纲（2016年修订版）,https://cet.neea.edu.cn/res/Home/1704/55b02330ac17274664f06d9d3db8249d.pdf,37
bundle,官方词表未提供读音,官方《全国大学英语四、六级考试大纲（2016年修订版）》词表词目；官方未提供释义,官方词表只列词形，不列例句,1,全国大学英语四、六级考试大纲（2016年修订版）,https://cet.neea.edu.cn/res/Home/1704/55b02330ac17274664f06d9d3db8249d.pdf,37
burden,官方词表未提供读音,官方《全国大学英语四、六级考试大纲（2016年修订版）》词表词目；官方未提供释义,官方词表只列词形，不列例句,1,全国大学英语四、六级考试大纲（2016年修订版）,https://cet.neea.edu.cn/res/Home/1704/55b02330ac17274664f06d9d3db8249d.pdf,37
bureau,官方词表未提供读音,官方《全国大学英语四、六级考试大纲（2016年修订版）》词表词目；官方未提供释义,官方词表只列词形，不列例句,1,全国大学英语四、六级考试大纲（2016年修订版）,https://cet.neea.edu.cn/res/Home/1704/55b02330ac17274664f06d9d3db8249d.pdf,37
burn,官方词表未提供读音,官方《全国大学英语四、六级考试大纲（2016年修订版）》词表词目；官方未提供释义,官方词表只列词形，不列例句,1,全国大学英语四、六级考试大纲（2016年修订版）,https://cet.neea.edu.cn/res/Home/1704/55b02330ac17274664f06d9d3db8249d.pdf,37
burst,官方词表未提供读音,官方《全国大学英语四、六级考试大纲（2016年修订版）》词表词目；官方未提供释义,官方词表只列词形，不列例句,1,全国大学英语四、六级考试大纲（2016年修订版）,https://cet.neea.edu.cn/res/Home/1704/55b02330ac17274664f06d9d3db8249d.pdf,37
bury burial,官方词表未提供读音,官方《全国大学英语四、六级考试大纲（2016年修订版）》词表词目；官方未提供释义,官方词表只列词形，不列例句,1,全国大学英语四、六级考试大纲（2016年修订版）,https://cet.neea.edu.cn/res/Home/1704/55b02330ac17274664f06d9d3db8249d.pdf,37
bus,官方词表未提供读音,官方《全国大学英语四、六级考试大纲（2016年修订版）》词表词目；官方未提供释义,官方词表只列词形，不列例句,1,全国大学英语四、六级考试大纲（2016年修订版）,https://cet.neea.edu.cn/res/Home/1704/55b02330ac17274664f06d9d3db8249d.pdf,37
bush bushy,官方词表未提供读音,官方《全国大学英语四、六级考试大纲（2016年修订版）》词表词目；官方未提供释义,官方词表只列词形，不列例句,1,全国大学英语四、六级考试大纲（2016年修订版）,https://cet.neea.edu.cn/res/Home/1704/55b02330ac17274664f06d9d3db8249d.pdf,37
business,官方词表未提供读音,官方《全国大学英语四、六级考试大纲（2016年修订版）》词表词目；官方未提供释义,官方词表只列词形，不列例句,1,全国大学英语四、六级考试大纲（2016年修订版）,https://cet.neea.edu.cn/res/Home/1704/55b02330ac17274664f06d9d3db8249d.pdf,37
businessman,官方词表未提供读音,官方《全国大学英语四、六级考试大纲（2016年修订版）》词表词目；官方未提供释义,官方词表只列词形，不列例句,1,全国大学英语四、六级考试大纲（2016年修订版）,https://cet.neea.edu.cn/res/Home/1704/55b02330ac17274664f06d9d3db8249d.pdf,37
busy,官方词表未提供读音,官方《全国大学英语四、六级考试大纲（2016年修订版）》词表词目；官方未提供释义,官方词表只列词形，不列例句,1,全国大学英语四、六级考试大纲（2016年修订版）,https://cet.neea.edu.cn/res/Home/1704/55b02330ac17274664f06d9d3db8249d.pdf,37
but,官方词表未提供读音,官方《全国大学英语四、六级考试大纲（2016年修订版）》词表词目；官方未提供释义,官方词表只列词形，不列例句,1,全国大学英语四、六级考试大纲（2016年修订版）,https://cet.neea.edu.cn/res/Home/1704/55b02330ac17274664f06d9d3db8249d.pdf,37
butcher,官方词表未提供读音,官方《全国大学英语四、六级考试大纲（2016年修订版）》词表词目；官方未提供释义,官方词表只列词形，不列例句,1,全国大学英语四、六级考试大纲（2016年修订版）,https://cet.neea.edu.cn/res/Home/1704/55b02330ac17274664f06d9d3db8249d.pdf,37
butter,官方词表未提供读音,官方《全国大学英语四、六级考试大纲（2016年修订版）》词表词目；官方未提供释义,官方词表只列词形，不列例句,1,全国大学英语四、六级考试大纲（2016年修订版）,https://cet.neea.edu.cn/res/Home/1704/55b02330ac17274664f06d9d3db8249d.pdf,37
butterfly,官方词表未提供读音,官方《全国大学英语四、六级考试大纲（2016年修订版）》词表词目；官方未提供释义,官方词表只列词形，不列例句,1,全国大学英语四、六级考试大纲（2016年修订版）,https://cet.neea.edu.cn/res/Home/1704/55b02330ac17274664f06d9d3db8249d.pdf,37
button,官方词表未提供读音,官方《全国大学英语四、六级考试大纲（2016年修订版）》词表词目；官方未提供释义,官方词表只列词形，不列例句,1,全国大学英语四、六级考试大纲（2016年修订版）,https://cet.neea.edu.cn/res/Home/1704/55b02330ac17274664f06d9d3db8249d.pdf,37
buy buyer,官方词表未提供读音,官方《全国大学英语四、六级考试大纲（2016年修订版）》词表词目；官方未提供释义,官方词表只列词形，不列例句,1,全国大学英语四、六级考试大纲（2016年修订版）,https://cet.neea.edu.cn/res/Home/1704/55b02330ac17274664f06d9d3db8249d.pdf,37
by,官方词表未提供读音,官方《全国大学英语四、六级考试大纲（2016年修订版）》词表词目；官方未提供释义,官方词表只列词形，不列例句,1,全国大学英语四、六级考试大纲（2016年修订版）,https://cet.neea.edu.cn/res/Home/1704/55b02330ac17274664f06d9d3db8249d.pdf,37
bypass,官方词表未提供读音,官方《全国大学英语四、六级考试大纲（2016年修订版）》词表词目；官方未提供释义,官方词表只列词形，不列例句,1,全国大学英语四、六级考试大纲（2016年修订版）,https://cet.neea.edu.cn/res/Home/1704/55b02330ac17274664f06d9d3db8249d.pdf,37
bystander,官方词表未提供读音,官方《全国大学英语四、六级考试大纲（2016年修订版）》词表词目；官方未提供释义,官方词表只列词形，不列例句,1,全国大学英语四、六级考试大纲（2016年修订版）,https://cet.neea.edu.cn/res/Home/1704/55b02330ac17274664f06d9d3db8249d.pdf,37
cab,官方词表未提供读音,官方《全国大学英语四、六级考试大纲（2016年修订版）》词表词目；官方未提供释义,官方词表只列词形，不列例句,1,全国大学英语四、六级考试大纲（2016年修订版）,https://cet.neea.edu.cn/res/Home/1704/55b02330ac17274664f06d9d3db8249d.pdf,37
cabbage,官方词表未提供读音,官方《全国大学英语四、六级考试大纲（2016年修订版）》词表词目；官方未提供释义,官方词表只列词形，不列例句,1,全国大学英语四、六级考试大纲（2016年修订版）,https://cet.neea.edu.cn/res/Home/1704/55b02330ac17274664f06d9d3db8249d.pdf,37
cabin,官方词表未提供读音,官方《全国大学英语四、六级考试大纲（2016年修订版）》词表词目；官方未提供释义,官方词表只列词形，不列例句,1,全国大学英语四、六级考试大纲（2016年修订版）,https://cet.neea.edu.cn/res/Home/1704/55b02330ac17274664f06d9d3db8249d.pdf,37
cabinet,官方词表未提供读音,官方《全国大学英语四、六级考试大纲（2016年修订版）》词表词目；官方未提供释义,官方词表只列词形，不列例句,1,全国大学英语四、六级考试大纲（2016年修订版）,https://cet.neea.edu.cn/res/Home/1704/55b02330ac17274664f06d9d3db8249d.pdf,37
cable,官方词表未提供读音,官方《全国大学英语四、六级考试大纲（2016年修订版）》词表词目；官方未提供释义,官方词表只列词形，不列例句,1,全国大学英语四、六级考试大纲（2016年修订版）,https://cet.neea.edu.cn/res/Home/1704/55b02330ac17274664f06d9d3db8249d.pdf,37
cafe,官方词表未提供读音,官方《全国大学英语四、六级考试大纲（2016年修订版）》词表词目；官方未提供释义,官方词表只列词形，不列例句,1,全国大学英语四、六级考试大纲（2016年修订版）,https://cet.neea.edu.cn/res/Home/1704/55b02330ac17274664f06d9d3db8249d.pdf,37
cafeteria,官方词表未提供读音,官方《全国大学英语四、六级考试大纲（2016年修订版）》词表词目；官方未提供释义,官方词表只列词形，不列例句,1,全国大学英语四、六级考试大纲（2016年修订版）,https://cet.neea.edu.cn/res/Home/1704/55b02330ac17274664f06d9d3db8249d.pdf,37
cage,官方词表未提供读音,官方《全国大学英语四、六级考试大纲（2016年修订版）》词表词目；官方未提供释义,官方词表只列词形，不列例句,1,全国大学英语四、六级考试大纲（2016年修订版）,https://cet.neea.edu.cn/res/Home/1704/55b02330ac17274664f06d9d3db8249d.pdf,37
cake,官方词表未提供读音,官方《全国大学英语四、六级考试大纲（2016年修订版）》词表词目；官方未提供释义,官方词表只列词形，不列例句,1,全国大学英语四、六级考试大纲（2016年修订版）,https://cet.neea.edu.cn/res/Home/1704/55b02330ac17274664f06d9d3db8249d.pdf,37
calculate calculation calculator calculating,官方词表未提供读音,官方《全国大学英语四、六级考试大纲（2016年修订版）》词表词目；官方未提供释义,官方词表只列词形，不列例句,1,全国大学英语四、六级考试大纲（2016年修订版）,https://cet.neea.edu.cn/res/Home/1704/55b02330ac17274664f06d9d3db8249d.pdf,37
calendar,官方词表未提供读音,官方《全国大学英语四、六级考试大纲（2016年修订版）》词表词目；官方未提供释义,官方词表只列词形，不列例句,1,全国大学英语四、六级考试大纲（2016年修订版）,https://cet.neea.edu.cn/res/Home/1704/55b02330ac17274664f06d9d3db8249d.pdf,38
calf,官方词表未提供读音,官方《全国大学英语四、六级考试大纲（2016年修订版）》词表词目；官方未提供释义,官方词表只列词形，不列例句,1,全国大学英语四、六级考试大纲（2016年修订版）,https://cet.neea.edu.cn/res/Home/1704/55b02330ac17274664f06d9d3db8249d.pdf,38
call,官方词表未提供读音,官方《全国大学英语四、六级考试大纲（2016年修订版）》词表词目；官方未提供释义,官方词表只列词形，不列例句,1,全国大学英语四、六级考试大纲（2016年修订版）,https://cet.neea.edu.cn/res/Home/1704/55b02330ac17274664f06d9d3db8249d.pdf,38
calling,官方词表未提供读音,官方《全国大学英语四、六级考试大纲（2016年修订版）》词表词目；官方未提供释义,官方词表只列词形，不列例句,1,全国大学英语四、六级考试大纲（2016年修订版）,https://cet.neea.edu.cn/res/Home/1704/55b02330ac17274664f06d9d3db8249d.pdf,38
calm,官方词表未提供读音,官方《全国大学英语四、六级考试大纲（2016年修订版）》词表词目；官方未提供释义,官方词表只列词形，不列例句,1,全国大学英语四、六级考试大纲（2016年修订版）,https://cet.neea.edu.cn/res/Home/1704/55b02330ac17274664f06d9d3db8249d.pdf,38
calorie,官方词表未提供读音,官方《全国大学英语四、六级考试大纲（2016年修订版）》词表词目；官方未提供释义,官方词表只列词形，不列例句,1,全国大学英语四、六级考试大纲（2016年修订版）,https://cet.neea.edu.cn/res/Home/1704/55b02330ac17274664f06d9d3db8249d.pdf,38
camel,官方词表未提供读音,官方《全国大学英语四、六级考试大纲（2016年修订版）》词表词目；官方未提供释义,官方词表只列词形，不列例句,1,全国大学英语四、六级考试大纲（2016年修订版）,https://cet.neea.edu.cn/res/Home/1704/55b02330ac17274664f06d9d3db8249d.pdf,38
camera,官方词表未提供读音,官方《全国大学英语四、六级考试大纲（2016年修订版）》词表词目；官方未提供释义,官方词表只列词形，不列例句,1,全国大学英语四、六级考试大纲（2016年修订版）,https://cet.neea.edu.cn/res/Home/1704/55b02330ac17274664f06d9d3db8249d.pdf,38
camp,官方词表未提供读音,官方《全国大学英语四、六级考试大纲（2016年修订版）》词表词目；官方未提供释义,官方词表只列词形，不列例句,1,全国大学英语四、六级考试大纲（2016年修订版）,https://cet.neea.edu.cn/res/Home/1704/55b02330ac17274664f06d9d3db8249d.pdf,38
campaign,官方词表未提供读音,官方《全国大学英语四、六级考试大纲（2016年修订版）》词表词目；官方未提供释义,官方词表只列词形，不列例句,1,全国大学英语四、六级考试大纲（2016年修订版）,https://cet.neea.edu.cn/res/Home/1704/55b02330ac17274664f06d9d3db8249d.pdf,38
campus,官方词表未提供读音,官方《全国大学英语四、六级考试大纲（2016年修订版）》词表词目；官方未提供释义,官方词表只列词形，不列例句,1,全国大学英语四、六级考试大纲（2016年修订版）,https://cet.neea.edu.cn/res/Home/1704/55b02330ac17274664f06d9d3db8249d.pdf,38
can,官方词表未提供读音,官方《全国大学英语四、六级考试大纲（2016年修订版）》词表词目；官方未提供释义,官方词表只列词形，不列例句,1,全国大学英语四、六级考试大纲（2016年修订版）,https://cet.neea.edu.cn/res/Home/1704/55b02330ac17274664f06d9d3db8249d.pdf,38
canal,官方词表未提供读音,官方《全国大学英语四、六级考试大纲（2016年修订版）》词表词目；官方未提供释义,官方词表只列词形，不列例句,1,全国大学英语四、六级考试大纲（2016年修订版）,https://cet.neea.edu.cn/res/Home/1704/55b02330ac17274664f06d9d3db8249d.pdf,38
cancel cancellation,官方词表未提供读音,官方《全国大学英语四、六级考试大纲（2016年修订版）》词表词目；官方未提供释义,官方词表只列词形，不列例句,1,全国大学英语四、六级考试大纲（2016年修订版）,https://cet.neea.edu.cn/res/Home/1704/55b02330ac17274664f06d9d3db8249d.pdf,38
cancer,官方词表未提供读音,官方《全国大学英语四、六级考试大纲（2016年修订版）》词表词目；官方未提供释义,官方词表只列词形，不列例句,1,全国大学英语四、六级考试大纲（2016年修订版）,https://cet.neea.edu.cn/res/Home/1704/55b02330ac17274664f06d9d3db8249d.pdf,38
candidate candidacy,官方词表未提供读音,官方《全国大学英语四、六级考试大纲（2016年修订版）》词表词目；官方未提供释义,官方词表只列词形，不列例句,1,全国大学英语四、六级考试大纲（2016年修订版）,https://cet.neea.edu.cn/res/Home/1704/55b02330ac17274664f06d9d3db8249d.pdf,38
candle,官方词表未提供读音,官方《全国大学英语四、六级考试大纲（2016年修订版）》词表词目；官方未提供释义,官方词表只列词形，不列例句,1,全国大学英语四、六级考试大纲（2016年修订版）,https://cet.neea.edu.cn/res/Home/1704/55b02330ac17274664f06d9d3db8249d.pdf,38
candy,官方词表未提供读音,官方《全国大学英语四、六级考试大纲（2016年修订版）》词表词目；官方未提供释义,官方词表只列词形，不列例句,1,全国大学英语四、六级考试大纲（2016年修订版）,https://cet.neea.edu.cn/res/Home/1704/55b02330ac17274664f06d9d3db8249d.pdf,38
cane,官方词表未提供读音,官方《全国大学英语四、六级考试大纲（2016年修订版）》词表词目；官方未提供释义,官方词表只列词形，不列例句,1,全国大学英语四、六级考试大纲（2016年修订版）,https://cet.neea.edu.cn/res/Home/1704/55b02330ac17274664f06d9d3db8249d.pdf,38
canteen,官方词表未提供读音,官方《全国大学英语四、六级考试大纲（2016年修订版）》词表词目；官方未提供释义,官方词表只列词形，不列例句,1,全国大学英语四、六级考试大纲（2016年修订版）,https://cet.neea.edu.cn/res/Home/1704/55b02330ac17274664f06d9d3db8249d.pdf,38
cap,官方词表未提供读音,官方《全国大学英语四、六级考试大纲（2016年修订版）》词表词目；官方未提供释义,官方词表只列词形，不列例句,1,全国大学英语四、六级考试大纲（2016年修订版）,https://cet.neea.edu.cn/res/Home/1704/55b02330ac17274664f06d9d3db8249d.pdf,38
capable capability,官方词表未提供读音,官方《全国大学英语四、六级考试大纲（2016年修订版）》词表词目；官方未提供释义,官方词表只列词形，不列例句,1,全国大学英语四、六级考试大纲（2016年修订版）,https://cet.neea.edu.cn/res/Home/1704/55b02330ac17274664f06d9d3db8249d.pdf,38
capacity,官方词表未提供读音,官方《全国大学英语四、六级考试大纲（2016年修订版）》词表词目；官方未提供释义,官方词表只列词形，不列例句,1,全国大学英语四、六级考试大纲（2016年修订版）,https://cet.neea.edu.cn/res/Home/1704/55b02330ac17274664f06d9d3db8249d.pdf,38
capital capitalist capitalism,官方词表未提供读音,官方《全国大学英语四、六级考试大纲（2016年修订版）》词表词目；官方未提供释义,官方词表只列词形，不列例句,1,全国大学英语四、六级考试大纲（2016年修订版）,https://cet.neea.edu.cn/res/Home/1704/55b02330ac17274664f06d9d3db8249d.pdf,38
captain,官方词表未提供读音,官方《全国大学英语四、六级考试大纲（2016年修订版）》词表词目；官方未提供释义,官方词表只列词形，不列例句,1,全国大学英语四、六级考试大纲（2016年修订版）,https://cet.neea.edu.cn/res/Home/1704/55b02330ac17274664f06d9d3db8249d.pdf,38
capture,官方词表未提供读音,官方《全国大学英语四、六级考试大纲（2016年修订版）》词表词目；官方未提供释义,官方词表只列词形，不列例句,1,全国大学英语四、六级考试大纲（2016年修订版）,https://cet.neea.edu.cn/res/Home/1704/55b02330ac17274664f06d9d3db8249d.pdf,38
car,官方词表未提供读音,官方《全国大学英语四、六级考试大纲（2016年修订版）》词表词目；官方未提供释义,官方词表只列词形，不列例句,1,全国大学英语四、六级考试大纲（2016年修订版）,https://cet.neea.edu.cn/res/Home/1704/55b02330ac17274664f06d9d3db8249d.pdf,38
carbon,官方词表未提供读音,官方《全国大学英语四、六级考试大纲（2016年修订版）》词表词目；官方未提供释义,官方词表只列词形，不列例句,1,全国大学英语四、六级考试大纲（2016年修订版）,https://cet.neea.edu.cn/res/Home/1704/55b02330ac17274664f06d9d3db8249d.pdf,38
card,官方词表未提供读音,官方《全国大学英语四、六级考试大纲（2016年修订版）》词表词目；官方未提供释义,官方词表只列词形，不列例句,1,全国大学英语四、六级考试大纲（2016年修订版）,https://cet.neea.edu.cn/res/Home/1704/55b02330ac17274664f06d9d3db8249d.pdf,38
cardboard,官方词表未提供读音,官方《全国大学英语四、六级考试大纲（2016年修订版）》词表词目；官方未提供释义,官方词表只列词形，不列例句,1,全国大学英语四、六级考试大纲（2016年修订版）,https://cet.neea.edu.cn/res/Home/1704/55b02330ac17274664f06d9d3db8249d.pdf,38
care careful careless,官方词表未提供读音,官方《全国大学英语四、六级考试大纲（2016年修订版）》词表词目；官方未提供释义,官方词表只列词形，不列例句,1,全国大学英语四、六级考试大纲（2016年修订版）,https://cet.neea.edu.cn/res/Home/1704/55b02330ac17274664f06d9d3db8249d.pdf,38
career,官方词表未提供读音,官方《全国大学英语四、六级考试大纲（2016年修订版）》词表词目；官方未提供释义,官方词表只列词形，不列例句,1,全国大学英语四、六级考试大纲（2016年修订版）,https://cet.neea.edu.cn/res/Home/1704/55b02330ac17274664f06d9d3db8249d.pdf,39
cargo,官方词表未提供读音,官方《全国大学英语四、六级考试大纲（2016年修订版）》词表词目；官方未提供释义,官方词表只列词形，不列例句,1,全国大学英语四、六级考试大纲（2016年修订版）,https://cet.neea.edu.cn/res/Home/1704/55b02330ac17274664f06d9d3db8249d.pdf,39
carpenter,官方词表未提供读音,官方《全国大学英语四、六级考试大纲（2016年修订版）》词表词目；官方未提供释义,官方词表只列词形，不列例句,1,全国大学英语四、六级考试大纲（2016年修订版）,https://cet.neea.edu.cn/res/Home/1704/55b02330ac17274664f06d9d3db8249d.pdf,39
carpet,官方词表未提供读音,官方《全国大学英语四、六级考试大纲（2016年修订版）》词表词目；官方未提供释义,官方词表只列词形，不列例句,1,全国大学英语四、六级考试大纲（2016年修订版）,https://cet.neea.edu.cn/res/Home/1704/55b02330ac17274664f06d9d3db8249d.pdf,39
carriage,官方词表未提供读音,官方《全国大学英语四、六级考试大纲（2016年修订版）》词表词目；官方未提供释义,官方词表只列词形，不列例句,1,全国大学英语四、六级考试大纲（2016年修订版）,https://cet.neea.edu.cn/res/Home/1704/55b02330ac17274664f06d9d3db8249d.pdf,39
carrier,官方词表未提供读音,官方《全国大学英语四、六级考试大纲（2016年修订版）》词表词目；官方未提供释义,官方词表只列词形，不列例句,1,全国大学英语四、六级考试大纲（2016年修订版）,https://cet.neea.edu.cn/res/Home/1704/55b02330ac17274664f06d9d3db8249d.pdf,39
carrot,官方词表未提供读音,官方《全国大学英语四、六级考试大纲（2016年修订版）》词表词目；官方未提供释义,官方词表只列词形，不列例句,1,全国大学英语四、六级考试大纲（2016年修订版）,https://cet.neea.edu.cn/res/Home/1704/55b02330ac17274664f06d9d3db8249d.pdf,39
carry,官方词表未提供读音,官方《全国大学英语四、六级考试大纲（2016年修订版）》词表词目；官方未提供释义,官方词表只列词形，不列例句,1,全国大学英语四、六级考试大纲（2016年修订版）,https://cet.neea.edu.cn/res/Home/1704/55b02330ac17274664f06d9d3db8249d.pdf,39
cart,官方词表未提供读音,官方《全国大学英语四、六级考试大纲（2016年修订版）》词表词目；官方未提供释义,官方词表只列词形，不列例句,1,全国大学英语四、六级考试大纲（2016年修订版）,https://cet.neea.edu.cn/res/Home/1704/55b02330ac17274664f06d9d3db8249d.pdf,39
cartoon cartoonist,官方词表未提供读音,官方《全国大学英语四、六级考试大纲（2016年修订版）》词表词目；官方未提供释义,官方词表只列词形，不列例句,1,全国大学英语四、六级考试大纲（2016年修订版）,https://cet.neea.edu.cn/res/Home/1704/55b02330ac17274664f06d9d3db8249d.pdf,39
case,官方词表未提供读音,官方《全国大学英语四、六级考试大纲（2016年修订版）》词表词目；官方未提供释义,官方词表只列词形，不列例句,1,全国大学英语四、六级考试大纲（2016年修订版）,https://cet.neea.edu.cn/res/Home/1704/55b02330ac17274664f06d9d3db8249d.pdf,39
cash,官方词表未提供读音,官方《全国大学英语四、六级考试大纲（2016年修订版）》词表词目；官方未提供释义,官方词表只列词形，不列例句,1,全国大学英语四、六级考试大纲（2016年修订版）,https://cet.neea.edu.cn/res/Home/1704/55b02330ac17274664f06d9d3db8249d.pdf,39
cashier,官方词表未提供读音,官方《全国大学英语四、六级考试大纲（2016年修订版）》词表词目；官方未提供释义,官方词表只列词形，不列例句,1,全国大学英语四、六级考试大纲（2016年修订版）,https://cet.neea.edu.cn/res/Home/1704/55b02330ac17274664f06d9d3db8249d.pdf,39
cast,官方词表未提供读音,官方《全国大学英语四、六级考试大纲（2016年修订版）》词表词目；官方未提供释义,官方词表只列词形，不列例句,1,全国大学英语四、六级考试大纲（2016年修订版）,https://cet.neea.edu.cn/res/Home/1704/55b02330ac17274664f06d9d3db8249d.pdf,39
castle,官方词表未提供读音,官方《全国大学英语四、六级考试大纲（2016年修订版）》词表词目；官方未提供释义,官方词表只列词形，不列例句,1,全国大学英语四、六级考试大纲（2016年修订版）,https://cet.neea.edu.cn/res/Home/1704/55b02330ac17274664f06d9d3db8249d.pdf,39
casual,官方词表未提供读音,官方《全国大学英语四、六级考试大纲（2016年修订版）》词表词目；官方未提供释义,官方词表只列词形，不列例句,1,全国大学英语四、六级考试大纲（2016年修订版）,https://cet.neea.edu.cn/res/Home/1704/55b02330ac17274664f06d9d3db8249d.pdf,39
cat,官方词表未提供读音,官方《全国大学英语四、六级考试大纲（2016年修订版）》词表词目；官方未提供释义,官方词表只列词形，不列例句,1,全国大学英语四、六级考试大纲（2016年修订版）,https://cet.neea.edu.cn/res/Home/1704/55b02330ac17274664f06d9d3db8249d.pdf,39
catalog(ue),官方词表未提供读音,官方《全国大学英语四、六级考试大纲（2016年修订版）》词表词目；官方未提供释义,官方词表只列词形，不列例句,1,全国大学英语四、六级考试大纲（2016年修订版）,https://cet.neea.edu.cn/res/Home/1704/55b02330ac17274664f06d9d3db8249d.pdf,39
catch,官方词表未提供读音,官方《全国大学英语四、六级考试大纲（2016年修订版）》词表词目；官方未提供释义,官方词表只列词形，不列例句,1,全国大学英语四、六级考试大纲（2016年修订版）,https://cet.neea.edu.cn/res/Home/1704/55b02330ac17274664f06d9d3db8249d.pdf,39
category,官方词表未提供读音,官方《全国大学英语四、六级考试大纲（2016年修订版）》词表词目；官方未提供释义,官方词表只列词形，不列例句,1,全国大学英语四、六级考试大纲（2016年修订版）,https://cet.neea.edu.cn/res/Home/1704/55b02330ac17274664f06d9d3db8249d.pdf,39
cater,官方词表未提供读音,官方《全国大学英语四、六级考试大纲（2016年修订版）》词表词目；官方未提供释义,官方词表只列词形，不列例句,1,全国大学英语四、六级考试大纲（2016年修订版）,https://cet.neea.edu.cn/res/Home/1704/55b02330ac17274664f06d9d3db8249d.pdf,39
cattle,官方词表未提供读音,官方《全国大学英语四、六级考试大纲（2016年修订版）》词表词目；官方未提供释义,官方词表只列词形，不列例句,1,全国大学英语四、六级考试大纲（2016年修订版）,https://cet.neea.edu.cn/res/Home/1704/55b02330ac17274664f06d9d3db8249d.pdf,39
cause,官方词表未提供读音,官方《全国大学英语四、六级考试大纲（2016年修订版）》词表词目；官方未提供释义,官方词表只列词形，不列例句,1,全国大学英语四、六级考试大纲（2016年修订版）,https://cet.neea.edu.cn/res/Home/1704/55b02330ac17274664f06d9d3db8249d.pdf,39
caution cautious,官方词表未提供读音,官方《全国大学英语四、六级考试大纲（2016年修订版）》词表词目；官方未提供释义,官方词表只列词形，不列例句,1,全国大学英语四、六级考试大纲（2016年修订版）,https://cet.neea.edu.cn/res/Home/1704/55b02330ac17274664f06d9d3db8249d.pdf,39
cave,官方词表未提供读音,官方《全国大学英语四、六级考试大纲（2016年修订版）》词表词目；官方未提供释义,官方词表只列词形，不列例句,1,全国大学英语四、六级考试大纲（2016年修订版）,https://cet.neea.edu.cn/res/Home/1704/55b02330ac17274664f06d9d3db8249d.pdf,39
cease,官方词表未提供读音,官方《全国大学英语四、六级考试大纲（2016年修订版）》词表词目；官方未提供释义,官方词表只列词形，不列例句,1,全国大学英语四、六级考试大纲（2016年修订版）,https://cet.neea.edu.cn/res/Home/1704/55b02330ac17274664f06d9d3db8249d.pdf,39
ceiling,官方词表未提供读音,官方《全国大学英语四、六级考试大纲（2016年修订版）》词表词目；官方未提供释义,官方词表只列词形，不列例句,1,全国大学英语四、六级考试大纲（2016年修订版）,https://cet.neea.edu.cn/res/Home/1704/55b02330ac17274664f06d9d3db8249d.pdf,39
celebrate celebration,官方词表未提供读音,官方《全国大学英语四、六级考试大纲（2016年修订版）》词表词目；官方未提供释义,官方词表只列词形，不列例句,1,全国大学英语四、六级考试大纲（2016年修订版）,https://cet.neea.edu.cn/res/Home/1704/55b02330ac17274664f06d9d3db8249d.pdf,39
cell,官方词表未提供读音,官方《全国大学英语四、六级考试大纲（2016年修订版）》词表词目；官方未提供释义,官方词表只列词形，不列例句,1,全国大学英语四、六级考试大纲（2016年修订版）,https://cet.neea.edu.cn/res/Home/1704/55b02330ac17274664f06d9d3db8249d.pdf,39
cellar,官方词表未提供读音,官方《全国大学英语四、六级考试大纲（2016年修订版）》词表词目；官方未提供释义,官方词表只列词形，不列例句,1,全国大学英语四、六级考试大纲（2016年修订版）,https://cet.neea.edu.cn/res/Home/1704/55b02330ac17274664f06d9d3db8249d.pdf,39
cell-phone,官方词表未提供读音,官方《全国大学英语四、六级考试大纲（2016年修订版）》词表词目；官方未提供释义,官方词表只列词形，不列例句,1,全国大学英语四、六级考试大纲（2016年修订版）,https://cet.neea.edu.cn/res/Home/1704/55b02330ac17274664f06d9d3db8249d.pdf,39
Celsius/-cius,官方词表未提供读音,官方《全国大学英语四、六级考试大纲（2016年修订版）》词表词目；官方未提供释义,官方词表只列词形，不列例句,1,全国大学英语四、六级考试大纲（2016年修订版）,https://cet.neea.edu.cn/res/Home/1704/55b02330ac17274664f06d9d3db8249d.pdf,39
cement,官方词表未提供读音,官方《全国大学英语四、六级考试大纲（2016年修订版）》词表词目；官方未提供释义,官方词表只列词形，不列例句,1,全国大学英语四、六级考试大纲（2016年修订版）,https://cet.neea.edu.cn/res/Home/1704/55b02330ac17274664f06d9d3db8249d.pdf,40
cent,官方词表未提供读音,官方《全国大学英语四、六级考试大纲（2016年修订版）》词表词目；官方未提供释义,官方词表只列词形，不列例句,1,全国大学英语四、六级考试大纲（2016年修订版）,https://cet.neea.edu.cn/res/Home/1704/55b02330ac17274664f06d9d3db8249d.pdf,40
center/-tre central centralize/-ise,官方词表未提供读音,官方《全国大学英语四、六级考试大纲（2016年修订版）》词表词目；官方未提供释义,官方词表只列词形，不列例句,1,全国大学英语四、六级考试大纲（2016年修订版）,https://cet.neea.edu.cn/res/Home/1704/55b02330ac17274664f06d9d3db8249d.pdf,40
centigrade,官方词表未提供读音,官方《全国大学英语四、六级考试大纲（2016年修订版）》词表词目；官方未提供释义,官方词表只列词形，不列例句,1,全国大学英语四、六级考试大纲（2016年修订版）,https://cet.neea.edu.cn/res/Home/1704/55b02330ac17274664f06d9d3db8249d.pdf,40
centimeter/-tre,官方词表未提供读音,官方《全国大学英语四、六级考试大纲（2016年修订版）》词表词目；官方未提供释义,官方词表只列词形，不列例句,1,全国大学英语四、六级考试大纲（2016年修订版）,https://cet.neea.edu.cn/res/Home/1704/55b02330ac17274664f06d9d3db8249d.pdf,40
century,官方词表未提供读音,官方《全国大学英语四、六级考试大纲（2016年修订版）》词表词目；官方未提供释义,官方词表只列词形，不列例句,1,全国大学英语四、六级考试大纲（2016年修订版）,https://cet.neea.edu.cn/res/Home/1704/55b02330ac17274664f06d9d3db8249d.pdf,40
cereal,官方词表未提供读音,官方《全国大学英语四、六级考试大纲（2016年修订版）》词表词目；官方未提供释义,官方词表只列词形，不列例句,1,全国大学英语四、六级考试大纲（2016年修订版）,https://cet.neea.edu.cn/res/Home/1704/55b02330ac17274664f06d9d3db8249d.pdf,40
ceremony ceremonial,官方词表未提供读音,官方《全国大学英语四、六级考试大纲（2016年修订版）》词表词目；官方未提供释义,官方词表只列词形，不列例句,1,全国大学英语四、六级考试大纲（2016年修订版）,https://cet.neea.edu.cn/res/Home/1704/55b02330ac17274664f06d9d3db8249d.pdf,40
certain certainly certainty,官方词表未提供读音,官方《全国大学英语四、六级考试大纲（2016年修订版）》词表词目；官方未提供释义,官方词表只列词形，不列例句,1,全国大学英语四、六级考试大纲（2016年修订版）,https://cet.neea.edu.cn/res/Home/1704/55b02330ac17274664f06d9d3db8249d.pdf,40
certificate,官方词表未提供读音,官方《全国大学英语四、六级考试大纲（2016年修订版）》词表词目；官方未提供释义,官方词表只列词形，不列例句,1,全国大学英语四、六级考试大纲（2016年修订版）,https://cet.neea.edu.cn/res/Home/1704/55b02330ac17274664f06d9d3db8249d.pdf,40
chain,官方词表未提供读音,官方《全国大学英语四、六级考试大纲（2016年修订版）》词表词目；官方未提供释义,官方词表只列词形，不列例句,1,全国大学英语四、六级考试大纲（2016年修订版）,https://cet.neea.edu.cn/res/Home/1704/55b02330ac17274664f06d9d3db8249d.pdf,40
chair,官方词表未提供读音,官方《全国大学英语四、六级考试大纲（2016年修订版）》词表词目；官方未提供释义,官方词表只列词形，不列例句,1,全国大学英语四、六级考试大纲（2016年修订版）,https://cet.neea.edu.cn/res/Home/1704/55b02330ac17274664f06d9d3db8249d.pdf,40
chairman/chairperson,官方词表未提供读音,官方《全国大学英语四、六级考试大纲（2016年修订版）》词表词目；官方未提供释义,官方词表只列词形，不列例句,1,全国大学英语四、六级考试大纲（2016年修订版）,https://cet.neea.edu.cn/res/Home/1704/55b02330ac17274664f06d9d3db8249d.pdf,40
chalk,官方词表未提供读音,官方《全国大学英语四、六级考试大纲（2016年修订版）》词表词目；官方未提供释义,官方词表只列词形，不列例句,1,全国大学英语四、六级考试大纲（2016年修订版）,https://cet.neea.edu.cn/res/Home/1704/55b02330ac17274664f06d9d3db8249d.pdf,40
challenge challenging,官方词表未提供读音,官方《全国大学英语四、六级考试大纲（2016年修订版）》词表词目；官方未提供释义,官方词表只列词形，不列例句,1,全国大学英语四、六级考试大纲（2016年修订版）,https://cet.neea.edu.cn/res/Home/1704/55b02330ac17274664f06d9d3db8249d.pdf,40
champagne,官方词表未提供读音,官方《全国大学英语四、六级考试大纲（2016年修订版）》词表词目；官方未提供释义,官方词表只列词形，不列例句,1,全国大学英语四、六级考试大纲（2016年修订版）,https://cet.neea.edu.cn/res/Home/1704/55b02330ac17274664f06d9d3db8249d.pdf,40
champion championship,官方词表未提供读音,官方《全国大学英语四、六级考试大纲（2016年修订版）》词表词目；官方未提供释义,官方词表只列词形，不列例句,1,全国大学英语四、六级考试大纲（2016年修订版）,https://cet.neea.edu.cn/res/Home/1704/55b02330ac17274664f06d9d3db8249d.pdf,40
chance,官方词表未提供读音,官方《全国大学英语四、六级考试大纲（2016年修订版）》词表词目；官方未提供释义,官方词表只列词形，不列例句,1,全国大学英语四、六级考试大纲（2016年修订版）,https://cet.neea.edu.cn/res/Home/1704/55b02330ac17274664f06d9d3db8249d.pdf,40
change,官方词表未提供读音,官方《全国大学英语四、六级考试大纲（2016年修订版）》词表词目；官方未提供释义,官方词表只列词形，不列例句,1,全国大学英语四、六级考试大纲（2016年修订版）,https://cet.neea.edu.cn/res/Home/1704/55b02330ac17274664f06d9d3db8249d.pdf,40
channel,官方词表未提供读音,官方《全国大学英语四、六级考试大纲（2016年修订版）》词表词目；官方未提供释义,官方词表只列词形，不列例句,1,全国大学英语四、六级考试大纲（2016年修订版）,https://cet.neea.edu.cn/res/Home/1704/55b02330ac17274664f06d9d3db8249d.pdf,40
chaos chaotic,官方词表未提供读音,官方《全国大学英语四、六级考试大纲（2016年修订版）》词表词目；官方未提供释义,官方词表只列词形，不列例句,1,全国大学英语四、六级考试大纲（2016年修订版）,https://cet.neea.edu.cn/res/Home/1704/55b02330ac17274664f06d9d3db8249d.pdf,40
chapter,官方词表未提供读音,官方《全国大学英语四、六级考试大纲（2016年修订版）》词表词目；官方未提供释义,官方词表只列词形，不列例句,1,全国大学英语四、六级考试大纲（2016年修订版）,https://cet.neea.edu.cn/res/Home/1704/55b02330ac17274664f06d9d3db8249d.pdf,40
character characteristic characterize/-ise,官方词表未提供读音,官方《全国大学英语四、六级考试大纲（2016年修订版）》词表词目；官方未提供释义,官方词表只列词形，不列例句,1,全国大学英语四、六级考试大纲（2016年修订版）,https://cet.neea.edu.cn/res/Home/1704/55b02330ac17274664f06d9d3db8249d.pdf,40
charge,官方词表未提供读音,官方《全国大学英语四、六级考试大纲（2016年修订版）》词表词目；官方未提供释义,官方词表只列词形，不列例句,1,全国大学英语四、六级考试大纲（2016年修订版）,https://cet.neea.edu.cn/res/Home/1704/55b02330ac17274664f06d9d3db8249d.pdf,40
charity charitable,官方词表未提供读音,官方《全国大学英语四、六级考试大纲（2016年修订版）》词表词目；官方未提供释义,官方词表只列词形，不列例句,1,全国大学英语四、六级考试大纲（2016年修订版）,https://cet.neea.edu.cn/res/Home/1704/55b02330ac17274664f06d9d3db8249d.pdf,40
charm charming,官方词表未提供读音,官方《全国大学英语四、六级考试大纲（2016年修订版）》词表词目；官方未提供释义,官方词表只列词形，不列例句,1,全国大学英语四、六级考试大纲（2016年修订版）,https://cet.neea.edu.cn/res/Home/1704/55b02330ac17274664f06d9d3db8249d.pdf,40
chart,官方词表未提供读音,官方《全国大学英语四、六级考试大纲（2016年修订版）》词表词目；官方未提供释义,官方词表只列词形，不列例句,1,全国大学英语四、六级考试大纲（2016年修订版）,https://cet.neea.edu.cn/res/Home/1704/55b02330ac17274664f06d9d3db8249d.pdf,40
charter,官方词表未提供读音,官方《全国大学英语四、六级考试大纲（2016年修订版）》词表词目；官方未提供释义,官方词表只列词形，不列例句,1,全国大学英语四、六级考试大纲（2016年修订版）,https://cet.neea.edu.cn/res/Home/1704/55b02330ac17274664f06d9d3db8249d.pdf,40
chase,官方词表未提供读音,官方《全国大学英语四、六级考试大纲（2016年修订版）》词表词目；官方未提供释义,官方词表只列词形，不列例句,1,全国大学英语四、六级考试大纲（2016年修订版）,https://cet.neea.edu.cn/res/Home/1704/55b02330ac17274664f06d9d3db8249d.pdf,40
chat,官方词表未提供读音,官方《全国大学英语四、六级考试大纲（2016年修订版）》词表词目；官方未提供释义,官方词表只列词形，不列例句,1,全国大学英语四、六级考试大纲（2016年修订版）,https://cet.neea.edu.cn/res/Home/1704/55b02330ac17274664f06d9d3db8249d.pdf,40
cheap,官方词表未提供读音,官方《全国大学英语四、六级考试大纲（2016年修订版）》词表词目；官方未提供释义,官方词表只列词形，不列例句,1,全国大学英语四、六级考试大纲（2016年修订版）,https://cet.neea.edu.cn/res/Home/1704/55b02330ac17274664f06d9d3db8249d.pdf,40
cheat,官方词表未提供读音,官方《全国大学英语四、六级考试大纲（2016年修订版）》词表词目；官方未提供释义,官方词表只列词形，不列例句,1,全国大学英语四、六级考试大纲（2016年修订版）,https://cet.neea.edu.cn/res/Home/1704/55b02330ac17274664f06d9d3db8249d.pdf,40
check,官方词表未提供读音,官方《全国大学英语四、六级考试大纲（2016年修订版）》词表词目；官方未提供释义,官方词表只列词形，不列例句,1,全国大学英语四、六级考试大纲（2016年修订版）,https://cet.neea.edu.cn/res/Home/1704/55b02330ac17274664f06d9d3db8249d.pdf,40
cheek,官方词表未提供读音,官方《全国大学英语四、六级考试大纲（2016年修订版）》词表词目；官方未提供释义,官方词表只列词形，不列例句,1,全国大学英语四、六级考试大纲（2016年修订版）,https://cet.neea.edu.cn/res/Home/1704/55b02330ac17274664f06d9d3db8249d.pdf,41
cheer cheerful,官方词表未提供读音,官方《全国大学英语四、六级考试大纲（2016年修订版）》词表词目；官方未提供释义,官方词表只列词形，不列例句,1,全国大学英语四、六级考试大纲（2016年修订版）,https://cet.neea.edu.cn/res/Home/1704/55b02330ac17274664f06d9d3db8249d.pdf,41
cheese,官方词表未提供读音,官方《全国大学英语四、六级考试大纲（2016年修订版）》词表词目；官方未提供释义,官方词表只列词形，不列例句,1,全国大学英语四、六级考试大纲（2016年修订版）,https://cet.neea.edu.cn/res/Home/1704/55b02330ac17274664f06d9d3db8249d.pdf,41
chef,官方词表未提供读音,官方《全国大学英语四、六级考试大纲（2016年修订版）》词表词目；官方未提供释义,官方词表只列词形，不列例句,1,全国大学英语四、六级考试大纲（2016年修订版）,https://cet.neea.edu.cn/res/Home/1704/55b02330ac17274664f06d9d3db8249d.pdf,41
chemistry chemical chemist,官方词表未提供读音,官方《全国大学英语四、六级考试大纲（2016年修订版）》词表词目；官方未提供释义,官方词表只列词形，不列例句,1,全国大学英语四、六级考试大纲（2016年修订版）,https://cet.neea.edu.cn/res/Home/1704/55b02330ac17274664f06d9d3db8249d.pdf,41
cherish,官方词表未提供读音,官方《全国大学英语四、六级考试大纲（2016年修订版）》词表词目；官方未提供释义,官方词表只列词形，不列例句,1,全国大学英语四、六级考试大纲（2016年修订版）,https://cet.neea.edu.cn/res/Home/1704/55b02330ac17274664f06d9d3db8249d.pdf,41
chess,官方词表未提供读音,官方《全国大学英语四、六级考试大纲（2016年修订版）》词表词目；官方未提供释义,官方词表只列词形，不列例句,1,全国大学英语四、六级考试大纲（2016年修订版）,https://cet.neea.edu.cn/res/Home/1704/55b02330ac17274664f06d9d3db8249d.pdf,41
chest,官方词表未提供读音,官方《全国大学英语四、六级考试大纲（2016年修订版）》词表词目；官方未提供释义,官方词表只列词形，不列例句,1,全国大学英语四、六级考试大纲（2016年修订版）,https://cet.neea.edu.cn/res/Home/1704/55b02330ac17274664f06d9d3db8249d.pdf,41
chew,官方词表未提供读音,官方《全国大学英语四、六级考试大纲（2016年修订版）》词表词目；官方未提供释义,官方词表只列词形，不列例句,1,全国大学英语四、六级考试大纲（2016年修订版）,https://cet.neea.edu.cn/res/Home/1704/55b02330ac17274664f06d9d3db8249d.pdf,41
chicken,官方词表未提供读音,官方《全国大学英语四、六级考试大纲（2016年修订版）》词表词目；官方未提供释义,官方词表只列词形，不列例句,1,全国大学英语四、六级考试大纲（2016年修订版）,https://cet.neea.edu.cn/res/Home/1704/55b02330ac17274664f06d9d3db8249d.pdf,41
chief,官方词表未提供读音,官方《全国大学英语四、六级考试大纲（2016年修订版）》词表词目；官方未提供释义,官方词表只列词形，不列例句,1,全国大学英语四、六级考试大纲（2016年修订版）,https://cet.neea.edu.cn/res/Home/1704/55b02330ac17274664f06d9d3db8249d.pdf,41
child childish,官方词表未提供读音,官方《全国大学英语四、六级考试大纲（2016年修订版）》词表词目；官方未提供释义,官方词表只列词形，不列例句,1,全国大学英语四、六级考试大纲（2016年修订版）,https://cet.neea.edu.cn/res/Home/1704/55b02330ac17274664f06d9d3db8249d.pdf,41
chill chilly,官方词表未提供读音,官方《全国大学英语四、六级考试大纲（2016年修订版）》词表词目；官方未提供释义,官方词表只列词形，不列例句,1,全国大学英语四、六级考试大纲（2016年修订版）,https://cet.neea.edu.cn/res/Home/1704/55b02330ac17274664f06d9d3db8249d.pdf,41
chimney,官方词表未提供读音,官方《全国大学英语四、六级考试大纲（2016年修订版）》词表词目；官方未提供释义,官方词表只列词形，不列例句,1,全国大学英语四、六级考试大纲（2016年修订版）,https://cet.neea.edu.cn/res/Home/1704/55b02330ac17274664f06d9d3db8249d.pdf,41
chin,官方词表未提供读音,官方《全国大学英语四、六级考试大纲（2016年修订版）》词表词目；官方未提供释义,官方词表只列词形，不列例句,1,全国大学英语四、六级考试大纲（2016年修订版）,https://cet.neea.edu.cn/res/Home/1704/55b02330ac17274664f06d9d3db8249d.pdf,41
china,官方词表未提供读音,官方《全国大学英语四、六级考试大纲（2016年修订版）》词表词目；官方未提供释义,官方词表只列词形，不列例句,1,全国大学英语四、六级考试大纲（2016年修订版）,https://cet.neea.edu.cn/res/Home/1704/55b02330ac17274664f06d9d3db8249d.pdf,41
chip,官方词表未提供读音,官方《全国大学英语四、六级考试大纲（2016年修订版）》词表词目；官方未提供释义,官方词表只列词形，不列例句,1,全国大学英语四、六级考试大纲（2016年修订版）,https://cet.neea.edu.cn/res/Home/1704/55b02330ac17274664f06d9d3db8249d.pdf,41
chocolate,官方词表未提供读音,官方《全国大学英语四、六级考试大纲（2016年修订版）》词表词目；官方未提供释义,官方词表只列词形，不列例句,1,全国大学英语四、六级考试大纲（2016年修订版）,https://cet.neea.edu.cn/res/Home/1704/55b02330ac17274664f06d9d3db8249d.pdf,41
choice,官方词表未提供读音,官方《全国大学英语四、六级考试大纲（2016年修订版）》词表词目；官方未提供释义,官方词表只列词形，不列例句,1,全国大学英语四、六级考试大纲（2016年修订版）,https://cet.neea.edu.cn/res/Home/1704/55b02330ac17274664f06d9d3db8249d.pdf,41
choke,官方词表未提供读音,官方《全国大学英语四、六级考试大纲（2016年修订版）》词表词目；官方未提供释义,官方词表只列词形，不列例句,1,全国大学英语四、六级考试大纲（2016年修订版）,https://cet.neea.edu.cn/res/Home/1704/55b02330ac17274664f06d9d3db8249d.pdf,41
cholesterol,官方词表未提供读音,官方《全国大学英语四、六级考试大纲（2016年修订版）》词表词目；官方未提供释义,官方词表只列词形，不列例句,1,全国大学英语四、六级考试大纲（2016年修订版）,https://cet.neea.edu.cn/res/Home/1704/55b02330ac17274664f06d9d3db8249d.pdf,41
choose choosy,官方词表未提供读音,官方《全国大学英语四、六级考试大纲（2016年修订版）》词表词目；官方未提供释义,官方词表只列词形，不列例句,1,全国大学英语四、六级考试大纲（2016年修订版）,https://cet.neea.edu.cn/res/Home/1704/55b02330ac17274664f06d9d3db8249d.pdf,41
chop,官方词表未提供读音,官方《全国大学英语四、六级考试大纲（2016年修订版）》词表词目；官方未提供释义,官方词表只列词形，不列例句,1,全国大学英语四、六级考试大纲（2016年修订版）,https://cet.neea.edu.cn/res/Home/1704/55b02330ac17274664f06d9d3db8249d.pdf,41
chopstick,官方词表未提供读音,官方《全国大学英语四、六级考试大纲（2016年修订版）》词表词目；官方未提供释义,官方词表只列词形，不列例句,1,全国大学英语四、六级考试大纲（2016年修订版）,https://cet.neea.edu.cn/res/Home/1704/55b02330ac17274664f06d9d3db8249d.pdf,41
chore,官方词表未提供读音,官方《全国大学英语四、六级考试大纲（2016年修订版）》词表词目；官方未提供释义,官方词表只列词形，不列例句,1,全国大学英语四、六级考试大纲（2016年修订版）,https://cet.neea.edu.cn/res/Home/1704/55b02330ac17274664f06d9d3db8249d.pdf,41
chorus,官方词表未提供读音,官方《全国大学英语四、六级考试大纲（2016年修订版）》词表词目；官方未提供释义,官方词表只列词形，不列例句,1,全国大学英语四、六级考试大纲（2016年修订版）,https://cet.neea.edu.cn/res/Home/1704/55b02330ac17274664f06d9d3db8249d.pdf,41
Christ Christmas Christian Christianity,官方词表未提供读音,官方《全国大学英语四、六级考试大纲（2016年修订版）》词表词目；官方未提供释义,官方词表只列词形，不列例句,1,全国大学英语四、六级考试大纲（2016年修订版）,https://cet.neea.edu.cn/res/Home/1704/55b02330ac17274664f06d9d3db8249d.pdf,41
church,官方词表未提供读音,官方《全国大学英语四、六级考试大纲（2016年修订版）》词表词目；官方未提供释义,官方词表只列词形，不列例句,1,全国大学英语四、六级考试大纲（2016年修订版）,https://cet.neea.edu.cn/res/Home/1704/55b02330ac17274664f06d9d3db8249d.pdf,41
cigar,官方词表未提供读音,官方《全国大学英语四、六级考试大纲（2016年修订版）》词表词目；官方未提供释义,官方词表只列词形，不列例句,1,全国大学英语四、六级考试大纲（2016年修订版）,https://cet.neea.edu.cn/res/Home/1704/55b02330ac17274664f06d9d3db8249d.pdf,41
cigaret(te),官方词表未提供读音,官方《全国大学英语四、六级考试大纲（2016年修订版）》词表词目；官方未提供释义,官方词表只列词形，不列例句,1,全国大学英语四、六级考试大纲（2016年修订版）,https://cet.neea.edu.cn/res/Home/1704/55b02330ac17274664f06d9d3db8249d.pdf,41
cinema,官方词表未提供读音,官方《全国大学英语四、六级考试大纲（2016年修订版）》词表词目；官方未提供释义,官方词表只列词形，不列例句,1,全国大学英语四、六级考试大纲（2016年修订版）,https://cet.neea.edu.cn/res/Home/1704/55b02330ac17274664f06d9d3db8249d.pdf,41
circle circular,官方词表未提供读音,官方《全国大学英语四、六级考试大纲（2016年修订版）》词表词目；官方未提供释义,官方词表只列词形，不列例句,1,全国大学英语四、六级考试大纲（2016年修订版）,https://cet.neea.edu.cn/res/Home/1704/55b02330ac17274664f06d9d3db8249d.pdf,41
circuit,官方词表未提供读音,官方《全国大学英语四、六级考试大纲（2016年修订版）》词表词目；官方未提供释义,官方词表只列词形，不列例句,1,全国大学英语四、六级考试大纲（2016年修订版）,https://cet.neea.edu.cn/res/Home/1704/55b02330ac17274664f06d9d3db8249d.pdf,41
circulate circulation,官方词表未提供读音,官方《全国大学英语四、六级考试大纲（2016年修订版）》词表词目；官方未提供释义,官方词表只列词形，不列例句,1,全国大学英语四、六级考试大纲（2016年修订版）,https://cet.neea.edu.cn/res/Home/1704/55b02330ac17274664f06d9d3db8249d.pdf,41
circumstance,官方词表未提供读音,官方《全国大学英语四、六级考试大纲（2016年修订版）》词表词目；官方未提供释义,官方词表只列词形，不列例句,1,全国大学英语四、六级考试大纲（2016年修订版）,https://cet.neea.edu.cn/res/Home/1704/55b02330ac17274664f06d9d3db8249d.pdf,41
circus,官方词表未提供读音,官方《全国大学英语四、六级考试大纲（2016年修订版）》词表词目；官方未提供释义,官方词表只列词形，不列例句,1,全国大学英语四、六级考试大纲（2016年修订版）,https://cet.neea.edu.cn/res/Home/1704/55b02330ac17274664f06d9d3db8249d.pdf,41
cite citation,官方词表未提供读音,官方《全国大学英语四、六级考试大纲（2016年修订版）》词表词目；官方未提供释义,官方词表只列词形，不列例句,1,全国大学英语四、六级考试大纲（2016年修订版）,https://cet.neea.edu.cn/res/Home/1704/55b02330ac17274664f06d9d3db8249d.pdf,42
citizen citizenship,官方词表未提供读音,官方《全国大学英语四、六级考试大纲（2016年修订版）》词表词目；官方未提供释义,官方词表只列词形，不列例句,1,全国大学英语四、六级考试大纲（2016年修订版）,https://cet.neea.edu.cn/res/Home/1704/55b02330ac17274664f06d9d3db8249d.pdf,42
city,官方词表未提供读音,官方《全国大学英语四、六级考试大纲（2016年修订版）》词表词目；官方未提供释义,官方词表只列词形，不列例句,1,全国大学英语四、六级考试大纲（2016年修订版）,https://cet.neea.edu.cn/res/Home/1704/55b02330ac17274664f06d9d3db8249d.pdf,42
civil civilize/-ise civilization/-sation,官方词表未提供读音,官方《全国大学英语四、六级考试大纲（2016年修订版）》词表词目；官方未提供释义,官方词表只列词形，不列例句,1,全国大学英语四、六级考试大纲（2016年修订版）,https://cet.neea.edu.cn/res/Home/1704/55b02330ac17274664f06d9d3db8249d.pdf,42
civilian,官方词表未提供读音,官方《全国大学英语四、六级考试大纲（2016年修订版）》词表词目；官方未提供释义,官方词表只列词形，不列例句,1,全国大学英语四、六级考试大纲（2016年修订版）,https://cet.neea.edu.cn/res/Home/1704/55b02330ac17274664f06d9d3db8249d.pdf,42
claim,官方词表未提供读音,官方《全国大学英语四、六级考试大纲（2016年修订版）》词表词目；官方未提供释义,官方词表只列词形，不列例句,1,全国大学英语四、六级考试大纲（2016年修订版）,https://cet.neea.edu.cn/res/Home/1704/55b02330ac17274664f06d9d3db8249d.pdf,42
clap,官方词表未提供读音,官方《全国大学英语四、六级考试大纲（2016年修订版）》词表词目；官方未提供释义,官方词表只列词形，不列例句,1,全国大学英语四、六级考试大纲（2016年修订版）,https://cet.neea.edu.cn/res/Home/1704/55b02330ac17274664f06d9d3db8249d.pdf,42
clarity clarify clarification,官方词表未提供读音,官方《全国大学英语四、六级考试大纲（2016年修订版）》词表词目；官方未提供释义,官方词表只列词形，不列例句,1,全国大学英语四、六级考试大纲（2016年修订版）,https://cet.neea.edu.cn/res/Home/1704/55b02330ac17274664f06d9d3db8249d.pdf,42
clash,官方词表未提供读音,官方《全国大学英语四、六级考试大纲（2016年修订版）》词表词目；官方未提供释义,官方词表只列词形，不列例句,1,全国大学英语四、六级考试大纲（2016年修订版）,https://cet.neea.edu.cn/res/Home/1704/55b02330ac17274664f06d9d3db8249d.pdf,42
class,官方词表未提供读音,官方《全国大学英语四、六级考试大纲（2016年修订版）》词表词目；官方未提供释义,官方词表只列词形，不列例句,1,全国大学英语四、六级考试大纲（2016年修订版）,https://cet.neea.edu.cn/res/Home/1704/55b02330ac17274664f06d9d3db8249d.pdf,42
classic classical,官方词表未提供读音,官方《全国大学英语四、六级考试大纲（2016年修订版）》词表词目；官方未提供释义,官方词表只列词形，不列例句,1,全国大学英语四、六级考试大纲（2016年修订版）,https://cet.neea.edu.cn/res/Home/1704/55b02330ac17274664f06d9d3db8249d.pdf,42
classify classification classified,官方词表未提供读音,官方《全国大学英语四、六级考试大纲（2016年修订版）》词表词目；官方未提供释义,官方词表只列词形，不列例句,1,全国大学英语四、六级考试大纲（2016年修订版）,https://cet.neea.edu.cn/res/Home/1704/55b02330ac17274664f06d9d3db8249d.pdf,42
classmate,官方词表未提供读音,官方《全国大学英语四、六级考试大纲（2016年修订版）》词表词目；官方未提供释义,官方词表只列词形，不列例句,1,全国大学英语四、六级考试大纲（2016年修订版）,https://cet.neea.edu.cn/res/Home/1704/55b02330ac17274664f06d9d3db8249d.pdf,42
classroom,官方词表未提供读音,官方《全国大学英语四、六级考试大纲（2016年修订版）》词表词目；官方未提供释义,官方词表只列词形，不列例句,1,全国大学英语四、六级考试大纲（2016年修订版）,https://cet.neea.edu.cn/res/Home/1704/55b02330ac17274664f06d9d3db8249d.pdf,42
clause,官方词表未提供读音,官方《全国大学英语四、六级考试大纲（2016年修订版）》词表词目；官方未提供释义,官方词表只列词形，不列例句,1,全国大学英语四、六级考试大纲（2016年修订版）,https://cet.neea.edu.cn/res/Home/1704/55b02330ac17274664f06d9d3db8249d.pdf,42
claw,官方词表未提供读音,官方《全国大学英语四、六级考试大纲（2016年修订版）》词表词目；官方未提供释义,官方词表只列词形，不列例句,1,全国大学英语四、六级考试大纲（2016年修订版）,https://cet.neea.edu.cn/res/Home/1704/55b02330ac17274664f06d9d3db8249d.pdf,42
clay,官方词表未提供读音,官方《全国大学英语四、六级考试大纲（2016年修订版）》词表词目；官方未提供释义,官方词表只列词形，不列例句,1,全国大学英语四、六级考试大纲（2016年修订版）,https://cet.neea.edu.cn/res/Home/1704/55b02330ac17274664f06d9d3db8249d.pdf,42
clean,官方词表未提供读音,官方《全国大学英语四、六级考试大纲（2016年修订版）》词表词目；官方未提供释义,官方词表只列词形，不列例句,1,全国大学英语四、六级考试大纲（2016年修订版）,https://cet.neea.edu.cn/res/Home/1704/55b02330ac17274664f06d9d3db8249d.pdf,42
clear clearly,官方词表未提供读音,官方《全国大学英语四、六级考试大纲（2016年修订版）》词表词目；官方未提供释义,官方词表只列词形，不列例句,1,全国大学英语四、六级考试大纲（2016年修订版）,https://cet.neea.edu.cn/res/Home/1704/55b02330ac17274664f06d9d3db8249d.pdf,42
clear-cut,官方词表未提供读音,官方《全国大学英语四、六级考试大纲（2016年修订版）》词表词目；官方未提供释义,官方词表只列词形，不列例句,1,全国大学英语四、六级考试大纲（2016年修订版）,https://cet.neea.edu.cn/res/Home/1704/55b02330ac17274664f06d9d3db8249d.pdf,42
clerk clerical,官方词表未提供读音,官方《全国大学英语四、六级考试大纲（2016年修订版）》词表词目；官方未提供释义,官方词表只列词形，不列例句,1,全国大学英语四、六级考试大纲（2016年修订版）,https://cet.neea.edu.cn/res/Home/1704/55b02330ac17274664f06d9d3db8249d.pdf,42
clever,官方词表未提供读音,官方《全国大学英语四、六级考试大纲（2016年修订版）》词表词目；官方未提供释义,官方词表只列词形，不列例句,1,全国大学英语四、六级考试大纲（2016年修订版）,https://cet.neea.edu.cn/res/Home/1704/55b02330ac17274664f06d9d3db8249d.pdf,42
click,官方词表未提供读音,官方《全国大学英语四、六级考试大纲（2016年修订版）》词表词目；官方未提供释义,官方词表只列词形，不列例句,1,全国大学英语四、六级考试大纲（2016年修订版）,https://cet.neea.edu.cn/res/Home/1704/55b02330ac17274664f06d9d3db8249d.pdf,42
client,官方词表未提供读音,官方《全国大学英语四、六级考试大纲（2016年修订版）》词表词目；官方未提供释义,官方词表只列词形，不列例句,1,全国大学英语四、六级考试大纲（2016年修订版）,https://cet.neea.edu.cn/res/Home/1704/55b02330ac17274664f06d9d3db8249d.pdf,42
cliff,官方词表未提供读音,官方《全国大学英语四、六级考试大纲（2016年修订版）》词表词目；官方未提供释义,官方词表只列词形，不列例句,1,全国大学英语四、六级考试大纲（2016年修订版）,https://cet.neea.edu.cn/res/Home/1704/55b02330ac17274664f06d9d3db8249d.pdf,42
climate climatic,官方词表未提供读音,官方《全国大学英语四、六级考试大纲（2016年修订版）》词表词目；官方未提供释义,官方词表只列词形，不列例句,1,全国大学英语四、六级考试大纲（2016年修订版）,https://cet.neea.edu.cn/res/Home/1704/55b02330ac17274664f06d9d3db8249d.pdf,42
climax,官方词表未提供读音,官方《全国大学英语四、六级考试大纲（2016年修订版）》词表词目；官方未提供释义,官方词表只列词形，不列例句,1,全国大学英语四、六级考试大纲（2016年修订版）,https://cet.neea.edu.cn/res/Home/1704/55b02330ac17274664f06d9d3db8249d.pdf,42
climb,官方词表未提供读音,官方《全国大学英语四、六级考试大纲（2016年修订版）》词表词目；官方未提供释义,官方词表只列词形，不列例句,1,全国大学英语四、六级考试大纲（2016年修订版）,https://cet.neea.edu.cn/res/Home/1704/55b02330ac17274664f06d9d3db8249d.pdf,42
cling,官方词表未提供读音,官方《全国大学英语四、六级考试大纲（2016年修订版）》词表词目；官方未提供释义,官方词表只列词形，不列例句,1,全国大学英语四、六级考试大纲（2016年修订版）,https://cet.neea.edu.cn/res/Home/1704/55b02330ac17274664f06d9d3db8249d.pdf,42
clinic clinical,官方词表未提供读音,官方《全国大学英语四、六级考试大纲（2016年修订版）》词表词目；官方未提供释义,官方词表只列词形，不列例句,1,全国大学英语四、六级考试大纲（2016年修订版）,https://cet.neea.edu.cn/res/Home/1704/55b02330ac17274664f06d9d3db8249d.pdf,42
clip,官方词表未提供读音,官方《全国大学英语四、六级考试大纲（2016年修订版）》词表词目；官方未提供释义,官方词表只列词形，不列例句,1,全国大学英语四、六级考试大纲（2016年修订版）,https://cet.neea.edu.cn/res/Home/1704/55b02330ac17274664f06d9d3db8249d.pdf,42
clock,官方词表未提供读音,官方《全国大学英语四、六级考试大纲（2016年修订版）》词表词目；官方未提供释义,官方词表只列词形，不列例句,1,全国大学英语四、六级考试大纲（2016年修订版）,https://cet.neea.edu.cn/res/Home/1704/55b02330ac17274664f06d9d3db8249d.pdf,43
clockwise,官方词表未提供读音,官方《全国大学英语四、六级考试大纲（2016年修订版）》词表词目；官方未提供释义,官方词表只列词形，不列例句,1,全国大学英语四、六级考试大纲（2016年修订版）,https://cet.neea.edu.cn/res/Home/1704/55b02330ac17274664f06d9d3db8249d.pdf,43
clone,官方词表未提供读音,官方《全国大学英语四、六级考试大纲（2016年修订版）》词表词目；官方未提供释义,官方词表只列词形，不列例句,1,全国大学英语四、六级考试大纲（2016年修订版）,https://cet.neea.edu.cn/res/Home/1704/55b02330ac17274664f06d9d3db8249d.pdf,43
close,官方词表未提供读音,官方《全国大学英语四、六级考试大纲（2016年修订版）》词表词目；官方未提供释义,官方词表只列词形，不列例句,1,全国大学英语四、六级考试大纲（2016年修订版）,https://cet.neea.edu.cn/res/Home/1704/55b02330ac17274664f06d9d3db8249d.pdf,43
cloth,官方词表未提供读音,官方《全国大学英语四、六级考试大纲（2016年修订版）》词表词目；官方未提供释义,官方词表只列词形，不列例句,1,全国大学英语四、六级考试大纲（2016年修订版）,https://cet.neea.edu.cn/res/Home/1704/55b02330ac17274664f06d9d3db8249d.pdf,43
clothe clothing,官方词表未提供读音,官方《全国大学英语四、六级考试大纲（2016年修订版）》词表词目；官方未提供释义,官方词表只列词形，不列例句,1,全国大学英语四、六级考试大纲（2016年修订版）,https://cet.neea.edu.cn/res/Home/1704/55b02330ac17274664f06d9d3db8249d.pdf,43
clothes,官方词表未提供读音,官方《全国大学英语四、六级考试大纲（2016年修订版）》词表词目；官方未提供释义,官方词表只列词形，不列例句,1,全国大学英语四、六级考试大纲（2016年修订版）,https://cet.neea.edu.cn/res/Home/1704/55b02330ac17274664f06d9d3db8249d.pdf,43
cloud cloudy,官方词表未提供读音,官方《全国大学英语四、六级考试大纲（2016年修订版）》词表词目；官方未提供释义,官方词表只列词形，不列例句,1,全国大学英语四、六级考试大纲（2016年修订版）,https://cet.neea.edu.cn/res/Home/1704/55b02330ac17274664f06d9d3db8249d.pdf,43
clown,官方词表未提供读音,官方《全国大学英语四、六级考试大纲（2016年修订版）》词表词目；官方未提供释义,官方词表只列词形，不列例句,1,全国大学英语四、六级考试大纲（2016年修订版）,https://cet.neea.edu.cn/res/Home/1704/55b02330ac17274664f06d9d3db8249d.pdf,43
club,官方词表未提供读音,官方《全国大学英语四、六级考试大纲（2016年修订版）》词表词目；官方未提供释义,官方词表只列词形，不列例句,1,全国大学英语四、六级考试大纲（2016年修订版）,https://cet.neea.edu.cn/res/Home/1704/55b02330ac17274664f06d9d3db8249d.pdf,43
clue,官方词表未提供读音,官方《全国大学英语四、六级考试大纲（2016年修订版）》词表词目；官方未提供释义,官方词表只列词形，不列例句,1,全国大学英语四、六级考试大纲（2016年修订版）,https://cet.neea.edu.cn/res/Home/1704/55b02330ac17274664f06d9d3db8249d.pdf,43
clumsy,官方词表未提供读音,官方《全国大学英语四、六级考试大纲（2016年修订版）》词表词目；官方未提供释义,官方词表只列词形，不列例句,1,全国大学英语四、六级考试大纲（2016年修订版）,https://cet.neea.edu.cn/res/Home/1704/55b02330ac17274664f06d9d3db8249d.pdf,43
coach,官方词表未提供读音,官方《全国大学英语四、六级考试大纲（2016年修订版）》词表词目；官方未提供释义,官方词表只列词形，不列例句,1,全国大学英语四、六级考试大纲（2016年修订版）,https://cet.neea.edu.cn/res/Home/1704/55b02330ac17274664f06d9d3db8249d.pdf,43
coal,官方词表未提供读音,官方《全国大学英语四、六级考试大纲（2016年修订版）》词表词目；官方未提供释义,官方词表只列词形，不列例句,1,全国大学英语四、六级考试大纲（2016年修订版）,https://cet.neea.edu.cn/res/Home/1704/55b02330ac17274664f06d9d3db8249d.pdf,43
coarse,官方词表未提供读音,官方《全国大学英语四、六级考试大纲（2016年修订版）》词表词目；官方未提供释义,官方词表只列词形，不列例句,1,全国大学英语四、六级考试大纲（2016年修订版）,https://cet.neea.edu.cn/res/Home/1704/55b02330ac17274664f06d9d3db8249d.pdf,43
coast coastal,官方词表未提供读音,官方《全国大学英语四、六级考试大纲（2016年修订版）》词表词目；官方未提供释义,官方词表只列词形，不列例句,1,全国大学英语四、六级考试大纲（2016年修订版）,https://cet.neea.edu.cn/res/Home/1704/55b02330ac17274664f06d9d3db8249d.pdf,43
coat,官方词表未提供读音,官方《全国大学英语四、六级考试大纲（2016年修订版）》词表词目；官方未提供释义,官方词表只列词形，不列例句,1,全国大学英语四、六级考试大纲（2016年修订版）,https://cet.neea.edu.cn/res/Home/1704/55b02330ac17274664f06d9d3db8249d.pdf,43
cock,官方词表未提供读音,官方《全国大学英语四、六级考试大纲（2016年修订版）》词表词目；官方未提供释义,官方词表只列词形，不列例句,1,全国大学英语四、六级考试大纲（2016年修订版）,https://cet.neea.edu.cn/res/Home/1704/55b02330ac17274664f06d9d3db8249d.pdf,43
code,官方词表未提供读音,官方《全国大学英语四、六级考试大纲（2016年修订版）》词表词目；官方未提供释义,官方词表只列词形，不列例句,1,全国大学英语四、六级考试大纲（2016年修订版）,https://cet.neea.edu.cn/res/Home/1704/55b02330ac17274664f06d9d3db8249d.pdf,43
coffee,官方词表未提供读音,官方《全国大学英语四、六级考试大纲（2016年修订版）》词表词目；官方未提供释义,官方词表只列词形，不列例句,1,全国大学英语四、六级考试大纲（2016年修订版）,https://cet.neea.edu.cn/res/Home/1704/55b02330ac17274664f06d9d3db8249d.pdf,43
coherent coherence,官方词表未提供读音,官方《全国大学英语四、六级考试大纲（2016年修订版）》词表词目；官方未提供释义,官方词表只列词形，不列例句,1,全国大学英语四、六级考试大纲（2016年修订版）,https://cet.neea.edu.cn/res/Home/1704/55b02330ac17274664f06d9d3db8249d.pdf,43
cohesion cohesive,官方词表未提供读音,官方《全国大学英语四、六级考试大纲（2016年修订版）》词表词目；官方未提供释义,官方词表只列词形，不列例句,1,全国大学英语四、六级考试大纲（2016年修订版）,https://cet.neea.edu.cn/res/Home/1704/55b02330ac17274664f06d9d3db8249d.pdf,43
coil,官方词表未提供读音,官方《全国大学英语四、六级考试大纲（2016年修订版）》词表词目；官方未提供释义,官方词表只列词形，不列例句,1,全国大学英语四、六级考试大纲（2016年修订版）,https://cet.neea.edu.cn/res/Home/1704/55b02330ac17274664f06d9d3db8249d.pdf,43
coin coinage,官方词表未提供读音,官方《全国大学英语四、六级考试大纲（2016年修订版）》词表词目；官方未提供释义,官方词表只列词形，不列例句,1,全国大学英语四、六级考试大纲（2016年修订版）,https://cet.neea.edu.cn/res/Home/1704/55b02330ac17274664f06d9d3db8249d.pdf,43
cold,官方词表未提供读音,官方《全国大学英语四、六级考试大纲（2016年修订版）》词表词目；官方未提供释义,官方词表只列词形，不列例句,1,全国大学英语四、六级考试大纲（2016年修订版）,https://cet.neea.edu.cn/res/Home/1704/55b02330ac17274664f06d9d3db8249d.pdf,43
collaborate collaboration collaborative,官方词表未提供读音,官方《全国大学英语四、六级考试大纲（2016年修订版）》词表词目；官方未提供释义,官方词表只列词形，不列例句,1,全国大学英语四、六级考试大纲（2016年修订版）,https://cet.neea.edu.cn/res/Home/1704/55b02330ac17274664f06d9d3db8249d.pdf,43
collapse,官方词表未提供读音,官方《全国大学英语四、六级考试大纲（2016年修订版）》词表词目；官方未提供释义,官方词表只列词形，不列例句,1,全国大学英语四、六级考试大纲（2016年修订版）,https://cet.neea.edu.cn/res/Home/1704/55b02330ac17274664f06d9d3db8249d.pdf,43
collar,官方词表未提供读音,官方《全国大学英语四、六级考试大纲（2016年修订版）》词表词目；官方未提供释义,官方词表只列词形，不列例句,1,全国大学英语四、六级考试大纲（2016年修订版）,https://cet.neea.edu.cn/res/Home/1704/55b02330ac17274664f06d9d3db8249d.pdf,43
colleague,官方词表未提供读音,官方《全国大学英语四、六级考试大纲（2016年修订版）》词表词目；官方未提供释义,官方词表只列词形，不列例句,1,全国大学英语四、六级考试大纲（2016年修订版）,https://cet.neea.edu.cn/res/Home/1704/55b02330ac17274664f06d9d3db8249d.pdf,43
collect collection,官方词表未提供读音,官方《全国大学英语四、六级考试大纲（2016年修订版）》词表词目；官方未提供释义,官方词表只列词形，不列例句,1,全国大学英语四、六级考试大纲（2016年修订版）,https://cet.neea.edu.cn/res/Home/1704/55b02330ac17274664f06d9d3db8249d.pdf,43
collective,官方词表未提供读音,官方《全国大学英语四、六级考试大纲（2016年修订版）》词表词目；官方未提供释义,官方词表只列词形，不列例句,1,全国大学英语四、六级考试大纲（2016年修订版）,https://cet.neea.edu.cn/res/Home/1704/55b02330ac17274664f06d9d3db8249d.pdf,44
college,官方词表未提供读音,官方《全国大学英语四、六级考试大纲（2016年修订版）》词表词目；官方未提供释义,官方词表只列词形，不列例句,1,全国大学英语四、六级考试大纲（2016年修订版）,https://cet.neea.edu.cn/res/Home/1704/55b02330ac17274664f06d9d3db8249d.pdf,44
colon semi-colon,官方词表未提供读音,官方《全国大学英语四、六级考试大纲（2016年修订版）》词表词目；官方未提供释义,官方词表只列词形，不列例句,1,全国大学英语四、六级考试大纲（2016年修订版）,https://cet.neea.edu.cn/res/Home/1704/55b02330ac17274664f06d9d3db8249d.pdf,44
colony colonial colonialism colonize/-ise,官方词表未提供读音,官方《全国大学英语四、六级考试大纲（2016年修订版）》词表词目；官方未提供释义,官方词表只列词形，不列例句,1,全国大学英语四、六级考试大纲（2016年修订版）,https://cet.neea.edu.cn/res/Home/1704/55b02330ac17274664f06d9d3db8249d.pdf,44
colo(u)r colo(u)rful,官方词表未提供读音,官方《全国大学英语四、六级考试大纲（2016年修订版）》词表词目；官方未提供释义,官方词表只列词形，不列例句,1,全国大学英语四、六级考试大纲（2016年修订版）,https://cet.neea.edu.cn/res/Home/1704/55b02330ac17274664f06d9d3db8249d.pdf,44
column columnist,官方词表未提供读音,官方《全国大学英语四、六级考试大纲（2016年修订版）》词表词目；官方未提供释义,官方词表只列词形，不列例句,1,全国大学英语四、六级考试大纲（2016年修订版）,https://cet.neea.edu.cn/res/Home/1704/55b02330ac17274664f06d9d3db8249d.pdf,44
comb,官方词表未提供读音,官方《全国大学英语四、六级考试大纲（2016年修订版）》词表词目；官方未提供释义,官方词表只列词形，不列例句,1,全国大学英语四、六级考试大纲（2016年修订版）,https://cet.neea.edu.cn/res/Home/1704/55b02330ac17274664f06d9d3db8249d.pdf,44
combat combative,官方词表未提供读音,官方《全国大学英语四、六级考试大纲（2016年修订版）》词表词目；官方未提供释义,官方词表只列词形，不列例句,1,全国大学英语四、六级考试大纲（2016年修订版）,https://cet.neea.edu.cn/res/Home/1704/55b02330ac17274664f06d9d3db8249d.pdf,44
combine combination,官方词表未提供读音,官方《全国大学英语四、六级考试大纲（2016年修订版）》词表词目；官方未提供释义,官方词表只列词形，不列例句,1,全国大学英语四、六级考试大纲（2016年修订版）,https://cet.neea.edu.cn/res/Home/1704/55b02330ac17274664f06d9d3db8249d.pdf,44
come,官方词表未提供读音,官方《全国大学英语四、六级考试大纲（2016年修订版）》词表词目；官方未提供释义,官方词表只列词形，不列例句,1,全国大学英语四、六级考试大纲（2016年修订版）,https://cet.neea.edu.cn/res/Home/1704/55b02330ac17274664f06d9d3db8249d.pdf,44
comedy,官方词表未提供读音,官方《全国大学英语四、六级考试大纲（2016年修订版）》词表词目；官方未提供释义,官方词表只列词形，不列例句,1,全国大学英语四、六级考试大纲（2016年修订版）,https://cet.neea.edu.cn/res/Home/1704/55b02330ac17274664f06d9d3db8249d.pdf,44
comfort comfortable,官方词表未提供读音,官方《全国大学英语四、六级考试大纲（2016年修订版）》词表词目；官方未提供释义,官方词表只列词形，不列例句,1,全国大学英语四、六级考试大纲（2016年修订版）,https://cet.neea.edu.cn/res/Home/1704/55b02330ac17274664f06d9d3db8249d.pdf,44
comma,官方词表未提供读音,官方《全国大学英语四、六级考试大纲（2016年修订版）》词表词目；官方未提供释义,官方词表只列词形，不列例句,1,全国大学英语四、六级考试大纲（2016年修订版）,https://cet.neea.edu.cn/res/Home/1704/55b02330ac17274664f06d9d3db8249d.pdf,44
command commander,官方词表未提供读音,官方《全国大学英语四、六级考试大纲（2016年修订版）》词表词目；官方未提供释义,官方词表只列词形，不列例句,1,全国大学英语四、六级考试大纲（2016年修订版）,https://cet.neea.edu.cn/res/Home/1704/55b02330ac17274664f06d9d3db8249d.pdf,44
commence commencement,官方词表未提供读音,官方《全国大学英语四、六级考试大纲（2016年修订版）》词表词目；官方未提供释义,官方词表只列词形，不列例句,1,全国大学英语四、六级考试大纲（2016年修订版）,https://cet.neea.edu.cn/res/Home/1704/55b02330ac17274664f06d9d3db8249d.pdf,44
comment commentary commentator,官方词表未提供读音,官方《全国大学英语四、六级考试大纲（2016年修订版）》词表词目；官方未提供释义,官方词表只列词形，不列例句,1,全国大学英语四、六级考试大纲（2016年修订版）,https://cet.neea.edu.cn/res/Home/1704/55b02330ac17274664f06d9d3db8249d.pdf,44
commerce commercial commercialize/-ise,官方词表未提供读音,官方《全国大学英语四、六级考试大纲（2016年修订版）》词表词目；官方未提供释义,官方词表只列词形，不列例句,1,全国大学英语四、六级考试大纲（2016年修订版）,https://cet.neea.edu.cn/res/Home/1704/55b02330ac17274664f06d9d3db8249d.pdf,44
commission,官方词表未提供读音,官方《全国大学英语四、六级考试大纲（2016年修订版）》词表词目；官方未提供释义,官方词表只列词形，不列例句,1,全国大学英语四、六级考试大纲（2016年修订版）,https://cet.neea.edu.cn/res/Home/1704/55b02330ac17274664f06d9d3db8249d.pdf,44
commit commitment,官方词表未提供读音,官方《全国大学英语四、六级考试大纲（2016年修订版）》词表词目；官方未提供释义,官方词表只列词形，不列例句,1,全国大学英语四、六级考试大纲（2016年修订版）,https://cet.neea.edu.cn/res/Home/1704/55b02330ac17274664f06d9d3db8249d.pdf,44
committee,官方词表未提供读音,官方《全国大学英语四、六级考试大纲（2016年修订版）》词表词目；官方未提供释义,官方词表只列词形，不列例句,1,全国大学英语四、六级考试大纲（2016年修订版）,https://cet.neea.edu.cn/res/Home/1704/55b02330ac17274664f06d9d3db8249d.pdf,44
commodity,官方词表未提供读音,官方《全国大学英语四、六级考试大纲（2016年修订版）》词表词目；官方未提供释义,官方词表只列词形，不列例句,1,全国大学英语四、六级考试大纲（2016年修订版）,https://cet.neea.edu.cn/res/Home/1704/55b02330ac17274664f06d9d3db8249d.pdf,44
common,官方词表未提供读音,官方《全国大学英语四、六级考试大纲（2016年修订版）》词表词目；官方未提供释义,官方词表只列词形，不列例句,1,全国大学英语四、六级考试大纲（2016年修订版）,https://cet.neea.edu.cn/res/Home/1704/55b02330ac17274664f06d9d3db8249d.pdf,44
commonplace,官方词表未提供读音,官方《全国大学英语四、六级考试大纲（2016年修订版）》词表词目；官方未提供释义,官方词表只列词形，不列例句,1,全国大学英语四、六级考试大纲（2016年修订版）,https://cet.neea.edu.cn/res/Home/1704/55b02330ac17274664f06d9d3db8249d.pdf,44
communicate communication communicative,官方词表未提供读音,官方《全国大学英语四、六级考试大纲（2016年修订版）》词表词目；官方未提供释义,官方词表只列词形，不列例句,1,全国大学英语四、六级考试大纲（2016年修订版）,https://cet.neea.edu.cn/res/Home/1704/55b02330ac17274664f06d9d3db8249d.pdf,44
commune communist communism,官方词表未提供读音,官方《全国大学英语四、六级考试大纲（2016年修订版）》词表词目；官方未提供释义,官方词表只列词形，不列例句,1,全国大学英语四、六级考试大纲（2016年修订版）,https://cet.neea.edu.cn/res/Home/1704/55b02330ac17274664f06d9d3db8249d.pdf,44
community,官方词表未提供读音,官方《全国大学英语四、六级考试大纲（2016年修订版）》词表词目；官方未提供释义,官方词表只列词形，不列例句,1,全国大学英语四、六级考试大纲（2016年修订版）,https://cet.neea.edu.cn/res/Home/1704/55b02330ac17274664f06d9d3db8249d.pdf,44
commute commuter,官方词表未提供读音,官方《全国大学英语四、六级考试大纲（2016年修订版）》词表词目；官方未提供释义,官方词表只列词形，不列例句,1,全国大学英语四、六级考试大纲（2016年修订版）,https://cet.neea.edu.cn/res/Home/1704/55b02330ac17274664f06d9d3db8249d.pdf,44
compact,官方词表未提供读音,官方《全国大学英语四、六级考试大纲（2016年修订版）》词表词目；官方未提供释义,官方词表只列词形，不列例句,1,全国大学英语四、六级考试大纲（2016年修订版）,https://cet.neea.edu.cn/res/Home/1704/55b02330ac17274664f06d9d3db8249d.pdf,44
companion companionship,官方词表未提供读音,官方《全国大学英语四、六级考试大纲（2016年修订版）》词表词目；官方未提供释义,官方词表只列词形，不列例句,1,全国大学英语四、六级考试大纲（2016年修订版）,https://cet.neea.edu.cn/res/Home/1704/55b02330ac17274664f06d9d3db8249d.pdf,44
company,官方词表未提供读音,官方《全国大学英语四、六级考试大纲（2016年修订版）》词表词目；官方未提供释义,官方词表只列词形，不列例句,1,全国大学英语四、六级考试大纲（2016年修订版）,https://cet.neea.edu.cn/res/Home/1704/55b02330ac17274664f06d9d3db8249d.pdf,44
compare comparison comparative comparable,官方词表未提供读音,官方《全国大学英语四、六级考试大纲（2016年修订版）》词表词目；官方未提供释义,官方词表只列词形，不列例句,1,全国大学英语四、六级考试大纲（2016年修订版）,https://cet.neea.edu.cn/res/Home/1704/55b02330ac17274664f06d9d3db8249d.pdf,44
compass,官方词表未提供读音,官方《全国大学英语四、六级考试大纲（2016年修订版）》词表词目；官方未提供释义,官方词表只列词形，不列例句,1,全国大学英语四、六级考试大纲（2016年修订版）,https://cet.neea.edu.cn/res/Home/1704/55b02330ac17274664f06d9d3db8249d.pdf,44
compatible compatibility,官方词表未提供读音,官方《全国大学英语四、六级考试大纲（2016年修订版）》词表词目；官方未提供释义,官方词表只列词形，不列例句,1,全国大学英语四、六级考试大纲（2016年修订版）,https://cet.neea.edu.cn/res/Home/1704/55b02330ac17274664f06d9d3db8249d.pdf,44
compel compelling,官方词表未提供读音,官方《全国大学英语四、六级考试大纲（2016年修订版）》词表词目；官方未提供释义,官方词表只列词形，不列例句,1,全国大学英语四、六级考试大纲（2016年修订版）,https://cet.neea.edu.cn/res/Home/1704/55b02330ac17274664f06d9d3db8249d.pdf,45
compensate compensation compensatory,官方词表未提供读音,官方《全国大学英语四、六级考试大纲（2016年修订版）》词表词目；官方未提供释义,官方词表只列词形，不列例句,1,全国大学英语四、六级考试大纲（2016年修订版）,https://cet.neea.edu.cn/res/Home/1704/55b02330ac17274664f06d9d3db8249d.pdf,45
compete competition competitive competitor,官方词表未提供读音,官方《全国大学英语四、六级考试大纲（2016年修订版）》词表词目；官方未提供释义,官方词表只列词形，不列例句,1,全国大学英语四、六级考试大纲（2016年修订版）,https://cet.neea.edu.cn/res/Home/1704/55b02330ac17274664f06d9d3db8249d.pdf,45
competent competence,官方词表未提供读音,官方《全国大学英语四、六级考试大纲（2016年修订版）》词表词目；官方未提供释义,官方词表只列词形，不列例句,1,全国大学英语四、六级考试大纲（2016年修订版）,https://cet.neea.edu.cn/res/Home/1704/55b02330ac17274664f06d9d3db8249d.pdf,45
complain complaint,官方词表未提供读音,官方《全国大学英语四、六级考试大纲（2016年修订版）》词表词目；官方未提供释义,官方词表只列词形，不列例句,1,全国大学英语四、六级考试大纲（2016年修订版）,https://cet.neea.edu.cn/res/Home/1704/55b02330ac17274664f06d9d3db8249d.pdf,45
complete completion,官方词表未提供读音,官方《全国大学英语四、六级考试大纲（2016年修订版）》词表词目；官方未提供释义,官方词表只列词形，不列例句,1,全国大学英语四、六级考试大纲（2016年修订版）,https://cet.neea.edu.cn/res/Home/1704/55b02330ac17274664f06d9d3db8249d.pdf,45
complex complexity,官方词表未提供读音,官方《全国大学英语四、六级考试大纲（2016年修订版）》词表词目；官方未提供释义,官方词表只列词形，不列例句,1,全国大学英语四、六级考试大纲（2016年修订版）,https://cet.neea.edu.cn/res/Home/1704/55b02330ac17274664f06d9d3db8249d.pdf,45
complicate complicated complication,官方词表未提供读音,官方《全国大学英语四、六级考试大纲（2016年修订版）》词表词目；官方未提供释义,官方词表只列词形，不列例句,1,全国大学英语四、六级考试大纲（2016年修订版）,https://cet.neea.edu.cn/res/Home/1704/55b02330ac17274664f06d9d3db8249d.pdf,45
comply compliance,官方词表未提供读音,官方《全国大学英语四、六级考试大纲（2016年修订版）》词表词目；官方未提供释义,官方词表只列词形，不列例句,1,全国大学英语四、六级考试大纲（2016年修订版）,https://cet.neea.edu.cn/res/Home/1704/55b02330ac17274664f06d9d3db8249d.pdf,45
component,官方词表未提供读音,官方《全国大学英语四、六级考试大纲（2016年修订版）》词表词目；官方未提供释义,官方词表只列词形，不列例句,1,全国大学英语四、六级考试大纲（2016年修订版）,https://cet.neea.edu.cn/res/Home/1704/55b02330ac17274664f06d9d3db8249d.pdf,45
compose composition composer,官方词表未提供读音,官方《全国大学英语四、六级考试大纲（2016年修订版）》词表词目；官方未提供释义,官方词表只列词形，不列例句,1,全国大学英语四、六级考试大纲（2016年修订版）,https://cet.neea.edu.cn/res/Home/1704/55b02330ac17274664f06d9d3db8249d.pdf,45
compound,官方词表未提供读音,官方《全国大学英语四、六级考试大纲（2016年修订版）》词表词目；官方未提供释义,官方词表只列词形，不列例句,1,全国大学英语四、六级考试大纲（2016年修订版）,https://cet.neea.edu.cn/res/Home/1704/55b02330ac17274664f06d9d3db8249d.pdf,45
comprehend comprehension,官方词表未提供读音,官方《全国大学英语四、六级考试大纲（2016年修订版）》词表词目；官方未提供释义,官方词表只列词形，不列例句,1,全国大学英语四、六级考试大纲（2016年修订版）,https://cet.neea.edu.cn/res/Home/1704/55b02330ac17274664f06d9d3db8249d.pdf,45
comprehensive,官方词表未提供读音,官方《全国大学英语四、六级考试大纲（2016年修订版）》词表词目；官方未提供释义,官方词表只列词形，不列例句,1,全国大学英语四、六级考试大纲（2016年修订版）,https://cet.neea.edu.cn/res/Home/1704/55b02330ac17274664f06d9d3db8249d.pdf,45
comprise,官方词表未提供读音,官方《全国大学英语四、六级考试大纲（2016年修订版）》词表词目；官方未提供释义,官方词表只列词形，不列例句,1,全国大学英语四、六级考试大纲（2016年修订版）,https://cet.neea.edu.cn/res/Home/1704/55b02330ac17274664f06d9d3db8249d.pdf,45
compromise,官方词表未提供读音,官方《全国大学英语四、六级考试大纲（2016年修订版）》词表词目；官方未提供释义,官方词表只列词形，不列例句,1,全国大学英语四、六级考试大纲（2016年修订版）,https://cet.neea.edu.cn/res/Home/1704/55b02330ac17274664f06d9d3db8249d.pdf,45
compulsory,官方词表未提供读音,官方《全国大学英语四、六级考试大纲（2016年修订版）》词表词目；官方未提供释义,官方词表只列词形，不列例句,1,全国大学英语四、六级考试大纲（2016年修订版）,https://cet.neea.edu.cn/res/Home/1704/55b02330ac17274664f06d9d3db8249d.pdf,45
compute computer computerize/-ise computation,官方词表未提供读音,官方《全国大学英语四、六级考试大纲（2016年修订版）》词表词目；官方未提供释义,官方词表只列词形，不列例句,1,全国大学英语四、六级考试大纲（2016年修订版）,https://cet.neea.edu.cn/res/Home/1704/55b02330ac17274664f06d9d3db8249d.pdf,45
comrade,官方词表未提供读音,官方《全国大学英语四、六级考试大纲（2016年修订版）》词表词目；官方未提供释义,官方词表只列词形，不列例句,1,全国大学英语四、六级考试大纲（2016年修订版）,https://cet.neea.edu.cn/res/Home/1704/55b02330ac17274664f06d9d3db8249d.pdf,45
conceal concealment,官方词表未提供读音,官方《全国大学英语四、六级考试大纲（2016年修订版）》词表词目；官方未提供释义,官方词表只列词形，不列例句,1,全国大学英语四、六级考试大纲（2016年修订版）,https://cet.neea.edu.cn/res/Home/1704/55b02330ac17274664f06d9d3db8249d.pdf,45
concentrate concentration,官方词表未提供读音,官方《全国大学英语四、六级考试大纲（2016年修订版）》词表词目；官方未提供释义,官方词表只列词形，不列例句,1,全国大学英语四、六级考试大纲（2016年修订版）,https://cet.neea.edu.cn/res/Home/1704/55b02330ac17274664f06d9d3db8249d.pdf,45
concept conceptual,官方词表未提供读音,官方《全国大学英语四、六级考试大纲（2016年修订版）》词表词目；官方未提供释义,官方词表只列词形，不列例句,1,全国大学英语四、六级考试大纲（2016年修订版）,https://cet.neea.edu.cn/res/Home/1704/55b02330ac17274664f06d9d3db8249d.pdf,45
concern concerned concerning,官方词表未提供读音,官方《全国大学英语四、六级考试大纲（2016年修订版）》词表词目；官方未提供释义,官方词表只列词形，不列例句,1,全国大学英语四、六级考试大纲（2016年修订版）,https://cet.neea.edu.cn/res/Home/1704/55b02330ac17274664f06d9d3db8249d.pdf,45
concert concerted,官方词表未提供读音,官方《全国大学英语四、六级考试大纲（2016年修订版）》词表词目；官方未提供释义,官方词表只列词形，不列例句,1,全国大学英语四、六级考试大纲（2016年修订版）,https://cet.neea.edu.cn/res/Home/1704/55b02330ac17274664f06d9d3db8249d.pdf,45
conclude conclusion conclusive,官方词表未提供读音,官方《全国大学英语四、六级考试大纲（2016年修订版）》词表词目；官方未提供释义,官方词表只列词形，不列例句,1,全国大学英语四、六级考试大纲（2016年修订版）,https://cet.neea.edu.cn/res/Home/1704/55b02330ac17274664f06d9d3db8249d.pdf,45
concrete,官方词表未提供读音,官方《全国大学英语四、六级考试大纲（2016年修订版）》词表词目；官方未提供释义,官方词表只列词形，不列例句,1,全国大学英语四、六级考试大纲（2016年修订版）,https://cet.neea.edu.cn/res/Home/1704/55b02330ac17274664f06d9d3db8249d.pdf,45
condemn condemnation,官方词表未提供读音,官方《全国大学英语四、六级考试大纲（2016年修订版）》词表词目；官方未提供释义,官方词表只列词形，不列例句,1,全国大学英语四、六级考试大纲（2016年修订版）,https://cet.neea.edu.cn/res/Home/1704/55b02330ac17274664f06d9d3db8249d.pdf,45
condense condensation,官方词表未提供读音,官方《全国大学英语四、六级考试大纲（2016年修订版）》词表词目；官方未提供释义,官方词表只列词形，不列例句,1,全国大学英语四、六级考试大纲（2016年修订版）,https://cet.neea.edu.cn/res/Home/1704/55b02330ac17274664f06d9d3db8249d.pdf,45
condition conditional conditioner,官方词表未提供读音,官方《全国大学英语四、六级考试大纲（2016年修订版）》词表词目；官方未提供释义,官方词表只列词形，不列例句,1,全国大学英语四、六级考试大纲（2016年修订版）,https://cet.neea.edu.cn/res/Home/1704/55b02330ac17274664f06d9d3db8249d.pdf,45
conduct conductor,官方词表未提供读音,官方《全国大学英语四、六级考试大纲（2016年修订版）》词表词目；官方未提供释义,官方词表只列词形，不列例句,1,全国大学英语四、六级考试大纲（2016年修订版）,https://cet.neea.edu.cn/res/Home/1704/55b02330ac17274664f06d9d3db8249d.pdf,46
conference,官方词表未提供读音,官方《全国大学英语四、六级考试大纲（2016年修订版）》词表词目；官方未提供释义,官方词表只列词形，不列例句,1,全国大学英语四、六级考试大纲（2016年修订版）,https://cet.neea.edu.cn/res/Home/1704/55b02330ac17274664f06d9d3db8249d.pdf,46
confess confession,官方词表未提供读音,官方《全国大学英语四、六级考试大纲（2016年修订版）》词表词目；官方未提供释义,官方词表只列词形，不列例句,1,全国大学英语四、六级考试大纲（2016年修订版）,https://cet.neea.edu.cn/res/Home/1704/55b02330ac17274664f06d9d3db8249d.pdf,46
confidence confident confidential,官方词表未提供读音,官方《全国大学英语四、六级考试大纲（2016年修订版）》词表词目；官方未提供释义,官方词表只列词形，不列例句,1,全国大学英语四、六级考试大纲（2016年修订版）,https://cet.neea.edu.cn/res/Home/1704/55b02330ac17274664f06d9d3db8249d.pdf,46
confine confinement,官方词表未提供读音,官方《全国大学英语四、六级考试大纲（2016年修订版）》词表词目；官方未提供释义,官方词表只列词形，不列例句,1,全国大学英语四、六级考试大纲（2016年修订版）,https://cet.neea.edu.cn/res/Home/1704/55b02330ac17274664f06d9d3db8249d.pdf,46
confirm confirmation,官方词表未提供读音,官方《全国大学英语四、六级考试大纲（2016年修订版）》词表词目；官方未提供释义,官方词表只列词形，不列例句,1,全国大学英语四、六级考试大纲（2016年修订版）,https://cet.neea.edu.cn/res/Home/1704/55b02330ac17274664f06d9d3db8249d.pdf,46
conflict,官方词表未提供读音,官方《全国大学英语四、六级考试大纲（2016年修订版）》词表词目；官方未提供释义,官方词表只列词形，不列例句,1,全国大学英语四、六级考试大纲（2016年修订版）,https://cet.neea.edu.cn/res/Home/1704/55b02330ac17274664f06d9d3db8249d.pdf,46
conform conformity,官方词表未提供读音,官方《全国大学英语四、六级考试大纲（2016年修订版）》词表词目；官方未提供释义,官方词表只列词形，不列例句,1,全国大学英语四、六级考试大纲（2016年修订版）,https://cet.neea.edu.cn/res/Home/1704/55b02330ac17274664f06d9d3db8249d.pdf,46
confront confrontation,官方词表未提供读音,官方《全国大学英语四、六级考试大纲（2016年修订版）》词表词目；官方未提供释义,官方词表只列词形，不列例句,1,全国大学英语四、六级考试大纲（2016年修订版）,https://cet.neea.edu.cn/res/Home/1704/55b02330ac17274664f06d9d3db8249d.pdf,46
Confucian Confucianism,官方词表未提供读音,官方《全国大学英语四、六级考试大纲（2016年修订版）》词表词目；官方未提供释义,官方词表只列词形，不列例句,1,全国大学英语四、六级考试大纲（2016年修订版）,https://cet.neea.edu.cn/res/Home/1704/55b02330ac17274664f06d9d3db8249d.pdf,46
confuse confusion,官方词表未提供读音,官方《全国大学英语四、六级考试大纲（2016年修订版）》词表词目；官方未提供释义,官方词表只列词形，不列例句,1,全国大学英语四、六级考试大纲（2016年修订版）,https://cet.neea.edu.cn/res/Home/1704/55b02330ac17274664f06d9d3db8249d.pdf,46
congratulate congratulation congratulatory,官方词表未提供读音,官方《全国大学英语四、六级考试大纲（2016年修订版）》词表词目；官方未提供释义,官方词表只列词形，不列例句,1,全国大学英语四、六级考试大纲（2016年修订版）,https://cet.neea.edu.cn/res/Home/1704/55b02330ac17274664f06d9d3db8249d.pdf,46
congress congressional,官方词表未提供读音,官方《全国大学英语四、六级考试大纲（2016年修订版）》词表词目；官方未提供释义,官方词表只列词形，不列例句,1,全国大学英语四、六级考试大纲（2016年修订版）,https://cet.neea.edu.cn/res/Home/1704/55b02330ac17274664f06d9d3db8249d.pdf,46
conjunction,官方词表未提供读音,官方《全国大学英语四、六级考试大纲（2016年修订版）》词表词目；官方未提供释义,官方词表只列词形，不列例句,1,全国大学英语四、六级考试大纲（2016年修订版）,https://cet.neea.edu.cn/res/Home/1704/55b02330ac17274664f06d9d3db8249d.pdf,46
connect connection/-xion,官方词表未提供读音,官方《全国大学英语四、六级考试大纲（2016年修订版）》词表词目；官方未提供释义,官方词表只列词形，不列例句,1,全国大学英语四、六级考试大纲（2016年修订版）,https://cet.neea.edu.cn/res/Home/1704/55b02330ac17274664f06d9d3db8249d.pdf,46
conquer conqueror conquest,官方词表未提供读音,官方《全国大学英语四、六级考试大纲（2016年修订版）》词表词目；官方未提供释义,官方词表只列词形，不列例句,1,全国大学英语四、六级考试大纲（2016年修订版）,https://cet.neea.edu.cn/res/Home/1704/55b02330ac17274664f06d9d3db8249d.pdf,46
conscience,官方词表未提供读音,官方《全国大学英语四、六级考试大纲（2016年修订版）》词表词目；官方未提供释义,官方词表只列词形，不列例句,1,全国大学英语四、六级考试大纲（2016年修订版）,https://cet.neea.edu.cn/res/Home/1704/55b02330ac17274664f06d9d3db8249d.pdf,46
conscientious,官方词表未提供读音,官方《全国大学英语四、六级考试大纲（2016年修订版）》词表词目；官方未提供释义,官方词表只列词形，不列例句,1,全国大学英语四、六级考试大纲（2016年修订版）,https://cet.neea.edu.cn/res/Home/1704/55b02330ac17274664f06d9d3db8249d.pdf,46
conscious consciousness,官方词表未提供读音,官方《全国大学英语四、六级考试大纲（2016年修订版）》词表词目；官方未提供释义,官方词表只列词形，不列例句,1,全国大学英语四、六级考试大纲（2016年修订版）,https://cet.neea.edu.cn/res/Home/1704/55b02330ac17274664f06d9d3db8249d.pdf,46
consensus,官方词表未提供读音,官方《全国大学英语四、六级考试大纲（2016年修订版）》词表词目；官方未提供释义,官方词表只列词形，不列例句,1,全国大学英语四、六级考试大纲（2016年修订版）,https://cet.neea.edu.cn/res/Home/1704/55b02330ac17274664f06d9d3db8249d.pdf,46
consent,官方词表未提供读音,官方《全国大学英语四、六级考试大纲（2016年修订版）》词表词目；官方未提供释义,官方词表只列词形，不列例句,1,全国大学英语四、六级考试大纲（2016年修订版）,https://cet.neea.edu.cn/res/Home/1704/55b02330ac17274664f06d9d3db8249d.pdf,46
consequence consequent consequently,官方词表未提供读音,官方《全国大学英语四、六级考试大纲（2016年修订版）》词表词目；官方未提供释义,官方词表只列词形，不列例句,1,全国大学英语四、六级考试大纲（2016年修订版）,https://cet.neea.edu.cn/res/Home/1704/55b02330ac17274664f06d9d3db8249d.pdf,46
conservative,官方词表未提供读音,官方《全国大学英语四、六级考试大纲（2016年修订版）》词表词目；官方未提供释义,官方词表只列词形，不列例句,1,全国大学英语四、六级考试大纲（2016年修订版）,https://cet.neea.edu.cn/res/Home/1704/55b02330ac17274664f06d9d3db8249d.pdf,46
consider consideration considering,官方词表未提供读音,官方《全国大学英语四、六级考试大纲（2016年修订版）》词表词目；官方未提供释义,官方词表只列词形，不列例句,1,全国大学英语四、六级考试大纲（2016年修订版）,https://cet.neea.edu.cn/res/Home/1704/55b02330ac17274664f06d9d3db8249d.pdf,46
considerable,官方词表未提供读音,官方《全国大学英语四、六级考试大纲（2016年修订版）》词表词目；官方未提供释义,官方词表只列词形，不列例句,1,全国大学英语四、六级考试大纲（2016年修订版）,https://cet.neea.edu.cn/res/Home/1704/55b02330ac17274664f06d9d3db8249d.pdf,46
considerate,官方词表未提供读音,官方《全国大学英语四、六级考试大纲（2016年修订版）》词表词目；官方未提供释义,官方词表只列词形，不列例句,1,全国大学英语四、六级考试大纲（2016年修订版）,https://cet.neea.edu.cn/res/Home/1704/55b02330ac17274664f06d9d3db8249d.pdf,46
consist,官方词表未提供读音,官方《全国大学英语四、六级考试大纲（2016年修订版）》词表词目；官方未提供释义,官方词表只列词形，不列例句,1,全国大学英语四、六级考试大纲（2016年修订版）,https://cet.neea.edu.cn/res/Home/1704/55b02330ac17274664f06d9d3db8249d.pdf,46
consistent consistency,官方词表未提供读音,官方《全国大学英语四、六级考试大纲（2016年修订版）》词表词目；官方未提供释义,官方词表只列词形，不列例句,1,全国大学英语四、六级考试大纲（2016年修订版）,https://cet.neea.edu.cn/res/Home/1704/55b02330ac17274664f06d9d3db8249d.pdf,46
consolidate consolidation,官方词表未提供读音,官方《全国大学英语四、六级考试大纲（2016年修订版）》词表词目；官方未提供释义,官方词表只列词形，不列例句,1,全国大学英语四、六级考试大纲（2016年修订版）,https://cet.neea.edu.cn/res/Home/1704/55b02330ac17274664f06d9d3db8249d.pdf,46
constant,官方词表未提供读音,官方《全国大学英语四、六级考试大纲（2016年修订版）》词表词目；官方未提供释义,官方词表只列词形，不列例句,1,全国大学英语四、六级考试大纲（2016年修订版）,https://cet.neea.edu.cn/res/Home/1704/55b02330ac17274664f06d9d3db8249d.pdf,47
constitute,官方词表未提供读音,官方《全国大学英语四、六级考试大纲（2016年修订版）》词表词目；官方未提供释义,官方词表只列词形，不列例句,1,全国大学英语四、六级考试大纲（2016年修订版）,https://cet.neea.edu.cn/res/Home/1704/55b02330ac17274664f06d9d3db8249d.pdf,47
constitution constitutional,官方词表未提供读音,官方《全国大学英语四、六级考试大纲（2016年修订版）》词表词目；官方未提供释义,官方词表只列词形，不列例句,1,全国大学英语四、六级考试大纲（2016年修订版）,https://cet.neea.edu.cn/res/Home/1704/55b02330ac17274664f06d9d3db8249d.pdf,47
construct construction,官方词表未提供读音,官方《全国大学英语四、六级考试大纲（2016年修订版）》词表词目；官方未提供释义,官方词表只列词形，不列例句,1,全国大学英语四、六级考试大纲（2016年修订版）,https://cet.neea.edu.cn/res/Home/1704/55b02330ac17274664f06d9d3db8249d.pdf,47
consult consultation consultative consultant,官方词表未提供读音,官方《全国大学英语四、六级考试大纲（2016年修订版）》词表词目；官方未提供释义,官方词表只列词形，不列例句,1,全国大学英语四、六级考试大纲（2016年修订版）,https://cet.neea.edu.cn/res/Home/1704/55b02330ac17274664f06d9d3db8249d.pdf,47
consume consumer consumption,官方词表未提供读音,官方《全国大学英语四、六级考试大纲（2016年修订版）》词表词目；官方未提供释义,官方词表只列词形，不列例句,1,全国大学英语四、六级考试大纲（2016年修订版）,https://cet.neea.edu.cn/res/Home/1704/55b02330ac17274664f06d9d3db8249d.pdf,47
contact,官方词表未提供读音,官方《全国大学英语四、六级考试大纲（2016年修订版）》词表词目；官方未提供释义,官方词表只列词形，不列例句,1,全国大学英语四、六级考试大纲（2016年修订版）,https://cet.neea.edu.cn/res/Home/1704/55b02330ac17274664f06d9d3db8249d.pdf,47
contain container containment,官方词表未提供读音,官方《全国大学英语四、六级考试大纲（2016年修订版）》词表词目；官方未提供释义,官方词表只列词形，不列例句,1,全国大学英语四、六级考试大纲（2016年修订版）,https://cet.neea.edu.cn/res/Home/1704/55b02330ac17274664f06d9d3db8249d.pdf,47
contaminate contamination,官方词表未提供读音,官方《全国大学英语四、六级考试大纲（2016年修订版）》词表词目；官方未提供释义,官方词表只列词形，不列例句,1,全国大学英语四、六级考试大纲（2016年修订版）,https://cet.neea.edu.cn/res/Home/1704/55b02330ac17274664f06d9d3db8249d.pdf,47
contemporary,官方词表未提供读音,官方《全国大学英语四、六级考试大纲（2016年修订版）》词表词目；官方未提供释义,官方词表只列词形，不列例句,1,全国大学英语四、六级考试大纲（2016年修订版）,https://cet.neea.edu.cn/res/Home/1704/55b02330ac17274664f06d9d3db8249d.pdf,47
contempt contemptible,官方词表未提供读音,官方《全国大学英语四、六级考试大纲（2016年修订版）》词表词目；官方未提供释义,官方词表只列词形，不列例句,1,全国大学英语四、六级考试大纲（2016年修订版）,https://cet.neea.edu.cn/res/Home/1704/55b02330ac17274664f06d9d3db8249d.pdf,47
contend contention contentious,官方词表未提供读音,官方《全国大学英语四、六级考试大纲（2016年修订版）》词表词目；官方未提供释义,官方词表只列词形，不列例句,1,全国大学英语四、六级考试大纲（2016年修订版）,https://cet.neea.edu.cn/res/Home/1704/55b02330ac17274664f06d9d3db8249d.pdf,47
content,官方词表未提供读音,官方《全国大学英语四、六级考试大纲（2016年修订版）》词表词目；官方未提供释义,官方词表只列词形，不列例句,1,全国大学英语四、六级考试大纲（2016年修订版）,https://cet.neea.edu.cn/res/Home/1704/55b02330ac17274664f06d9d3db8249d.pdf,47
contented,官方词表未提供读音,官方《全国大学英语四、六级考试大纲（2016年修订版）》词表词目；官方未提供释义,官方词表只列词形，不列例句,1,全国大学英语四、六级考试大纲（2016年修订版）,https://cet.neea.edu.cn/res/Home/1704/55b02330ac17274664f06d9d3db8249d.pdf,47
contest contestant,官方词表未提供读音,官方《全国大学英语四、六级考试大纲（2016年修订版）》词表词目；官方未提供释义,官方词表只列词形，不列例句,1,全国大学英语四、六级考试大纲（2016年修订版）,https://cet.neea.edu.cn/res/Home/1704/55b02330ac17274664f06d9d3db8249d.pdf,47
context contextual,官方词表未提供读音,官方《全国大学英语四、六级考试大纲（2016年修订版）》词表词目；官方未提供释义,官方词表只列词形，不列例句,1,全国大学英语四、六级考试大纲（2016年修订版）,https://cet.neea.edu.cn/res/Home/1704/55b02330ac17274664f06d9d3db8249d.pdf,47
continent continental,官方词表未提供读音,官方《全国大学英语四、六级考试大纲（2016年修订版）》词表词目；官方未提供释义,官方词表只列词形，不列例句,1,全国大学英语四、六级考试大纲（2016年修订版）,https://cet.neea.edu.cn/res/Home/1704/55b02330ac17274664f06d9d3db8249d.pdf,47
continue continuation continual continuous continuity,官方词表未提供读音,官方《全国大学英语四、六级考试大纲（2016年修订版）》词表词目；官方未提供释义,官方词表只列词形，不列例句,1,全国大学英语四、六级考试大纲（2016年修订版）,https://cet.neea.edu.cn/res/Home/1704/55b02330ac17274664f06d9d3db8249d.pdf,47
contract,官方词表未提供读音,官方《全国大学英语四、六级考试大纲（2016年修订版）》词表词目；官方未提供释义,官方词表只列词形，不列例句,1,全国大学英语四、六级考试大纲（2016年修订版）,https://cet.neea.edu.cn/res/Home/1704/55b02330ac17274664f06d9d3db8249d.pdf,47
contractor,官方词表未提供读音,官方《全国大学英语四、六级考试大纲（2016年修订版）》词表词目；官方未提供释义,官方词表只列词形，不列例句,1,全国大学英语四、六级考试大纲（2016年修订版）,https://cet.neea.edu.cn/res/Home/1704/55b02330ac17274664f06d9d3db8249d.pdf,47
contraction,官方词表未提供读音,官方《全国大学英语四、六级考试大纲（2016年修订版）》词表词目；官方未提供释义,官方词表只列词形，不列例句,1,全国大学英语四、六级考试大纲（2016年修订版）,https://cet.neea.edu.cn/res/Home/1704/55b02330ac17274664f06d9d3db8249d.pdf,47
contradict contradiction contradictory,官方词表未提供读音,官方《全国大学英语四、六级考试大纲（2016年修订版）》词表词目；官方未提供释义,官方词表只列词形，不列例句,1,全国大学英语四、六级考试大纲（2016年修订版）,https://cet.neea.edu.cn/res/Home/1704/55b02330ac17274664f06d9d3db8249d.pdf,47
contrary,官方词表未提供读音,官方《全国大学英语四、六级考试大纲（2016年修订版）》词表词目；官方未提供释义,官方词表只列词形，不列例句,1,全国大学英语四、六级考试大纲（2016年修订版）,https://cet.neea.edu.cn/res/Home/1704/55b02330ac17274664f06d9d3db8249d.pdf,47
contrast,官方词表未提供读音,官方《全国大学英语四、六级考试大纲（2016年修订版）》词表词目；官方未提供释义,官方词表只列词形，不列例句,1,全国大学英语四、六级考试大纲（2016年修订版）,https://cet.neea.edu.cn/res/Home/1704/55b02330ac17274664f06d9d3db8249d.pdf,47
contribute contribution contributor,官方词表未提供读音,官方《全国大学英语四、六级考试大纲（2016年修订版）》词表词目；官方未提供释义,官方词表只列词形，不列例句,1,全国大学英语四、六级考试大纲（2016年修订版）,https://cet.neea.edu.cn/res/Home/1704/55b02330ac17274664f06d9d3db8249d.pdf,47
control,官方词表未提供读音,官方《全国大学英语四、六级考试大纲（2016年修订版）》词表词目；官方未提供释义,官方词表只列词形，不列例句,1,全国大学英语四、六级考试大纲（2016年修订版）,https://cet.neea.edu.cn/res/Home/1704/55b02330ac17274664f06d9d3db8249d.pdf,47
controversy controversial,官方词表未提供读音,官方《全国大学英语四、六级考试大纲（2016年修订版）》词表词目；官方未提供释义,官方词表只列词形，不列例句,1,全国大学英语四、六级考试大纲（2016年修订版）,https://cet.neea.edu.cn/res/Home/1704/55b02330ac17274664f06d9d3db8249d.pdf,47
convenient convenience,官方词表未提供读音,官方《全国大学英语四、六级考试大纲（2016年修订版）》词表词目；官方未提供释义,官方词表只列词形，不列例句,1,全国大学英语四、六级考试大纲（2016年修订版）,https://cet.neea.edu.cn/res/Home/1704/55b02330ac17274664f06d9d3db8249d.pdf,47
convention conventional,官方词表未提供读音,官方《全国大学英语四、六级考试大纲（2016年修订版）》词表词目；官方未提供释义,官方词表只列词形，不列例句,1,全国大学英语四、六级考试大纲（2016年修订版）,https://cet.neea.edu.cn/res/Home/1704/55b02330ac17274664f06d9d3db8249d.pdf,47
converse,官方词表未提供读音,官方《全国大学英语四、六级考试大纲（2016年修订版）》词表词目；官方未提供释义,官方词表只列词形，不列例句,1,全国大学英语四、六级考试大纲（2016年修订版）,https://cet.neea.edu.cn/res/Home/1704/55b02330ac17274664f06d9d3db8249d.pdf,47
conversation,官方词表未提供读音,官方《全国大学英语四、六级考试大纲（2016年修订版）》词表词目；官方未提供释义,官方词表只列词形，不列例句,1,全国大学英语四、六级考试大纲（2016年修订版）,https://cet.neea.edu.cn/res/Home/1704/55b02330ac17274664f06d9d3db8249d.pdf,47
convert conversion convertible,官方词表未提供读音,官方《全国大学英语四、六级考试大纲（2016年修订版）》词表词目；官方未提供释义,官方词表只列词形，不列例句,1,全国大学英语四、六级考试大纲（2016年修订版）,https://cet.neea.edu.cn/res/Home/1704/55b02330ac17274664f06d9d3db8249d.pdf,47
convey conveyance,官方词表未提供读音,官方《全国大学英语四、六级考试大纲（2016年修订版）》词表词目；官方未提供释义,官方词表只列词形，不列例句,1,全国大学英语四、六级考试大纲（2016年修订版）,https://cet.neea.edu.cn/res/Home/1704/55b02330ac17274664f06d9d3db8249d.pdf,47
convince convincing,官方词表未提供读音,官方《全国大学英语四、六级考试大纲（2016年修订版）》词表词目；官方未提供释义,官方词表只列词形，不列例句,1,全国大学英语四、六级考试大纲（2016年修订版）,https://cet.neea.edu.cn/res/Home/1704/55b02330ac17274664f06d9d3db8249d.pdf,48
cook cooker,官方词表未提供读音,官方《全国大学英语四、六级考试大纲（2016年修订版）》词表词目；官方未提供释义,官方词表只列词形，不列例句,1,全国大学英语四、六级考试大纲（2016年修订版）,https://cet.neea.edu.cn/res/Home/1704/55b02330ac17274664f06d9d3db8249d.pdf,48
cookie,官方词表未提供读音,官方《全国大学英语四、六级考试大纲（2016年修订版）》词表词目；官方未提供释义,官方词表只列词形，不列例句,1,全国大学英语四、六级考试大纲（2016年修订版）,https://cet.neea.edu.cn/res/Home/1704/55b02330ac17274664f06d9d3db8249d.pdf,48
cool,官方词表未提供读音,官方《全国大学英语四、六级考试大纲（2016年修订版）》词表词目；官方未提供释义,官方词表只列词形，不列例句,1,全国大学英语四、六级考试大纲（2016年修订版）,https://cet.neea.edu.cn/res/Home/1704/55b02330ac17274664f06d9d3db8249d.pdf,48
cooperate cooperation cooperative,官方词表未提供读音,官方《全国大学英语四、六级考试大纲（2016年修订版）》词表词目；官方未提供释义,官方词表只列词形，不列例句,1,全国大学英语四、六级考试大纲（2016年修订版）,https://cet.neea.edu.cn/res/Home/1704/55b02330ac17274664f06d9d3db8249d.pdf,48
coordinate coordination coordinator,官方词表未提供读音,官方《全国大学英语四、六级考试大纲（2016年修订版）》词表词目；官方未提供释义,官方词表只列词形，不列例句,1,全国大学英语四、六级考试大纲（2016年修订版）,https://cet.neea.edu.cn/res/Home/1704/55b02330ac17274664f06d9d3db8249d.pdf,48
cop,官方词表未提供读音,官方《全国大学英语四、六级考试大纲（2016年修订版）》词表词目；官方未提供释义,官方词表只列词形，不列例句,1,全国大学英语四、六级考试大纲（2016年修订版）,https://cet.neea.edu.cn/res/Home/1704/55b02330ac17274664f06d9d3db8249d.pdf,48
cope,官方词表未提供读音,官方《全国大学英语四、六级考试大纲（2016年修订版）》词表词目；官方未提供释义,官方词表只列词形，不列例句,1,全国大学英语四、六级考试大纲（2016年修订版）,https://cet.neea.edu.cn/res/Home/1704/55b02330ac17274664f06d9d3db8249d.pdf,48
copper,官方词表未提供读音,官方《全国大学英语四、六级考试大纲（2016年修订版）》词表词目；官方未提供释义,官方词表只列词形，不列例句,1,全国大学英语四、六级考试大纲（2016年修订版）,https://cet.neea.edu.cn/res/Home/1704/55b02330ac17274664f06d9d3db8249d.pdf,48
copy,官方词表未提供读音,官方《全国大学英语四、六级考试大纲（2016年修订版）》词表词目；官方未提供释义,官方词表只列词形，不列例句,1,全国大学英语四、六级考试大纲（2016年修订版）,https://cet.neea.edu.cn/res/Home/1704/55b02330ac17274664f06d9d3db8249d.pdf,48
copyright,官方词表未提供读音,官方《全国大学英语四、六级考试大纲（2016年修订版）》词表词目；官方未提供释义,官方词表只列词形，不列例句,1,全国大学英语四、六级考试大纲（2016年修订版）,https://cet.neea.edu.cn/res/Home/1704/55b02330ac17274664f06d9d3db8249d.pdf,48
cord,官方词表未提供读音,官方《全国大学英语四、六级考试大纲（2016年修订版）》词表词目；官方未提供释义,官方词表只列词形，不列例句,1,全国大学英语四、六级考试大纲（2016年修订版）,https://cet.neea.edu.cn/res/Home/1704/55b02330ac17274664f06d9d3db8249d.pdf,48
core,官方词表未提供读音,官方《全国大学英语四、六级考试大纲（2016年修订版）》词表词目；官方未提供释义,官方词表只列词形，不列例句,1,全国大学英语四、六级考试大纲（2016年修订版）,https://cet.neea.edu.cn/res/Home/1704/55b02330ac17274664f06d9d3db8249d.pdf,48
corn,官方词表未提供读音,官方《全国大学英语四、六级考试大纲（2016年修订版）》词表词目；官方未提供释义,官方词表只列词形，不列例句,1,全国大学英语四、六级考试大纲（2016年修订版）,https://cet.neea.edu.cn/res/Home/1704/55b02330ac17274664f06d9d3db8249d.pdf,48
corner,官方词表未提供读音,官方《全国大学英语四、六级考试大纲（2016年修订版）》词表词目；官方未提供释义,官方词表只列词形，不列例句,1,全国大学英语四、六级考试大纲（2016年修订版）,https://cet.neea.edu.cn/res/Home/1704/55b02330ac17274664f06d9d3db8249d.pdf,48
cornerstone,官方词表未提供读音,官方《全国大学英语四、六级考试大纲（2016年修订版）》词表词目；官方未提供释义,官方词表只列词形，不列例句,1,全国大学英语四、六级考试大纲（2016年修订版）,https://cet.neea.edu.cn/res/Home/1704/55b02330ac17274664f06d9d3db8249d.pdf,48
corporation corporate,官方词表未提供读音,官方《全国大学英语四、六级考试大纲（2016年修订版）》词表词目；官方未提供释义,官方词表只列词形，不列例句,1,全国大学英语四、六级考试大纲（2016年修订版）,https://cet.neea.edu.cn/res/Home/1704/55b02330ac17274664f06d9d3db8249d.pdf,48
corps,官方词表未提供读音,官方《全国大学英语四、六级考试大纲（2016年修订版）》词表词目；官方未提供释义,官方词表只列词形，不列例句,1,全国大学英语四、六级考试大纲（2016年修订版）,https://cet.neea.edu.cn/res/Home/1704/55b02330ac17274664f06d9d3db8249d.pdf,48
correct correction corrective,官方词表未提供读音,官方《全国大学英语四、六级考试大纲（2016年修订版）》词表词目；官方未提供释义,官方词表只列词形，不列例句,1,全国大学英语四、六级考试大纲（2016年修订版）,https://cet.neea.edu.cn/res/Home/1704/55b02330ac17274664f06d9d3db8249d.pdf,48
correspond correspondence correspondent corresponding,官方词表未提供读音,官方《全国大学英语四、六级考试大纲（2016年修订版）》词表词目；官方未提供释义,官方词表只列词形，不列例句,1,全国大学英语四、六级考试大纲（2016年修订版）,https://cet.neea.edu.cn/res/Home/1704/55b02330ac17274664f06d9d3db8249d.pdf,48
corridor,官方词表未提供读音,官方《全国大学英语四、六级考试大纲（2016年修订版）》词表词目；官方未提供释义,官方词表只列词形，不列例句,1,全国大学英语四、六级考试大纲（2016年修订版）,https://cet.neea.edu.cn/res/Home/1704/55b02330ac17274664f06d9d3db8249d.pdf,48
corrupt corruption,官方词表未提供读音,官方《全国大学英语四、六级考试大纲（2016年修订版）》词表词目；官方未提供释义,官方词表只列词形，不列例句,1,全国大学英语四、六级考试大纲（2016年修订版）,https://cet.neea.edu.cn/res/Home/1704/55b02330ac17274664f06d9d3db8249d.pdf,48
cosmos cosmic,官方词表未提供读音,官方《全国大学英语四、六级考试大纲（2016年修订版）》词表词目；官方未提供释义,官方词表只列词形，不列例句,1,全国大学英语四、六级考试大纲（2016年修订版）,https://cet.neea.edu.cn/res/Home/1704/55b02330ac17274664f06d9d3db8249d.pdf,48
cost costly,官方词表未提供读音,官方《全国大学英语四、六级考试大纲（2016年修订版）》词表词目；官方未提供释义,官方词表只列词形，不列例句,1,全国大学英语四、六级考试大纲（2016年修订版）,https://cet.neea.edu.cn/res/Home/1704/55b02330ac17274664f06d9d3db8249d.pdf,48
costume,官方词表未提供读音,官方《全国大学英语四、六级考试大纲（2016年修订版）》词表词目；官方未提供释义,官方词表只列词形，不列例句,1,全国大学英语四、六级考试大纲（2016年修订版）,https://cet.neea.edu.cn/res/Home/1704/55b02330ac17274664f06d9d3db8249d.pdf,48
cottage,官方词表未提供读音,官方《全国大学英语四、六级考试大纲（2016年修订版）》词表词目；官方未提供释义,官方词表只列词形，不列例句,1,全国大学英语四、六级考试大纲（2016年修订版）,https://cet.neea.edu.cn/res/Home/1704/55b02330ac17274664f06d9d3db8249d.pdf,48
cotton,官方词表未提供读音,官方《全国大学英语四、六级考试大纲（2016年修订版）》词表词目；官方未提供释义,官方词表只列词形，不列例句,1,全国大学英语四、六级考试大纲（2016年修订版）,https://cet.neea.edu.cn/res/Home/1704/55b02330ac17274664f06d9d3db8249d.pdf,48
couch,官方词表未提供读音,官方《全国大学英语四、六级考试大纲（2016年修订版）》词表词目；官方未提供释义,官方词表只列词形，不列例句,1,全国大学英语四、六级考试大纲（2016年修订版）,https://cet.neea.edu.cn/res/Home/1704/55b02330ac17274664f06d9d3db8249d.pdf,48
cough,官方词表未提供读音,官方《全国大学英语四、六级考试大纲（2016年修订版）》词表词目；官方未提供释义,官方词表只列词形，不列例句,1,全国大学英语四、六级考试大纲（2016年修订版）,https://cet.neea.edu.cn/res/Home/1704/55b02330ac17274664f06d9d3db8249d.pdf,48
could,官方词表未提供读音,官方《全国大学英语四、六级考试大纲（2016年修订版）》词表词目；官方未提供释义,官方词表只列词形，不列例句,1,全国大学英语四、六级考试大纲（2016年修订版）,https://cet.neea.edu.cn/res/Home/1704/55b02330ac17274664f06d9d3db8249d.pdf,48
council council(l)or,官方词表未提供读音,官方《全国大学英语四、六级考试大纲（2016年修订版）》词表词目；官方未提供释义,官方词表只列词形，不列例句,1,全国大学英语四、六级考试大纲（2016年修订版）,https://cet.neea.edu.cn/res/Home/1704/55b02330ac17274664f06d9d3db8249d.pdf,48
counsel counsel(l)or,官方词表未提供读音,官方《全国大学英语四、六级考试大纲（2016年修订版）》词表词目；官方未提供释义,官方词表只列词形，不列例句,1,全国大学英语四、六级考试大纲（2016年修订版）,https://cet.neea.edu.cn/res/Home/1704/55b02330ac17274664f06d9d3db8249d.pdf,48
count,官方词表未提供读音,官方《全国大学英语四、六级考试大纲（2016年修订版）》词表词目；官方未提供释义,官方词表只列词形，不列例句,1,全国大学英语四、六级考试大纲（2016年修订版）,https://cet.neea.edu.cn/res/Home/1704/55b02330ac17274664f06d9d3db8249d.pdf,49
countdown,官方词表未提供读音,官方《全国大学英语四、六级考试大纲（2016年修订版）》词表词目；官方未提供释义,官方词表只列词形，不列例句,1,全国大学英语四、六级考试大纲（2016年修订版）,https://cet.neea.edu.cn/res/Home/1704/55b02330ac17274664f06d9d3db8249d.pdf,49
counter,官方词表未提供读音,官方《全国大学英语四、六级考试大纲（2016年修订版）》词表词目；官方未提供释义,官方词表只列词形，不列例句,1,全国大学英语四、六级考试大纲（2016年修订版）,https://cet.neea.edu.cn/res/Home/1704/55b02330ac17274664f06d9d3db8249d.pdf,49
counterpart,官方词表未提供读音,官方《全国大学英语四、六级考试大纲（2016年修订版）》词表词目；官方未提供释义,官方词表只列词形，不列例句,1,全国大学英语四、六级考试大纲（2016年修订版）,https://cet.neea.edu.cn/res/Home/1704/55b02330ac17274664f06d9d3db8249d.pdf,49
country,官方词表未提供读音,官方《全国大学英语四、六级考试大纲（2016年修订版）》词表词目；官方未提供释义,官方词表只列词形，不列例句,1,全国大学英语四、六级考试大纲（2016年修订版）,https://cet.neea.edu.cn/res/Home/1704/55b02330ac17274664f06d9d3db8249d.pdf,49
countryside,官方词表未提供读音,官方《全国大学英语四、六级考试大纲（2016年修订版）》词表词目；官方未提供释义,官方词表只列词形，不列例句,1,全国大学英语四、六级考试大纲（2016年修订版）,https://cet.neea.edu.cn/res/Home/1704/55b02330ac17274664f06d9d3db8249d.pdf,49
county,官方词表未提供读音,官方《全国大学英语四、六级考试大纲（2016年修订版）》词表词目；官方未提供释义,官方词表只列词形，不列例句,1,全国大学英语四、六级考试大纲（2016年修订版）,https://cet.neea.edu.cn/res/Home/1704/55b02330ac17274664f06d9d3db8249d.pdf,49
couple,官方词表未提供读音,官方《全国大学英语四、六级考试大纲（2016年修订版）》词表词目；官方未提供释义,官方词表只列词形，不列例句,1,全国大学英语四、六级考试大纲（2016年修订版）,https://cet.neea.edu.cn/res/Home/1704/55b02330ac17274664f06d9d3db8249d.pdf,49
coupon,官方词表未提供读音,官方《全国大学英语四、六级考试大纲（2016年修订版）》词表词目；官方未提供释义,官方词表只列词形，不列例句,1,全国大学英语四、六级考试大纲（2016年修订版）,https://cet.neea.edu.cn/res/Home/1704/55b02330ac17274664f06d9d3db8249d.pdf,49
courage courageous,官方词表未提供读音,官方《全国大学英语四、六级考试大纲（2016年修订版）》词表词目；官方未提供释义,官方词表只列词形，不列例句,1,全国大学英语四、六级考试大纲（2016年修订版）,https://cet.neea.edu.cn/res/Home/1704/55b02330ac17274664f06d9d3db8249d.pdf,49
course,官方词表未提供读音,官方《全国大学英语四、六级考试大纲（2016年修订版）》词表词目；官方未提供释义,官方词表只列词形，不列例句,1,全国大学英语四、六级考试大纲（2016年修订版）,https://cet.neea.edu.cn/res/Home/1704/55b02330ac17274664f06d9d3db8249d.pdf,49
court,官方词表未提供读音,官方《全国大学英语四、六级考试大纲（2016年修订版）》词表词目；官方未提供释义,官方词表只列词形，不列例句,1,全国大学英语四、六级考试大纲（2016年修订版）,https://cet.neea.edu.cn/res/Home/1704/55b02330ac17274664f06d9d3db8249d.pdf,49
courtyard,官方词表未提供读音,官方《全国大学英语四、六级考试大纲（2016年修订版）》词表词目；官方未提供释义,官方词表只列词形，不列例句,1,全国大学英语四、六级考试大纲（2016年修订版）,https://cet.neea.edu.cn/res/Home/1704/55b02330ac17274664f06d9d3db8249d.pdf,49
cousin,官方词表未提供读音,官方《全国大学英语四、六级考试大纲（2016年修订版）》词表词目；官方未提供释义,官方词表只列词形，不列例句,1,全国大学英语四、六级考试大纲（2016年修订版）,https://cet.neea.edu.cn/res/Home/1704/55b02330ac17274664f06d9d3db8249d.pdf,49
cover coverage,官方词表未提供读音,官方《全国大学英语四、六级考试大纲（2016年修订版）》词表词目；官方未提供释义,官方词表只列词形，不列例句,1,全国大学英语四、六级考试大纲（2016年修订版）,https://cet.neea.edu.cn/res/Home/1704/55b02330ac17274664f06d9d3db8249d.pdf,49
cow,官方词表未提供读音,官方《全国大学英语四、六级考试大纲（2016年修订版）》词表词目；官方未提供释义,官方词表只列词形，不列例句,1,全国大学英语四、六级考试大纲（2016年修订版）,https://cet.neea.edu.cn/res/Home/1704/55b02330ac17274664f06d9d3db8249d.pdf,49
coward cowardly cowardice,官方词表未提供读音,官方《全国大学英语四、六级考试大纲（2016年修订版）》词表词目；官方未提供释义,官方词表只列词形，不列例句,1,全国大学英语四、六级考试大纲（2016年修订版）,https://cet.neea.edu.cn/res/Home/1704/55b02330ac17274664f06d9d3db8249d.pdf,49
cowboy,官方词表未提供读音,官方《全国大学英语四、六级考试大纲（2016年修订版）》词表词目；官方未提供释义,官方词表只列词形，不列例句,1,全国大学英语四、六级考试大纲（2016年修订版）,https://cet.neea.edu.cn/res/Home/1704/55b02330ac17274664f06d9d3db8249d.pdf,49
crab,官方词表未提供读音,官方《全国大学英语四、六级考试大纲（2016年修订版）》词表词目；官方未提供释义,官方词表只列词形，不列例句,1,全国大学英语四、六级考试大纲（2016年修订版）,https://cet.neea.edu.cn/res/Home/1704/55b02330ac17274664f06d9d3db8249d.pdf,49
crack,官方词表未提供读音,官方《全国大学英语四、六级考试大纲（2016年修订版）》词表词目；官方未提供释义,官方词表只列词形，不列例句,1,全国大学英语四、六级考试大纲（2016年修订版）,https://cet.neea.edu.cn/res/Home/1704/55b02330ac17274664f06d9d3db8249d.pdf,49
cracker,官方词表未提供读音,官方《全国大学英语四、六级考试大纲（2016年修订版）》词表词目；官方未提供释义,官方词表只列词形，不列例句,1,全国大学英语四、六级考试大纲（2016年修订版）,https://cet.neea.edu.cn/res/Home/1704/55b02330ac17274664f06d9d3db8249d.pdf,49
craft,官方词表未提供读音,官方《全国大学英语四、六级考试大纲（2016年修订版）》词表词目；官方未提供释义,官方词表只列词形，不列例句,1,全国大学英语四、六级考试大纲（2016年修订版）,https://cet.neea.edu.cn/res/Home/1704/55b02330ac17274664f06d9d3db8249d.pdf,49
crane,官方词表未提供读音,官方《全国大学英语四、六级考试大纲（2016年修订版）》词表词目；官方未提供释义,官方词表只列词形，不列例句,1,全国大学英语四、六级考试大纲（2016年修订版）,https://cet.neea.edu.cn/res/Home/1704/55b02330ac17274664f06d9d3db8249d.pdf,49
crash,官方词表未提供读音,官方《全国大学英语四、六级考试大纲（2016年修订版）》词表词目；官方未提供释义,官方词表只列词形，不列例句,1,全国大学英语四、六级考试大纲（2016年修订版）,https://cet.neea.edu.cn/res/Home/1704/55b02330ac17274664f06d9d3db8249d.pdf,49
crawl,官方词表未提供读音,官方《全国大学英语四、六级考试大纲（2016年修订版）》词表词目；官方未提供释义,官方词表只列词形，不列例句,1,全国大学英语四、六级考试大纲（2016年修订版）,https://cet.neea.edu.cn/res/Home/1704/55b02330ac17274664f06d9d3db8249d.pdf,49
crazy craze,官方词表未提供读音,官方《全国大学英语四、六级考试大纲（2016年修订版）》词表词目；官方未提供释义,官方词表只列词形，不列例句,1,全国大学英语四、六级考试大纲（2016年修订版）,https://cet.neea.edu.cn/res/Home/1704/55b02330ac17274664f06d9d3db8249d.pdf,49
cream creamy,官方词表未提供读音,官方《全国大学英语四、六级考试大纲（2016年修订版）》词表词目；官方未提供释义,官方词表只列词形，不列例句,1,全国大学英语四、六级考试大纲（2016年修订版）,https://cet.neea.edu.cn/res/Home/1704/55b02330ac17274664f06d9d3db8249d.pdf,49
create creation creative creator,官方词表未提供读音,官方《全国大学英语四、六级考试大纲（2016年修订版）》词表词目；官方未提供释义,官方词表只列词形，不列例句,1,全国大学英语四、六级考试大纲（2016年修订版）,https://cet.neea.edu.cn/res/Home/1704/55b02330ac17274664f06d9d3db8249d.pdf,49
creature,官方词表未提供读音,官方《全国大学英语四、六级考试大纲（2016年修订版）》词表词目；官方未提供释义,官方词表只列词形，不列例句,1,全国大学英语四、六级考试大纲（2016年修订版）,https://cet.neea.edu.cn/res/Home/1704/55b02330ac17274664f06d9d3db8249d.pdf,49
credit creditable,官方词表未提供读音,官方《全国大学英语四、六级考试大纲（2016年修订版）》词表词目；官方未提供释义,官方词表只列词形，不列例句,1,全国大学英语四、六级考试大纲（2016年修订版）,https://cet.neea.edu.cn/res/Home/1704/55b02330ac17274664f06d9d3db8249d.pdf,50
creep,官方词表未提供读音,官方《全国大学英语四、六级考试大纲（2016年修订版）》词表词目；官方未提供释义,官方词表只列词形，不列例句,1,全国大学英语四、六级考试大纲（2016年修订版）,https://cet.neea.edu.cn/res/Home/1704/55b02330ac17274664f06d9d3db8249d.pdf,50
crew,官方词表未提供读音,官方《全国大学英语四、六级考试大纲（2016年修订版）》词表词目；官方未提供释义,官方词表只列词形，不列例句,1,全国大学英语四、六级考试大纲（2016年修订版）,https://cet.neea.edu.cn/res/Home/1704/55b02330ac17274664f06d9d3db8249d.pdf,50
crime criminal,官方词表未提供读音,官方《全国大学英语四、六级考试大纲（2016年修订版）》词表词目；官方未提供释义,官方词表只列词形，不列例句,1,全国大学英语四、六级考试大纲（2016年修订版）,https://cet.neea.edu.cn/res/Home/1704/55b02330ac17274664f06d9d3db8249d.pdf,50
crisis,官方词表未提供读音,官方《全国大学英语四、六级考试大纲（2016年修订版）》词表词目；官方未提供释义,官方词表只列词形，不列例句,1,全国大学英语四、六级考试大纲（2016年修订版）,https://cet.neea.edu.cn/res/Home/1704/55b02330ac17274664f06d9d3db8249d.pdf,50
criterion,官方词表未提供读音,官方《全国大学英语四、六级考试大纲（2016年修订版）》词表词目；官方未提供释义,官方词表只列词形，不列例句,1,全国大学英语四、六级考试大纲（2016年修订版）,https://cet.neea.edu.cn/res/Home/1704/55b02330ac17274664f06d9d3db8249d.pdf,50
criticize/-ise criticism critic critical,官方词表未提供读音,官方《全国大学英语四、六级考试大纲（2016年修订版）》词表词目；官方未提供释义,官方词表只列词形，不列例句,1,全国大学英语四、六级考试大纲（2016年修订版）,https://cet.neea.edu.cn/res/Home/1704/55b02330ac17274664f06d9d3db8249d.pdf,50
crocodile,官方词表未提供读音,官方《全国大学英语四、六级考试大纲（2016年修订版）》词表词目；官方未提供释义,官方词表只列词形，不列例句,1,全国大学英语四、六级考试大纲（2016年修订版）,https://cet.neea.edu.cn/res/Home/1704/55b02330ac17274664f06d9d3db8249d.pdf,50
crop,官方词表未提供读音,官方《全国大学英语四、六级考试大纲（2016年修订版）》词表词目；官方未提供释义,官方词表只列词形，不列例句,1,全国大学英语四、六级考试大纲（2016年修订版）,https://cet.neea.edu.cn/res/Home/1704/55b02330ac17274664f06d9d3db8249d.pdf,50
cross crossing,官方词表未提供读音,官方《全国大学英语四、六级考试大纲（2016年修订版）》词表词目；官方未提供释义,官方词表只列词形，不列例句,1,全国大学英语四、六级考试大纲（2016年修订版）,https://cet.neea.edu.cn/res/Home/1704/55b02330ac17274664f06d9d3db8249d.pdf,50
crowd crowded,官方词表未提供读音,官方《全国大学英语四、六级考试大纲（2016年修订版）》词表词目；官方未提供释义,官方词表只列词形，不列例句,1,全国大学英语四、六级考试大纲（2016年修订版）,https://cet.neea.edu.cn/res/Home/1704/55b02330ac17274664f06d9d3db8249d.pdf,50
crown,官方词表未提供读音,官方《全国大学英语四、六级考试大纲（2016年修订版）》词表词目；官方未提供释义,官方词表只列词形，不列例句,1,全国大学英语四、六级考试大纲（2016年修订版）,https://cet.neea.edu.cn/res/Home/1704/55b02330ac17274664f06d9d3db8249d.pdf,50
crucial,官方词表未提供读音,官方《全国大学英语四、六级考试大纲（2016年修订版）》词表词目；官方未提供释义,官方词表只列词形，不列例句,1,全国大学英语四、六级考试大纲（2016年修订版）,https://cet.neea.edu.cn/res/Home/1704/55b02330ac17274664f06d9d3db8249d.pdf,50
cruel cruelty,官方词表未提供读音,官方《全国大学英语四、六级考试大纲（2016年修订版）》词表词目；官方未提供释义,官方词表只列词形，不列例句,1,全国大学英语四、六级考试大纲（2016年修订版）,https://cet.neea.edu.cn/res/Home/1704/55b02330ac17274664f06d9d3db8249d.pdf,50
cruise cruiser,官方词表未提供读音,官方《全国大学英语四、六级考试大纲（2016年修订版）》词表词目；官方未提供释义,官方词表只列词形，不列例句,1,全国大学英语四、六级考试大纲（2016年修订版）,https://cet.neea.edu.cn/res/Home/1704/55b02330ac17274664f06d9d3db8249d.pdf,50
crush,官方词表未提供读音,官方《全国大学英语四、六级考试大纲（2016年修订版）》词表词目；官方未提供释义,官方词表只列词形，不列例句,1,全国大学英语四、六级考试大纲（2016年修订版）,https://cet.neea.edu.cn/res/Home/1704/55b02330ac17274664f06d9d3db8249d.pdf,50
cry,官方词表未提供读音,官方《全国大学英语四、六级考试大纲（2016年修订版）》词表词目；官方未提供释义,官方词表只列词形，不列例句,1,全国大学英语四、六级考试大纲（2016年修订版）,https://cet.neea.edu.cn/res/Home/1704/55b02330ac17274664f06d9d3db8249d.pdf,50
crystal,官方词表未提供读音,官方《全国大学英语四、六级考试大纲（2016年修订版）》词表词目；官方未提供释义,官方词表只列词形，不列例句,1,全国大学英语四、六级考试大纲（2016年修订版）,https://cet.neea.edu.cn/res/Home/1704/55b02330ac17274664f06d9d3db8249d.pdf,50
cube cubic,官方词表未提供读音,官方《全国大学英语四、六级考试大纲（2016年修订版）》词表词目；官方未提供释义,官方词表只列词形，不列例句,1,全国大学英语四、六级考试大纲（2016年修订版）,https://cet.neea.edu.cn/res/Home/1704/55b02330ac17274664f06d9d3db8249d.pdf,50
cucumber,官方词表未提供读音,官方《全国大学英语四、六级考试大纲（2016年修订版）》词表词目；官方未提供释义,官方词表只列词形，不列例句,1,全国大学英语四、六级考试大纲（2016年修订版）,https://cet.neea.edu.cn/res/Home/1704/55b02330ac17274664f06d9d3db8249d.pdf,50
cue,官方词表未提供读音,官方《全国大学英语四、六级考试大纲（2016年修订版）》词表词目；官方未提供释义,官方词表只列词形，不列例句,1,全国大学英语四、六级考试大纲（2016年修订版）,https://cet.neea.edu.cn/res/Home/1704/55b02330ac17274664f06d9d3db8249d.pdf,50
cultivate cultivation,官方词表未提供读音,官方《全国大学英语四、六级考试大纲（2016年修订版）》词表词目；官方未提供释义,官方词表只列词形，不列例句,1,全国大学英语四、六级考试大纲（2016年修订版）,https://cet.neea.edu.cn/res/Home/1704/55b02330ac17274664f06d9d3db8249d.pdf,50
culture cultural,官方词表未提供读音,官方《全国大学英语四、六级考试大纲（2016年修订版）》词表词目；官方未提供释义,官方词表只列词形，不列例句,1,全国大学英语四、六级考试大纲（2016年修订版）,https://cet.neea.edu.cn/res/Home/1704/55b02330ac17274664f06d9d3db8249d.pdf,50
cup,官方词表未提供读音,官方《全国大学英语四、六级考试大纲（2016年修订版）》词表词目；官方未提供释义,官方词表只列词形，不列例句,1,全国大学英语四、六级考试大纲（2016年修订版）,https://cet.neea.edu.cn/res/Home/1704/55b02330ac17274664f06d9d3db8249d.pdf,50
cupboard,官方词表未提供读音,官方《全国大学英语四、六级考试大纲（2016年修订版）》词表词目；官方未提供释义,官方词表只列词形，不列例句,1,全国大学英语四、六级考试大纲（2016年修订版）,https://cet.neea.edu.cn/res/Home/1704/55b02330ac17274664f06d9d3db8249d.pdf,50
curb,官方词表未提供读音,官方《全国大学英语四、六级考试大纲（2016年修订版）》词表词目；官方未提供释义,官方词表只列词形，不列例句,1,全国大学英语四、六级考试大纲（2016年修订版）,https://cet.neea.edu.cn/res/Home/1704/55b02330ac17274664f06d9d3db8249d.pdf,50
cure curable,官方词表未提供读音,官方《全国大学英语四、六级考试大纲（2016年修订版）》词表词目；官方未提供释义,官方词表只列词形，不列例句,1,全国大学英语四、六级考试大纲（2016年修订版）,https://cet.neea.edu.cn/res/Home/1704/55b02330ac17274664f06d9d3db8249d.pdf,50
curious curiosity,官方词表未提供读音,官方《全国大学英语四、六级考试大纲（2016年修订版）》词表词目；官方未提供释义,官方词表只列词形，不列例句,1,全国大学英语四、六级考试大纲（2016年修订版）,https://cet.neea.edu.cn/res/Home/1704/55b02330ac17274664f06d9d3db8249d.pdf,51
curl,官方词表未提供读音,官方《全国大学英语四、六级考试大纲（2016年修订版）》词表词目；官方未提供释义,官方词表只列词形，不列例句,1,全国大学英语四、六级考试大纲（2016年修订版）,https://cet.neea.edu.cn/res/Home/1704/55b02330ac17274664f06d9d3db8249d.pdf,51
currency,官方词表未提供读音,官方《全国大学英语四、六级考试大纲（2016年修订版）》词表词目；官方未提供释义,官方词表只列词形，不列例句,1,全国大学英语四、六级考试大纲（2016年修订版）,https://cet.neea.edu.cn/res/Home/1704/55b02330ac17274664f06d9d3db8249d.pdf,51
current currently,官方词表未提供读音,官方《全国大学英语四、六级考试大纲（2016年修订版）》词表词目；官方未提供释义,官方词表只列词形，不列例句,1,全国大学英语四、六级考试大纲（2016年修订版）,https://cet.neea.edu.cn/res/Home/1704/55b02330ac17274664f06d9d3db8249d.pdf,51
curriculum,官方词表未提供读音,官方《全国大学英语四、六级考试大纲（2016年修订版）》词表词目；官方未提供释义,官方词表只列词形，不列例句,1,全国大学英语四、六级考试大纲（2016年修订版）,https://cet.neea.edu.cn/res/Home/1704/55b02330ac17274664f06d9d3db8249d.pdf,51
curse,官方词表未提供读音,官方《全国大学英语四、六级考试大纲（2016年修订版）》词表词目；官方未提供释义,官方词表只列词形，不列例句,1,全国大学英语四、六级考试大纲（2016年修订版）,https://cet.neea.edu.cn/res/Home/1704/55b02330ac17274664f06d9d3db8249d.pdf,51
curtain,官方词表未提供读音,官方《全国大学英语四、六级考试大纲（2016年修订版）》词表词目；官方未提供释义,官方词表只列词形，不列例句,1,全国大学英语四、六级考试大纲（2016年修订版）,https://cet.neea.edu.cn/res/Home/1704/55b02330ac17274664f06d9d3db8249d.pdf,51
curve,官方词表未提供读音,官方《全国大学英语四、六级考试大纲（2016年修订版）》词表词目；官方未提供释义,官方词表只列词形，不列例句,1,全国大学英语四、六级考试大纲（2016年修订版）,https://cet.neea.edu.cn/res/Home/1704/55b02330ac17274664f06d9d3db8249d.pdf,51
cushion,官方词表未提供读音,官方《全国大学英语四、六级考试大纲（2016年修订版）》词表词目；官方未提供释义,官方词表只列词形，不列例句,1,全国大学英语四、六级考试大纲（2016年修订版）,https://cet.neea.edu.cn/res/Home/1704/55b02330ac17274664f06d9d3db8249d.pdf,51
custom customary,官方词表未提供读音,官方《全国大学英语四、六级考试大纲（2016年修订版）》词表词目；官方未提供释义,官方词表只列词形，不列例句,1,全国大学英语四、六级考试大纲（2016年修订版）,https://cet.neea.edu.cn/res/Home/1704/55b02330ac17274664f06d9d3db8249d.pdf,51
customer,官方词表未提供读音,官方《全国大学英语四、六级考试大纲（2016年修订版）》词表词目；官方未提供释义,官方词表只列词形，不列例句,1,全国大学英语四、六级考试大纲（2016年修订版）,https://cet.neea.edu.cn/res/Home/1704/55b02330ac17274664f06d9d3db8249d.pdf,51
customs,官方词表未提供读音,官方《全国大学英语四、六级考试大纲（2016年修订版）》词表词目；官方未提供释义,官方词表只列词形，不列例句,1,全国大学英语四、六级考试大纲（2016年修订版）,https://cet.neea.edu.cn/res/Home/1704/55b02330ac17274664f06d9d3db8249d.pdf,51
cut,官方词表未提供读音,官方《全国大学英语四、六级考试大纲（2016年修订版）》词表词目；官方未提供释义,官方词表只列词形，不列例句,1,全国大学英语四、六级考试大纲（2016年修订版）,https://cet.neea.edu.cn/res/Home/1704/55b02330ac17274664f06d9d3db8249d.pdf,51
cute,官方词表未提供读音,官方《全国大学英语四、六级考试大纲（2016年修订版）》词表词目；官方未提供释义,官方词表只列词形，不列例句,1,全国大学英语四、六级考试大纲（2016年修订版）,https://cet.neea.edu.cn/res/Home/1704/55b02330ac17274664f06d9d3db8249d.pdf,51
cyberspace,官方词表未提供读音,官方《全国大学英语四、六级考试大纲（2016年修订版）》词表词目；官方未提供释义,官方词表只列词形，不列例句,1,全国大学英语四、六级考试大纲（2016年修订版）,https://cet.neea.edu.cn/res/Home/1704/55b02330ac17274664f06d9d3db8249d.pdf,51
cycle cycling cyclist,官方词表未提供读音,官方《全国大学英语四、六级考试大纲（2016年修订版）》词表词目；官方未提供释义,官方词表只列词形，不列例句,1,全国大学英语四、六级考试大纲（2016年修订版）,https://cet.neea.edu.cn/res/Home/1704/55b02330ac17274664f06d9d3db8249d.pdf,51
dad(dy),官方词表未提供读音,官方《全国大学英语四、六级考试大纲（2016年修订版）》词表词目；官方未提供释义,官方词表只列词形，不列例句,1,全国大学英语四、六级考试大纲（2016年修订版）,https://cet.neea.edu.cn/res/Home/1704/55b02330ac17274664f06d9d3db8249d.pdf,51
daily,官方词表未提供读音,官方《全国大学英语四、六级考试大纲（2016年修订版）》词表词目；官方未提供释义,官方词表只列词形，不列例句,1,全国大学英语四、六级考试大纲（2016年修订版）,https://cet.neea.edu.cn/res/Home/1704/55b02330ac17274664f06d9d3db8249d.pdf,51
dairy,官方词表未提供读音,官方《全国大学英语四、六级考试大纲（2016年修订版）》词表词目；官方未提供释义,官方词表只列词形，不列例句,1,全国大学英语四、六级考试大纲（2016年修订版）,https://cet.neea.edu.cn/res/Home/1704/55b02330ac17274664f06d9d3db8249d.pdf,51
dam,官方词表未提供读音,官方《全国大学英语四、六级考试大纲（2016年修订版）》词表词目；官方未提供释义,官方词表只列词形，不列例句,1,全国大学英语四、六级考试大纲（2016年修订版）,https://cet.neea.edu.cn/res/Home/1704/55b02330ac17274664f06d9d3db8249d.pdf,51
damage,官方词表未提供读音,官方《全国大学英语四、六级考试大纲（2016年修订版）》词表词目；官方未提供释义,官方词表只列词形，不列例句,1,全国大学英语四、六级考试大纲（2016年修订版）,https://cet.neea.edu.cn/res/Home/1704/55b02330ac17274664f06d9d3db8249d.pdf,51
damn,官方词表未提供读音,官方《全国大学英语四、六级考试大纲（2016年修订版）》词表词目；官方未提供释义,官方词表只列词形，不列例句,1,全国大学英语四、六级考试大纲（2016年修订版）,https://cet.neea.edu.cn/res/Home/1704/55b02330ac17274664f06d9d3db8249d.pdf,51
damp dampen,官方词表未提供读音,官方《全国大学英语四、六级考试大纲（2016年修订版）》词表词目；官方未提供释义,官方词表只列词形，不列例句,1,全国大学英语四、六级考试大纲（2016年修订版）,https://cet.neea.edu.cn/res/Home/1704/55b02330ac17274664f06d9d3db8249d.pdf,51
dance,官方词表未提供读音,官方《全国大学英语四、六级考试大纲（2016年修订版）》词表词目；官方未提供释义,官方词表只列词形，不列例句,1,全国大学英语四、六级考试大纲（2016年修订版）,https://cet.neea.edu.cn/res/Home/1704/55b02330ac17274664f06d9d3db8249d.pdf,51
danger dangerous,官方词表未提供读音,官方《全国大学英语四、六级考试大纲（2016年修订版）》词表词目；官方未提供释义,官方词表只列词形，不列例句,1,全国大学英语四、六级考试大纲（2016年修订版）,https://cet.neea.edu.cn/res/Home/1704/55b02330ac17274664f06d9d3db8249d.pdf,51
dare daring,官方词表未提供读音,官方《全国大学英语四、六级考试大纲（2016年修订版）》词表词目；官方未提供释义,官方词表只列词形，不列例句,1,全国大学英语四、六级考试大纲（2016年修订版）,https://cet.neea.edu.cn/res/Home/1704/55b02330ac17274664f06d9d3db8249d.pdf,51
dark darkness darken,官方词表未提供读音,官方《全国大学英语四、六级考试大纲（2016年修订版）》词表词目；官方未提供释义,官方词表只列词形，不列例句,1,全国大学英语四、六级考试大纲（2016年修订版）,https://cet.neea.edu.cn/res/Home/1704/55b02330ac17274664f06d9d3db8249d.pdf,51
darling,官方词表未提供读音,官方《全国大学英语四、六级考试大纲（2016年修订版）》词表词目；官方未提供释义,官方词表只列词形，不列例句,1,全国大学英语四、六级考试大纲（2016年修订版）,https://cet.neea.edu.cn/res/Home/1704/55b02330ac17274664f06d9d3db8249d.pdf,51
dash,官方词表未提供读音,官方《全国大学英语四、六级考试大纲（2016年修订版）》词表词目；官方未提供释义,官方词表只列词形，不列例句,1,全国大学英语四、六级考试大纲（2016年修订版）,https://cet.neea.edu.cn/res/Home/1704/55b02330ac17274664f06d9d3db8249d.pdf,51
data datum,官方词表未提供读音,官方《全国大学英语四、六级考试大纲（2016年修订版）》词表词目；官方未提供释义,官方词表只列词形，不列例句,1,全国大学英语四、六级考试大纲（2016年修订版）,https://cet.neea.edu.cn/res/Home/1704/55b02330ac17274664f06d9d3db8249d.pdf,51
database,官方词表未提供读音,官方《全国大学英语四、六级考试大纲（2016年修订版）》词表词目；官方未提供释义,官方词表只列词形，不列例句,1,全国大学英语四、六级考试大纲（2016年修订版）,https://cet.neea.edu.cn/res/Home/1704/55b02330ac17274664f06d9d3db8249d.pdf,51
date,官方词表未提供读音,官方《全国大学英语四、六级考试大纲（2016年修订版）》词表词目；官方未提供释义,官方词表只列词形，不列例句,1,全国大学英语四、六级考试大纲（2016年修订版）,https://cet.neea.edu.cn/res/Home/1704/55b02330ac17274664f06d9d3db8249d.pdf,51
dating,官方词表未提供读音,官方《全国大学英语四、六级考试大纲（2016年修订版）》词表词目；官方未提供释义,官方词表只列词形，不列例句,1,全国大学英语四、六级考试大纲（2016年修订版）,https://cet.neea.edu.cn/res/Home/1704/55b02330ac17274664f06d9d3db8249d.pdf,51
daughter,官方词表未提供读音,官方《全国大学英语四、六级考试大纲（2016年修订版）》词表词目；官方未提供释义,官方词表只列词形，不列例句,1,全国大学英语四、六级考试大纲（2016年修订版）,https://cet.neea.edu.cn/res/Home/1704/55b02330ac17274664f06d9d3db8249d.pdf,51
dawn,官方词表未提供读音,官方《全国大学英语四、六级考试大纲（2016年修订版）》词表词目；官方未提供释义,官方词表只列词形，不列例句,1,全国大学英语四、六级考试大纲（2016年修订版）,https://cet.neea.edu.cn/res/Home/1704/55b02330ac17274664f06d9d3db8249d.pdf,51
day daily,官方词表未提供读音,官方《全国大学英语四、六级考试大纲（2016年修订版）》词表词目；官方未提供释义,官方词表只列词形，不列例句,1,全国大学英语四、六级考试大纲（2016年修订版）,https://cet.neea.edu.cn/res/Home/1704/55b02330ac17274664f06d9d3db8249d.pdf,51
daylight,官方词表未提供读音,官方《全国大学英语四、六级考试大纲（2016年修订版）》词表词目；官方未提供释义,官方词表只列词形，不列例句,1,全国大学英语四、六级考试大纲（2016年修订版）,https://cet.neea.edu.cn/res/Home/1704/55b02330ac17274664f06d9d3db8249d.pdf,52
dead,官方词表未提供读音,官方《全国大学英语四、六级考试大纲（2016年修订版）》词表词目；官方未提供释义,官方词表只列词形，不列例句,1,全国大学英语四、六级考试大纲（2016年修订版）,https://cet.neea.edu.cn/res/Home/1704/55b02330ac17274664f06d9d3db8249d.pdf,52
deadline,官方词表未提供读音,官方《全国大学英语四、六级考试大纲（2016年修订版）》词表词目；官方未提供释义,官方词表只列词形，不列例句,1,全国大学英语四、六级考试大纲（2016年修订版）,https://cet.neea.edu.cn/res/Home/1704/55b02330ac17274664f06d9d3db8249d.pdf,52
deadly,官方词表未提供读音,官方《全国大学英语四、六级考试大纲（2016年修订版）》词表词目；官方未提供释义,官方词表只列词形，不列例句,1,全国大学英语四、六级考试大纲（2016年修订版）,https://cet.neea.edu.cn/res/Home/1704/55b02330ac17274664f06d9d3db8249d.pdf,52
deaf,官方词表未提供读音,官方《全国大学英语四、六级考试大纲（2016年修订版）》词表词目；官方未提供释义,官方词表只列词形，不列例句,1,全国大学英语四、六级考试大纲（2016年修订版）,https://cet.neea.edu.cn/res/Home/1704/55b02330ac17274664f06d9d3db8249d.pdf,52
deal,官方词表未提供读音,官方《全国大学英语四、六级考试大纲（2016年修订版）》词表词目；官方未提供释义,官方词表只列词形，不列例句,1,全国大学英语四、六级考试大纲（2016年修订版）,https://cet.neea.edu.cn/res/Home/1704/55b02330ac17274664f06d9d3db8249d.pdf,52
dealer dealing,官方词表未提供读音,官方《全国大学英语四、六级考试大纲（2016年修订版）》词表词目；官方未提供释义,官方词表只列词形，不列例句,1,全国大学英语四、六级考试大纲（2016年修订版）,https://cet.neea.edu.cn/res/Home/1704/55b02330ac17274664f06d9d3db8249d.pdf,52
dean,官方词表未提供读音,官方《全国大学英语四、六级考试大纲（2016年修订版）》词表词目；官方未提供释义,官方词表只列词形，不列例句,1,全国大学英语四、六级考试大纲（2016年修订版）,https://cet.neea.edu.cn/res/Home/1704/55b02330ac17274664f06d9d3db8249d.pdf,52
dear,官方词表未提供读音,官方《全国大学英语四、六级考试大纲（2016年修订版）》词表词目；官方未提供释义,官方词表只列词形，不列例句,1,全国大学英语四、六级考试大纲（2016年修订版）,https://cet.neea.edu.cn/res/Home/1704/55b02330ac17274664f06d9d3db8249d.pdf,52
death,官方词表未提供读音,官方《全国大学英语四、六级考试大纲（2016年修订版）》词表词目；官方未提供释义,官方词表只列词形，不列例句,1,全国大学英语四、六级考试大纲（2016年修订版）,https://cet.neea.edu.cn/res/Home/1704/55b02330ac17274664f06d9d3db8249d.pdf,52
debate,官方词表未提供读音,官方《全国大学英语四、六级考试大纲（2016年修订版）》词表词目；官方未提供释义,官方词表只列词形，不列例句,1,全国大学英语四、六级考试大纲（2016年修订版）,https://cet.neea.edu.cn/res/Home/1704/55b02330ac17274664f06d9d3db8249d.pdf,52
debt debtor,官方词表未提供读音,官方《全国大学英语四、六级考试大纲（2016年修订版）》词表词目；官方未提供释义,官方词表只列词形，不列例句,1,全国大学英语四、六级考试大纲（2016年修订版）,https://cet.neea.edu.cn/res/Home/1704/55b02330ac17274664f06d9d3db8249d.pdf,52
decade,官方词表未提供读音,官方《全国大学英语四、六级考试大纲（2016年修订版）》词表词目；官方未提供释义,官方词表只列词形，不列例句,1,全国大学英语四、六级考试大纲（2016年修订版）,https://cet.neea.edu.cn/res/Home/1704/55b02330ac17274664f06d9d3db8249d.pdf,52
decay,官方词表未提供读音,官方《全国大学英语四、六级考试大纲（2016年修订版）》词表词目；官方未提供释义,官方词表只列词形，不列例句,1,全国大学英语四、六级考试大纲（2016年修订版）,https://cet.neea.edu.cn/res/Home/1704/55b02330ac17274664f06d9d3db8249d.pdf,52
deceive deceit deception deceptive,官方词表未提供读音,官方《全国大学英语四、六级考试大纲（2016年修订版）》词表词目；官方未提供释义,官方词表只列词形，不列例句,1,全国大学英语四、六级考试大纲（2016年修订版）,https://cet.neea.edu.cn/res/Home/1704/55b02330ac17274664f06d9d3db8249d.pdf,52
December,官方词表未提供读音,官方《全国大学英语四、六级考试大纲（2016年修订版）》词表词目；官方未提供释义,官方词表只列词形，不列例句,1,全国大学英语四、六级考试大纲（2016年修订版）,https://cet.neea.edu.cn/res/Home/1704/55b02330ac17274664f06d9d3db8249d.pdf,52
decent,官方词表未提供读音,官方《全国大学英语四、六级考试大纲（2016年修订版）》词表词目；官方未提供释义,官方词表只列词形，不列例句,1,全国大学英语四、六级考试大纲（2016年修订版）,https://cet.neea.edu.cn/res/Home/1704/55b02330ac17274664f06d9d3db8249d.pdf,52
decide decision decisive,官方词表未提供读音,官方《全国大学英语四、六级考试大纲（2016年修订版）》词表词目；官方未提供释义,官方词表只列词形，不列例句,1,全国大学英语四、六级考试大纲（2016年修订版）,https://cet.neea.edu.cn/res/Home/1704/55b02330ac17274664f06d9d3db8249d.pdf,52
deck,官方词表未提供读音,官方《全国大学英语四、六级考试大纲（2016年修订版）》词表词目；官方未提供释义,官方词表只列词形，不列例句,1,全国大学英语四、六级考试大纲（2016年修订版）,https://cet.neea.edu.cn/res/Home/1704/55b02330ac17274664f06d9d3db8249d.pdf,52
declare declaration declarative,官方词表未提供读音,官方《全国大学英语四、六级考试大纲（2016年修订版）》词表词目；官方未提供释义,官方词表只列词形，不列例句,1,全国大学英语四、六级考试大纲（2016年修订版）,https://cet.neea.edu.cn/res/Home/1704/55b02330ac17274664f06d9d3db8249d.pdf,52
decline,官方词表未提供读音,官方《全国大学英语四、六级考试大纲（2016年修订版）》词表词目；官方未提供释义,官方词表只列词形，不列例句,1,全国大学英语四、六级考试大纲（2016年修订版）,https://cet.neea.edu.cn/res/Home/1704/55b02330ac17274664f06d9d3db8249d.pdf,52
decorate decoration decorative,官方词表未提供读音,官方《全国大学英语四、六级考试大纲（2016年修订版）》词表词目；官方未提供释义,官方词表只列词形，不列例句,1,全国大学英语四、六级考试大纲（2016年修订版）,https://cet.neea.edu.cn/res/Home/1704/55b02330ac17274664f06d9d3db8249d.pdf,52
decrease,官方词表未提供读音,官方《全国大学英语四、六级考试大纲（2016年修订版）》词表词目；官方未提供释义,官方词表只列词形，不列例句,1,全国大学英语四、六级考试大纲（2016年修订版）,https://cet.neea.edu.cn/res/Home/1704/55b02330ac17274664f06d9d3db8249d.pdf,52
deed,官方词表未提供读音,官方《全国大学英语四、六级考试大纲（2016年修订版）》词表词目；官方未提供释义,官方词表只列词形，不列例句,1,全国大学英语四、六级考试大纲（2016年修订版）,https://cet.neea.edu.cn/res/Home/1704/55b02330ac17274664f06d9d3db8249d.pdf,52
deem,官方词表未提供读音,官方《全国大学英语四、六级考试大纲（2016年修订版）》词表词目；官方未提供释义,官方词表只列词形，不列例句,1,全国大学英语四、六级考试大纲（2016年修订版）,https://cet.neea.edu.cn/res/Home/1704/55b02330ac17274664f06d9d3db8249d.pdf,52
deep deeply depth,官方词表未提供读音,官方《全国大学英语四、六级考试大纲（2016年修订版）》词表词目；官方未提供释义,官方词表只列词形，不列例句,1,全国大学英语四、六级考试大纲（2016年修订版）,https://cet.neea.edu.cn/res/Home/1704/55b02330ac17274664f06d9d3db8249d.pdf,52
deer,官方词表未提供读音,官方《全国大学英语四、六级考试大纲（2016年修订版）》词表词目；官方未提供释义,官方词表只列词形，不列例句,1,全国大学英语四、六级考试大纲（2016年修订版）,https://cet.neea.edu.cn/res/Home/1704/55b02330ac17274664f06d9d3db8249d.pdf,52
defeat,官方词表未提供读音,官方《全国大学英语四、六级考试大纲（2016年修订版）》词表词目；官方未提供释义,官方词表只列词形，不列例句,1,全国大学英语四、六级考试大纲（2016年修订版）,https://cet.neea.edu.cn/res/Home/1704/55b02330ac17274664f06d9d3db8249d.pdf,52
defect,官方词表未提供读音,官方《全国大学英语四、六级考试大纲（2016年修订版）》词表词目；官方未提供释义,官方词表只列词形，不列例句,1,全国大学英语四、六级考试大纲（2016年修订版）,https://cet.neea.edu.cn/res/Home/1704/55b02330ac17274664f06d9d3db8249d.pdf,52
defective,官方词表未提供读音,官方《全国大学英语四、六级考试大纲（2016年修订版）》词表词目；官方未提供释义,官方词表只列词形，不列例句,1,全国大学英语四、六级考试大纲（2016年修订版）,https://cet.neea.edu.cn/res/Home/1704/55b02330ac17274664f06d9d3db8249d.pdf,52
defection,官方词表未提供读音,官方《全国大学英语四、六级考试大纲（2016年修订版）》词表词目；官方未提供释义,官方词表只列词形，不列例句,1,全国大学英语四、六级考试大纲（2016年修订版）,https://cet.neea.edu.cn/res/Home/1704/55b02330ac17274664f06d9d3db8249d.pdf,52
defend defense/-ce defensive defendant,官方词表未提供读音,官方《全国大学英语四、六级考试大纲（2016年修订版）》词表词目；官方未提供释义,官方词表只列词形，不列例句,1,全国大学英语四、六级考试大纲（2016年修订版）,https://cet.neea.edu.cn/res/Home/1704/55b02330ac17274664f06d9d3db8249d.pdf,52
deficient deficiency,官方词表未提供读音,官方《全国大学英语四、六级考试大纲（2016年修订版）》词表词目；官方未提供释义,官方词表只列词形，不列例句,1,全国大学英语四、六级考试大纲（2016年修订版）,https://cet.neea.edu.cn/res/Home/1704/55b02330ac17274664f06d9d3db8249d.pdf,53
deficit,官方词表未提供读音,官方《全国大学英语四、六级考试大纲（2016年修订版）》词表词目；官方未提供释义,官方词表只列词形，不列例句,1,全国大学英语四、六级考试大纲（2016年修订版）,https://cet.neea.edu.cn/res/Home/1704/55b02330ac17274664f06d9d3db8249d.pdf,53
define definition,官方词表未提供读音,官方《全国大学英语四、六级考试大纲（2016年修订版）》词表词目；官方未提供释义,官方词表只列词形，不列例句,1,全国大学英语四、六级考试大纲（2016年修订版）,https://cet.neea.edu.cn/res/Home/1704/55b02330ac17274664f06d9d3db8249d.pdf,53
definite definitely,官方词表未提供读音,官方《全国大学英语四、六级考试大纲（2016年修订版）》词表词目；官方未提供释义,官方词表只列词形，不列例句,1,全国大学英语四、六级考试大纲（2016年修订版）,https://cet.neea.edu.cn/res/Home/1704/55b02330ac17274664f06d9d3db8249d.pdf,53
defy defiance defiant,官方词表未提供读音,官方《全国大学英语四、六级考试大纲（2016年修订版）》词表词目；官方未提供释义,官方词表只列词形，不列例句,1,全国大学英语四、六级考试大纲（2016年修订版）,https://cet.neea.edu.cn/res/Home/1704/55b02330ac17274664f06d9d3db8249d.pdf,53
degree,官方词表未提供读音,官方《全国大学英语四、六级考试大纲（2016年修订版）》词表词目；官方未提供释义,官方词表只列词形，不列例句,1,全国大学英语四、六级考试大纲（2016年修订版）,https://cet.neea.edu.cn/res/Home/1704/55b02330ac17274664f06d9d3db8249d.pdf,53
delay,官方词表未提供读音,官方《全国大学英语四、六级考试大纲（2016年修订版）》词表词目；官方未提供释义,官方词表只列词形，不列例句,1,全国大学英语四、六级考试大纲（2016年修订版）,https://cet.neea.edu.cn/res/Home/1704/55b02330ac17274664f06d9d3db8249d.pdf,53
delegate delegation,官方词表未提供读音,官方《全国大学英语四、六级考试大纲（2016年修订版）》词表词目；官方未提供释义,官方词表只列词形，不列例句,1,全国大学英语四、六级考试大纲（2016年修订版）,https://cet.neea.edu.cn/res/Home/1704/55b02330ac17274664f06d9d3db8249d.pdf,53
delete deletion,官方词表未提供读音,官方《全国大学英语四、六级考试大纲（2016年修订版）》词表词目；官方未提供释义,官方词表只列词形，不列例句,1,全国大学英语四、六级考试大纲（2016年修订版）,https://cet.neea.edu.cn/res/Home/1704/55b02330ac17274664f06d9d3db8249d.pdf,53
deliberate deliberation,官方词表未提供读音,官方《全国大学英语四、六级考试大纲（2016年修订版）》词表词目；官方未提供释义,官方词表只列词形，不列例句,1,全国大学英语四、六级考试大纲（2016年修订版）,https://cet.neea.edu.cn/res/Home/1704/55b02330ac17274664f06d9d3db8249d.pdf,53
delicate,官方词表未提供读音,官方《全国大学英语四、六级考试大纲（2016年修订版）》词表词目；官方未提供释义,官方词表只列词形，不列例句,1,全国大学英语四、六级考试大纲（2016年修订版）,https://cet.neea.edu.cn/res/Home/1704/55b02330ac17274664f06d9d3db8249d.pdf,53
delicious,官方词表未提供读音,官方《全国大学英语四、六级考试大纲（2016年修订版）》词表词目；官方未提供释义,官方词表只列词形，不列例句,1,全国大学英语四、六级考试大纲（2016年修订版）,https://cet.neea.edu.cn/res/Home/1704/55b02330ac17274664f06d9d3db8249d.pdf,53
delight delightful,官方词表未提供读音,官方《全国大学英语四、六级考试大纲（2016年修订版）》词表词目；官方未提供释义,官方词表只列词形，不列例句,1,全国大学英语四、六级考试大纲（2016年修订版）,https://cet.neea.edu.cn/res/Home/1704/55b02330ac17274664f06d9d3db8249d.pdf,53
deliver delivery,官方词表未提供读音,官方《全国大学英语四、六级考试大纲（2016年修订版）》词表词目；官方未提供释义,官方词表只列词形，不列例句,1,全国大学英语四、六级考试大纲（2016年修订版）,https://cet.neea.edu.cn/res/Home/1704/55b02330ac17274664f06d9d3db8249d.pdf,53
demand demanding,官方词表未提供读音,官方《全国大学英语四、六级考试大纲（2016年修订版）》词表词目；官方未提供释义,官方词表只列词形，不列例句,1,全国大学英语四、六级考试大纲（2016年修订版）,https://cet.neea.edu.cn/res/Home/1704/55b02330ac17274664f06d9d3db8249d.pdf,53
democracy democratic democrat,官方词表未提供读音,官方《全国大学英语四、六级考试大纲（2016年修订版）》词表词目；官方未提供释义,官方词表只列词形，不列例句,1,全国大学英语四、六级考试大纲（2016年修订版）,https://cet.neea.edu.cn/res/Home/1704/55b02330ac17274664f06d9d3db8249d.pdf,53
demonstrate demonstration/demo demonstrative,官方词表未提供读音,官方《全国大学英语四、六级考试大纲（2016年修订版）》词表词目；官方未提供释义,官方词表只列词形，不列例句,1,全国大学英语四、六级考试大纲（2016年修订版）,https://cet.neea.edu.cn/res/Home/1704/55b02330ac17274664f06d9d3db8249d.pdf,53
dense density,官方词表未提供读音,官方《全国大学英语四、六级考试大纲（2016年修订版）》词表词目；官方未提供释义,官方词表只列词形，不列例句,1,全国大学英语四、六级考试大纲（2016年修订版）,https://cet.neea.edu.cn/res/Home/1704/55b02330ac17274664f06d9d3db8249d.pdf,53
dent,官方词表未提供读音,官方《全国大学英语四、六级考试大纲（2016年修订版）》词表词目；官方未提供释义,官方词表只列词形，不列例句,1,全国大学英语四、六级考试大纲（2016年修订版）,https://cet.neea.edu.cn/res/Home/1704/55b02330ac17274664f06d9d3db8249d.pdf,53
dental,官方词表未提供读音,官方《全国大学英语四、六级考试大纲（2016年修订版）》词表词目；官方未提供释义,官方词表只列词形，不列例句,1,全国大学英语四、六级考试大纲（2016年修订版）,https://cet.neea.edu.cn/res/Home/1704/55b02330ac17274664f06d9d3db8249d.pdf,53
dentist,官方词表未提供读音,官方《全国大学英语四、六级考试大纲（2016年修订版）》词表词目；官方未提供释义,官方词表只列词形，不列例句,1,全国大学英语四、六级考试大纲（2016年修订版）,https://cet.neea.edu.cn/res/Home/1704/55b02330ac17274664f06d9d3db8249d.pdf,53
deny denial,官方词表未提供读音,官方《全国大学英语四、六级考试大纲（2016年修订版）》词表词目；官方未提供释义,官方词表只列词形，不列例句,1,全国大学英语四、六级考试大纲（2016年修订版）,https://cet.neea.edu.cn/res/Home/1704/55b02330ac17274664f06d9d3db8249d.pdf,53
depart departure,官方词表未提供读音,官方《全国大学英语四、六级考试大纲（2016年修订版）》词表词目；官方未提供释义,官方词表只列词形，不列例句,1,全国大学英语四、六级考试大纲（2016年修订版）,https://cet.neea.edu.cn/res/Home/1704/55b02330ac17274664f06d9d3db8249d.pdf,53
department,官方词表未提供读音,官方《全国大学英语四、六级考试大纲（2016年修订版）》词表词目；官方未提供释义,官方词表只列词形，不列例句,1,全国大学英语四、六级考试大纲（2016年修订版）,https://cet.neea.edu.cn/res/Home/1704/55b02330ac17274664f06d9d3db8249d.pdf,53
depend dependent dependence dependable,官方词表未提供读音,官方《全国大学英语四、六级考试大纲（2016年修订版）》词表词目；官方未提供释义,官方词表只列词形，不列例句,1,全国大学英语四、六级考试大纲（2016年修订版）,https://cet.neea.edu.cn/res/Home/1704/55b02330ac17274664f06d9d3db8249d.pdf,53
deposit,官方词表未提供读音,官方《全国大学英语四、六级考试大纲（2016年修订版）》词表词目；官方未提供释义,官方词表只列词形，不列例句,1,全国大学英语四、六级考试大纲（2016年修订版）,https://cet.neea.edu.cn/res/Home/1704/55b02330ac17274664f06d9d3db8249d.pdf,53
depress depression,官方词表未提供读音,官方《全国大学英语四、六级考试大纲（2016年修订版）》词表词目；官方未提供释义,官方词表只列词形，不列例句,1,全国大学英语四、六级考试大纲（2016年修订版）,https://cet.neea.edu.cn/res/Home/1704/55b02330ac17274664f06d9d3db8249d.pdf,53
deprive deprivation,官方词表未提供读音,官方《全国大学英语四、六级考试大纲（2016年修订版）》词表词目；官方未提供释义,官方词表只列词形，不列例句,1,全国大学英语四、六级考试大纲（2016年修订版）,https://cet.neea.edu.cn/res/Home/1704/55b02330ac17274664f06d9d3db8249d.pdf,53
depth,官方词表未提供读音,官方《全国大学英语四、六级考试大纲（2016年修订版）》词表词目；官方未提供释义,官方词表只列词形，不列例句,1,全国大学英语四、六级考试大纲（2016年修订版）,https://cet.neea.edu.cn/res/Home/1704/55b02330ac17274664f06d9d3db8249d.pdf,54
deputy,官方词表未提供读音,官方《全国大学英语四、六级考试大纲（2016年修订版）》词表词目；官方未提供释义,官方词表只列词形，不列例句,1,全国大学英语四、六级考试大纲（2016年修订版）,https://cet.neea.edu.cn/res/Home/1704/55b02330ac17274664f06d9d3db8249d.pdf,54
derive derivative derivation,官方词表未提供读音,官方《全国大学英语四、六级考试大纲（2016年修订版）》词表词目；官方未提供释义,官方词表只列词形，不列例句,1,全国大学英语四、六级考试大纲（2016年修订版）,https://cet.neea.edu.cn/res/Home/1704/55b02330ac17274664f06d9d3db8249d.pdf,54
descend descent descendant,官方词表未提供读音,官方《全国大学英语四、六级考试大纲（2016年修订版）》词表词目；官方未提供释义,官方词表只列词形，不列例句,1,全国大学英语四、六级考试大纲（2016年修订版）,https://cet.neea.edu.cn/res/Home/1704/55b02330ac17274664f06d9d3db8249d.pdf,54
describe description descriptive,官方词表未提供读音,官方《全国大学英语四、六级考试大纲（2016年修订版）》词表词目；官方未提供释义,官方词表只列词形，不列例句,1,全国大学英语四、六级考试大纲（2016年修订版）,https://cet.neea.edu.cn/res/Home/1704/55b02330ac17274664f06d9d3db8249d.pdf,54
desert,官方词表未提供读音,官方《全国大学英语四、六级考试大纲（2016年修订版）》词表词目；官方未提供释义,官方词表只列词形，不列例句,1,全国大学英语四、六级考试大纲（2016年修订版）,https://cet.neea.edu.cn/res/Home/1704/55b02330ac17274664f06d9d3db8249d.pdf,54
desertion,官方词表未提供读音,官方《全国大学英语四、六级考试大纲（2016年修订版）》词表词目；官方未提供释义,官方词表只列词形，不列例句,1,全国大学英语四、六级考试大纲（2016年修订版）,https://cet.neea.edu.cn/res/Home/1704/55b02330ac17274664f06d9d3db8249d.pdf,54
deserve,官方词表未提供读音,官方《全国大学英语四、六级考试大纲（2016年修订版）》词表词目；官方未提供释义,官方词表只列词形，不列例句,1,全国大学英语四、六级考试大纲（2016年修订版）,https://cet.neea.edu.cn/res/Home/1704/55b02330ac17274664f06d9d3db8249d.pdf,54
design designer,官方词表未提供读音,官方《全国大学英语四、六级考试大纲（2016年修订版）》词表词目；官方未提供释义,官方词表只列词形，不列例句,1,全国大学英语四、六级考试大纲（2016年修订版）,https://cet.neea.edu.cn/res/Home/1704/55b02330ac17274664f06d9d3db8249d.pdf,54
desire desirable desirability desirous,官方词表未提供读音,官方《全国大学英语四、六级考试大纲（2016年修订版）》词表词目；官方未提供释义,官方词表只列词形，不列例句,1,全国大学英语四、六级考试大纲（2016年修订版）,https://cet.neea.edu.cn/res/Home/1704/55b02330ac17274664f06d9d3db8249d.pdf,54
desk,官方词表未提供读音,官方《全国大学英语四、六级考试大纲（2016年修订版）》词表词目；官方未提供释义,官方词表只列词形，不列例句,1,全国大学英语四、六级考试大纲（2016年修订版）,https://cet.neea.edu.cn/res/Home/1704/55b02330ac17274664f06d9d3db8249d.pdf,54
desktop,官方词表未提供读音,官方《全国大学英语四、六级考试大纲（2016年修订版）》词表词目；官方未提供释义,官方词表只列词形，不列例句,1,全国大学英语四、六级考试大纲（2016年修订版）,https://cet.neea.edu.cn/res/Home/1704/55b02330ac17274664f06d9d3db8249d.pdf,54
despair desperate,官方词表未提供读音,官方《全国大学英语四、六级考试大纲（2016年修订版）》词表词目；官方未提供释义,官方词表只列词形，不列例句,1,全国大学英语四、六级考试大纲（2016年修订版）,https://cet.neea.edu.cn/res/Home/1704/55b02330ac17274664f06d9d3db8249d.pdf,54
despatch,官方词表未提供读音,官方《全国大学英语四、六级考试大纲（2016年修订版）》词表词目；官方未提供释义,官方词表只列词形，不列例句,1,全国大学英语四、六级考试大纲（2016年修订版）,https://cet.neea.edu.cn/res/Home/1704/55b02330ac17274664f06d9d3db8249d.pdf,54
despite,官方词表未提供读音,官方《全国大学英语四、六级考试大纲（2016年修订版）》词表词目；官方未提供释义,官方词表只列词形，不列例句,1,全国大学英语四、六级考试大纲（2016年修订版）,https://cet.neea.edu.cn/res/Home/1704/55b02330ac17274664f06d9d3db8249d.pdf,54
dessert,官方词表未提供读音,官方《全国大学英语四、六级考试大纲（2016年修订版）》词表词目；官方未提供释义,官方词表只列词形，不列例句,1,全国大学英语四、六级考试大纲（2016年修订版）,https://cet.neea.edu.cn/res/Home/1704/55b02330ac17274664f06d9d3db8249d.pdf,54
destination,官方词表未提供读音,官方《全国大学英语四、六级考试大纲（2016年修订版）》词表词目；官方未提供释义,官方词表只列词形，不列例句,1,全国大学英语四、六级考试大纲（2016年修订版）,https://cet.neea.edu.cn/res/Home/1704/55b02330ac17274664f06d9d3db8249d.pdf,54
destroy destruction destructive,官方词表未提供读音,官方《全国大学英语四、六级考试大纲（2016年修订版）》词表词目；官方未提供释义,官方词表只列词形，不列例句,1,全国大学英语四、六级考试大纲（2016年修订版）,https://cet.neea.edu.cn/res/Home/1704/55b02330ac17274664f06d9d3db8249d.pdf,54
detail detailed,官方词表未提供读音,官方《全国大学英语四、六级考试大纲（2016年修订版）》词表词目；官方未提供释义,官方词表只列词形，不列例句,1,全国大学英语四、六级考试大纲（2016年修订版）,https://cet.neea.edu.cn/res/Home/1704/55b02330ac17274664f06d9d3db8249d.pdf,54
detect detection detective,官方词表未提供读音,官方《全国大学英语四、六级考试大纲（2016年修订版）》词表词目；官方未提供释义,官方词表只列词形，不列例句,1,全国大学英语四、六级考试大纲（2016年修订版）,https://cet.neea.edu.cn/res/Home/1704/55b02330ac17274664f06d9d3db8249d.pdf,54
deteriorate deterioration,官方词表未提供读音,官方《全国大学英语四、六级考试大纲（2016年修订版）》词表词目；官方未提供释义,官方词表只列词形，不列例句,1,全国大学英语四、六级考试大纲（2016年修订版）,https://cet.neea.edu.cn/res/Home/1704/55b02330ac17274664f06d9d3db8249d.pdf,54
determine determination determined,官方词表未提供读音,官方《全国大学英语四、六级考试大纲（2016年修订版）》词表词目；官方未提供释义,官方词表只列词形，不列例句,1,全国大学英语四、六级考试大纲（2016年修订版）,https://cet.neea.edu.cn/res/Home/1704/55b02330ac17274664f06d9d3db8249d.pdf,54
develop development developmental developer,官方词表未提供读音,官方《全国大学英语四、六级考试大纲（2016年修订版）》词表词目；官方未提供释义,官方词表只列词形，不列例句,1,全国大学英语四、六级考试大纲（2016年修订版）,https://cet.neea.edu.cn/res/Home/1704/55b02330ac17274664f06d9d3db8249d.pdf,54
device,官方词表未提供读音,官方《全国大学英语四、六级考试大纲（2016年修订版）》词表词目；官方未提供释义,官方词表只列词形，不列例句,1,全国大学英语四、六级考试大纲（2016年修订版）,https://cet.neea.edu.cn/res/Home/1704/55b02330ac17274664f06d9d3db8249d.pdf,54
devil,官方词表未提供读音,官方《全国大学英语四、六级考试大纲（2016年修订版）》词表词目；官方未提供释义,官方词表只列词形，不列例句,1,全国大学英语四、六级考试大纲（2016年修订版）,https://cet.neea.edu.cn/res/Home/1704/55b02330ac17274664f06d9d3db8249d.pdf,54
devise,官方词表未提供读音,官方《全国大学英语四、六级考试大纲（2016年修订版）》词表词目；官方未提供释义,官方词表只列词形，不列例句,1,全国大学英语四、六级考试大纲（2016年修订版）,https://cet.neea.edu.cn/res/Home/1704/55b02330ac17274664f06d9d3db8249d.pdf,54
devote devotion,官方词表未提供读音,官方《全国大学英语四、六级考试大纲（2016年修订版）》词表词目；官方未提供释义,官方词表只列词形，不列例句,1,全国大学英语四、六级考试大纲（2016年修订版）,https://cet.neea.edu.cn/res/Home/1704/55b02330ac17274664f06d9d3db8249d.pdf,54
dew,官方词表未提供读音,官方《全国大学英语四、六级考试大纲（2016年修订版）》词表词目；官方未提供释义,官方词表只列词形，不列例句,1,全国大学英语四、六级考试大纲（2016年修订版）,https://cet.neea.edu.cn/res/Home/1704/55b02330ac17274664f06d9d3db8249d.pdf,54
diabetes,官方词表未提供读音,官方《全国大学英语四、六级考试大纲（2016年修订版）》词表词目；官方未提供释义,官方词表只列词形，不列例句,1,全国大学英语四、六级考试大纲（2016年修订版）,https://cet.neea.edu.cn/res/Home/1704/55b02330ac17274664f06d9d3db8249d.pdf,55
diagnose diagnosis,官方词表未提供读音,官方《全国大学英语四、六级考试大纲（2016年修订版）》词表词目；官方未提供释义,官方词表只列词形，不列例句,1,全国大学英语四、六级考试大纲（2016年修订版）,https://cet.neea.edu.cn/res/Home/1704/55b02330ac17274664f06d9d3db8249d.pdf,55
diagram,官方词表未提供读音,官方《全国大学英语四、六级考试大纲（2016年修订版）》词表词目；官方未提供释义,官方词表只列词形，不列例句,1,全国大学英语四、六级考试大纲（2016年修订版）,https://cet.neea.edu.cn/res/Home/1704/55b02330ac17274664f06d9d3db8249d.pdf,55
dial,官方词表未提供读音,官方《全国大学英语四、六级考试大纲（2016年修订版）》词表词目；官方未提供释义,官方词表只列词形，不列例句,1,全国大学英语四、六级考试大纲（2016年修订版）,https://cet.neea.edu.cn/res/Home/1704/55b02330ac17274664f06d9d3db8249d.pdf,55
dialect,官方词表未提供读音,官方《全国大学英语四、六级考试大纲（2016年修订版）》词表词目；官方未提供释义,官方词表只列词形，不列例句,1,全国大学英语四、六级考试大纲（2016年修订版）,https://cet.neea.edu.cn/res/Home/1704/55b02330ac17274664f06d9d3db8249d.pdf,55
dialog(ue),官方词表未提供读音,官方《全国大学英语四、六级考试大纲（2016年修订版）》词表词目；官方未提供释义,官方词表只列词形，不列例句,1,全国大学英语四、六级考试大纲（2016年修订版）,https://cet.neea.edu.cn/res/Home/1704/55b02330ac17274664f06d9d3db8249d.pdf,55
diameter,官方词表未提供读音,官方《全国大学英语四、六级考试大纲（2016年修订版）》词表词目；官方未提供释义,官方词表只列词形，不列例句,1,全国大学英语四、六级考试大纲（2016年修订版）,https://cet.neea.edu.cn/res/Home/1704/55b02330ac17274664f06d9d3db8249d.pdf,55
diamond,官方词表未提供读音,官方《全国大学英语四、六级考试大纲（2016年修订版）》词表词目；官方未提供释义,官方词表只列词形，不列例句,1,全国大学英语四、六级考试大纲（2016年修订版）,https://cet.neea.edu.cn/res/Home/1704/55b02330ac17274664f06d9d3db8249d.pdf,55
diary,官方词表未提供读音,官方《全国大学英语四、六级考试大纲（2016年修订版）》词表词目；官方未提供释义,官方词表只列词形，不列例句,1,全国大学英语四、六级考试大纲（2016年修订版）,https://cet.neea.edu.cn/res/Home/1704/55b02330ac17274664f06d9d3db8249d.pdf,55
dictate dictation dictator,官方词表未提供读音,官方《全国大学英语四、六级考试大纲（2016年修订版）》词表词目；官方未提供释义,官方词表只列词形，不列例句,1,全国大学英语四、六级考试大纲（2016年修订版）,https://cet.neea.edu.cn/res/Home/1704/55b02330ac17274664f06d9d3db8249d.pdf,55
dictionary,官方词表未提供读音,官方《全国大学英语四、六级考试大纲（2016年修订版）》词表词目；官方未提供释义,官方词表只列词形，不列例句,1,全国大学英语四、六级考试大纲（2016年修订版）,https://cet.neea.edu.cn/res/Home/1704/55b02330ac17274664f06d9d3db8249d.pdf,55
die dying,官方词表未提供读音,官方《全国大学英语四、六级考试大纲（2016年修订版）》词表词目；官方未提供释义,官方词表只列词形，不列例句,1,全国大学英语四、六级考试大纲（2016年修订版）,https://cet.neea.edu.cn/res/Home/1704/55b02330ac17274664f06d9d3db8249d.pdf,55
diet dietary,官方词表未提供读音,官方《全国大学英语四、六级考试大纲（2016年修订版）》词表词目；官方未提供释义,官方词表只列词形，不列例句,1,全国大学英语四、六级考试大纲（2016年修订版）,https://cet.neea.edu.cn/res/Home/1704/55b02330ac17274664f06d9d3db8249d.pdf,55
differ difference different,官方词表未提供读音,官方《全国大学英语四、六级考试大纲（2016年修订版）》词表词目；官方未提供释义,官方词表只列词形，不列例句,1,全国大学英语四、六级考试大纲（2016年修订版）,https://cet.neea.edu.cn/res/Home/1704/55b02330ac17274664f06d9d3db8249d.pdf,55
difficult difficulty,官方词表未提供读音,官方《全国大学英语四、六级考试大纲（2016年修订版）》词表词目；官方未提供释义,官方词表只列词形，不列例句,1,全国大学英语四、六级考试大纲（2016年修订版）,https://cet.neea.edu.cn/res/Home/1704/55b02330ac17274664f06d9d3db8249d.pdf,55
dig,官方词表未提供读音,官方《全国大学英语四、六级考试大纲（2016年修订版）》词表词目；官方未提供释义,官方词表只列词形，不列例句,1,全国大学英语四、六级考试大纲（2016年修订版）,https://cet.neea.edu.cn/res/Home/1704/55b02330ac17274664f06d9d3db8249d.pdf,55
digest digestion digestive,官方词表未提供读音,官方《全国大学英语四、六级考试大纲（2016年修订版）》词表词目；官方未提供释义,官方词表只列词形，不列例句,1,全国大学英语四、六级考试大纲（2016年修订版）,https://cet.neea.edu.cn/res/Home/1704/55b02330ac17274664f06d9d3db8249d.pdf,55
digit digital,官方词表未提供读音,官方《全国大学英语四、六级考试大纲（2016年修订版）》词表词目；官方未提供释义,官方词表只列词形，不列例句,1,全国大学英语四、六级考试大纲（2016年修订版）,https://cet.neea.edu.cn/res/Home/1704/55b02330ac17274664f06d9d3db8249d.pdf,55
dignity dignify,官方词表未提供读音,官方《全国大学英语四、六级考试大纲（2016年修订版）》词表词目；官方未提供释义,官方词表只列词形，不列例句,1,全国大学英语四、六级考试大纲（2016年修订版）,https://cet.neea.edu.cn/res/Home/1704/55b02330ac17274664f06d9d3db8249d.pdf,55
dilemma,官方词表未提供读音,官方《全国大学英语四、六级考试大纲（2016年修订版）》词表词目；官方未提供释义,官方词表只列词形，不列例句,1,全国大学英语四、六级考试大纲（2016年修订版）,https://cet.neea.edu.cn/res/Home/1704/55b02330ac17274664f06d9d3db8249d.pdf,55
diligent diligence,官方词表未提供读音,官方《全国大学英语四、六级考试大纲（2016年修订版）》词表词目；官方未提供释义,官方词表只列词形，不列例句,1,全国大学英语四、六级考试大纲（2016年修订版）,https://cet.neea.edu.cn/res/Home/1704/55b02330ac17274664f06d9d3db8249d.pdf,55
dim,官方词表未提供读音,官方《全国大学英语四、六级考试大纲（2016年修订版）》词表词目；官方未提供释义,官方词表只列词形，不列例句,1,全国大学英语四、六级考试大纲（2016年修订版）,https://cet.neea.edu.cn/res/Home/1704/55b02330ac17274664f06d9d3db8249d.pdf,55
dime,官方词表未提供读音,官方《全国大学英语四、六级考试大纲（2016年修订版）》词表词目；官方未提供释义,官方词表只列词形，不列例句,1,全国大学英语四、六级考试大纲（2016年修订版）,https://cet.neea.edu.cn/res/Home/1704/55b02330ac17274664f06d9d3db8249d.pdf,55
dimension dimensional,官方词表未提供读音,官方《全国大学英语四、六级考试大纲（2016年修订版）》词表词目；官方未提供释义,官方词表只列词形，不列例句,1,全国大学英语四、六级考试大纲（2016年修订版）,https://cet.neea.edu.cn/res/Home/1704/55b02330ac17274664f06d9d3db8249d.pdf,55
dine diner,官方词表未提供读音,官方《全国大学英语四、六级考试大纲（2016年修订版）》词表词目；官方未提供释义,官方词表只列词形，不列例句,1,全国大学英语四、六级考试大纲（2016年修订版）,https://cet.neea.edu.cn/res/Home/1704/55b02330ac17274664f06d9d3db8249d.pdf,55
dinner,官方词表未提供读音,官方《全国大学英语四、六级考试大纲（2016年修订版）》词表词目；官方未提供释义,官方词表只列词形，不列例句,1,全国大学英语四、六级考试大纲（2016年修订版）,https://cet.neea.edu.cn/res/Home/1704/55b02330ac17274664f06d9d3db8249d.pdf,55
dioxide,官方词表未提供读音,官方《全国大学英语四、六级考试大纲（2016年修订版）》词表词目；官方未提供释义,官方词表只列词形，不列例句,1,全国大学英语四、六级考试大纲（2016年修订版）,https://cet.neea.edu.cn/res/Home/1704/55b02330ac17274664f06d9d3db8249d.pdf,55
dip,官方词表未提供读音,官方《全国大学英语四、六级考试大纲（2016年修订版）》词表词目；官方未提供释义,官方词表只列词形，不列例句,1,全国大学英语四、六级考试大纲（2016年修订版）,https://cet.neea.edu.cn/res/Home/1704/55b02330ac17274664f06d9d3db8249d.pdf,55
diploma,官方词表未提供读音,官方《全国大学英语四、六级考试大纲（2016年修订版）》词表词目；官方未提供释义,官方词表只列词形，不列例句,1,全国大学英语四、六级考试大纲（2016年修订版）,https://cet.neea.edu.cn/res/Home/1704/55b02330ac17274664f06d9d3db8249d.pdf,55
diplomat diplomatic diplomacy,官方词表未提供读音,官方《全国大学英语四、六级考试大纲（2016年修订版）》词表词目；官方未提供释义,官方词表只列词形，不列例句,1,全国大学英语四、六级考试大纲（2016年修订版）,https://cet.neea.edu.cn/res/Home/1704/55b02330ac17274664f06d9d3db8249d.pdf,55
direct direction director,官方词表未提供读音,官方《全国大学英语四、六级考试大纲（2016年修订版）》词表词目；官方未提供释义,官方词表只列词形，不列例句,1,全国大学英语四、六级考试大纲（2016年修订版）,https://cet.neea.edu.cn/res/Home/1704/55b02330ac17274664f06d9d3db8249d.pdf,55
dirt dirty,官方词表未提供读音,官方《全国大学英语四、六级考试大纲（2016年修订版）》词表词目；官方未提供释义,官方词表只列词形，不列例句,1,全国大学英语四、六级考试大纲（2016年修订版）,https://cet.neea.edu.cn/res/Home/1704/55b02330ac17274664f06d9d3db8249d.pdf,55
disable disabled disability,官方词表未提供读音,官方《全国大学英语四、六级考试大纲（2016年修订版）》词表词目；官方未提供释义,官方词表只列词形，不列例句,1,全国大学英语四、六级考试大纲（2016年修订版）,https://cet.neea.edu.cn/res/Home/1704/55b02330ac17274664f06d9d3db8249d.pdf,55
disagree disagreement,官方词表未提供读音,官方《全国大学英语四、六级考试大纲（2016年修订版）》词表词目；官方未提供释义,官方词表只列词形，不列例句,1,全国大学英语四、六级考试大纲（2016年修订版）,https://cet.neea.edu.cn/res/Home/1704/55b02330ac17274664f06d9d3db8249d.pdf,55
disappear disappearance,官方词表未提供读音,官方《全国大学英语四、六级考试大纲（2016年修订版）》词表词目；官方未提供释义,官方词表只列词形，不列例句,1,全国大学英语四、六级考试大纲（2016年修订版）,https://cet.neea.edu.cn/res/Home/1704/55b02330ac17274664f06d9d3db8249d.pdf,55
disappoint disappointment disappointing,官方词表未提供读音,官方《全国大学英语四、六级考试大纲（2016年修订版）》词表词目；官方未提供释义,官方词表只列词形，不列例句,1,全国大学英语四、六级考试大纲（2016年修订版）,https://cet.neea.edu.cn/res/Home/1704/55b02330ac17274664f06d9d3db8249d.pdf,56
disapprove disapproval,官方词表未提供读音,官方《全国大学英语四、六级考试大纲（2016年修订版）》词表词目；官方未提供释义,官方词表只列词形，不列例句,1,全国大学英语四、六级考试大纲（2016年修订版）,https://cet.neea.edu.cn/res/Home/1704/55b02330ac17274664f06d9d3db8249d.pdf,56
disaster disastrous,官方词表未提供读音,官方《全国大学英语四、六级考试大纲（2016年修订版）》词表词目；官方未提供释义,官方词表只列词形，不列例句,1,全国大学英语四、六级考试大纲（2016年修订版）,https://cet.neea.edu.cn/res/Home/1704/55b02330ac17274664f06d9d3db8249d.pdf,56
discard,官方词表未提供读音,官方《全国大学英语四、六级考试大纲（2016年修订版）》词表词目；官方未提供释义,官方词表只列词形，不列例句,1,全国大学英语四、六级考试大纲（2016年修订版）,https://cet.neea.edu.cn/res/Home/1704/55b02330ac17274664f06d9d3db8249d.pdf,56
discharge,官方词表未提供读音,官方《全国大学英语四、六级考试大纲（2016年修订版）》词表词目；官方未提供释义,官方词表只列词形，不列例句,1,全国大学英语四、六级考试大纲（2016年修订版）,https://cet.neea.edu.cn/res/Home/1704/55b02330ac17274664f06d9d3db8249d.pdf,56
discipline disciplined disciplinary,官方词表未提供读音,官方《全国大学英语四、六级考试大纲（2016年修订版）》词表词目；官方未提供释义,官方词表只列词形，不列例句,1,全国大学英语四、六级考试大纲（2016年修订版）,https://cet.neea.edu.cn/res/Home/1704/55b02330ac17274664f06d9d3db8249d.pdf,56
disco,官方词表未提供读音,官方《全国大学英语四、六级考试大纲（2016年修订版）》词表词目；官方未提供释义,官方词表只列词形，不列例句,1,全国大学英语四、六级考试大纲（2016年修订版）,https://cet.neea.edu.cn/res/Home/1704/55b02330ac17274664f06d9d3db8249d.pdf,56
discount,官方词表未提供读音,官方《全国大学英语四、六级考试大纲（2016年修订版）》词表词目；官方未提供释义,官方词表只列词形，不列例句,1,全国大学英语四、六级考试大纲（2016年修订版）,https://cet.neea.edu.cn/res/Home/1704/55b02330ac17274664f06d9d3db8249d.pdf,56
discourage,官方词表未提供读音,官方《全国大学英语四、六级考试大纲（2016年修订版）》词表词目；官方未提供释义,官方词表只列词形，不列例句,1,全国大学英语四、六级考试大纲（2016年修订版）,https://cet.neea.edu.cn/res/Home/1704/55b02330ac17274664f06d9d3db8249d.pdf,56
discover discovery,官方词表未提供读音,官方《全国大学英语四、六级考试大纲（2016年修订版）》词表词目；官方未提供释义,官方词表只列词形，不列例句,1,全国大学英语四、六级考试大纲（2016年修订版）,https://cet.neea.edu.cn/res/Home/1704/55b02330ac17274664f06d9d3db8249d.pdf,56
discriminate discrimination discriminatory,官方词表未提供读音,官方《全国大学英语四、六级考试大纲（2016年修订版）》词表词目；官方未提供释义,官方词表只列词形，不列例句,1,全国大学英语四、六级考试大纲（2016年修订版）,https://cet.neea.edu.cn/res/Home/1704/55b02330ac17274664f06d9d3db8249d.pdf,56
discuss discussion,官方词表未提供读音,官方《全国大学英语四、六级考试大纲（2016年修订版）》词表词目；官方未提供释义,官方词表只列词形，不列例句,1,全国大学英语四、六级考试大纲（2016年修订版）,https://cet.neea.edu.cn/res/Home/1704/55b02330ac17274664f06d9d3db8249d.pdf,56
disease,官方词表未提供读音,官方《全国大学英语四、六级考试大纲（2016年修订版）》词表词目；官方未提供释义,官方词表只列词形，不列例句,1,全国大学英语四、六级考试大纲（2016年修订版）,https://cet.neea.edu.cn/res/Home/1704/55b02330ac17274664f06d9d3db8249d.pdf,56
disguise,官方词表未提供读音,官方《全国大学英语四、六级考试大纲（2016年修订版）》词表词目；官方未提供释义,官方词表只列词形，不列例句,1,全国大学英语四、六级考试大纲（2016年修订版）,https://cet.neea.edu.cn/res/Home/1704/55b02330ac17274664f06d9d3db8249d.pdf,56
disgust disgusting,官方词表未提供读音,官方《全国大学英语四、六级考试大纲（2016年修订版）》词表词目；官方未提供释义,官方词表只列词形，不列例句,1,全国大学英语四、六级考试大纲（2016年修订版）,https://cet.neea.edu.cn/res/Home/1704/55b02330ac17274664f06d9d3db8249d.pdf,56
dish,官方词表未提供读音,官方《全国大学英语四、六级考试大纲（2016年修订版）》词表词目；官方未提供释义,官方词表只列词形，不列例句,1,全国大学英语四、六级考试大纲（2016年修订版）,https://cet.neea.edu.cn/res/Home/1704/55b02330ac17274664f06d9d3db8249d.pdf,56
disintegrate disintegration,官方词表未提供读音,官方《全国大学英语四、六级考试大纲（2016年修订版）》词表词目；官方未提供释义,官方词表只列词形，不列例句,1,全国大学英语四、六级考试大纲（2016年修订版）,https://cet.neea.edu.cn/res/Home/1704/55b02330ac17274664f06d9d3db8249d.pdf,56
disk/disc,官方词表未提供读音,官方《全国大学英语四、六级考试大纲（2016年修订版）》词表词目；官方未提供释义,官方词表只列词形，不列例句,1,全国大学英语四、六级考试大纲（2016年修订版）,https://cet.neea.edu.cn/res/Home/1704/55b02330ac17274664f06d9d3db8249d.pdf,56
dislike,官方词表未提供读音,官方《全国大学英语四、六级考试大纲（2016年修订版）》词表词目；官方未提供释义,官方词表只列词形，不列例句,1,全国大学英语四、六级考试大纲（2016年修订版）,https://cet.neea.edu.cn/res/Home/1704/55b02330ac17274664f06d9d3db8249d.pdf,56
dismiss dismissal,官方词表未提供读音,官方《全国大学英语四、六级考试大纲（2016年修订版）》词表词目；官方未提供释义,官方词表只列词形，不列例句,1,全国大学英语四、六级考试大纲（2016年修订版）,https://cet.neea.edu.cn/res/Home/1704/55b02330ac17274664f06d9d3db8249d.pdf,56
disorder,官方词表未提供读音,官方《全国大学英语四、六级考试大纲（2016年修订版）》词表词目；官方未提供释义,官方词表只列词形，不列例句,1,全国大学英语四、六级考试大纲（2016年修订版）,https://cet.neea.edu.cn/res/Home/1704/55b02330ac17274664f06d9d3db8249d.pdf,56
display,官方词表未提供读音,官方《全国大学英语四、六级考试大纲（2016年修订版）》词表词目；官方未提供释义,官方词表只列词形，不列例句,1,全国大学英语四、六级考试大纲（2016年修订版）,https://cet.neea.edu.cn/res/Home/1704/55b02330ac17274664f06d9d3db8249d.pdf,56
dispose disposal,官方词表未提供读音,官方《全国大学英语四、六级考试大纲（2016年修订版）》词表词目；官方未提供释义,官方词表只列词形，不列例句,1,全国大学英语四、六级考试大纲（2016年修订版）,https://cet.neea.edu.cn/res/Home/1704/55b02330ac17274664f06d9d3db8249d.pdf,56
dispute disputable,官方词表未提供读音,官方《全国大学英语四、六级考试大纲（2016年修订版）》词表词目；官方未提供释义,官方词表只列词形，不列例句,1,全国大学英语四、六级考试大纲（2016年修订版）,https://cet.neea.edu.cn/res/Home/1704/55b02330ac17274664f06d9d3db8249d.pdf,56
disrupt disruptive disruption,官方词表未提供读音,官方《全国大学英语四、六级考试大纲（2016年修订版）》词表词目；官方未提供释义,官方词表只列词形，不列例句,1,全国大学英语四、六级考试大纲（2016年修订版）,https://cet.neea.edu.cn/res/Home/1704/55b02330ac17274664f06d9d3db8249d.pdf,56
dissolve,官方词表未提供读音,官方《全国大学英语四、六级考试大纲（2016年修订版）》词表词目；官方未提供释义,官方词表只列词形，不列例句,1,全国大学英语四、六级考试大纲（2016年修订版）,https://cet.neea.edu.cn/res/Home/1704/55b02330ac17274664f06d9d3db8249d.pdf,57
distance distant,官方词表未提供读音,官方《全国大学英语四、六级考试大纲（2016年修订版）》词表词目；官方未提供释义,官方词表只列词形，不列例句,1,全国大学英语四、六级考试大纲（2016年修订版）,https://cet.neea.edu.cn/res/Home/1704/55b02330ac17274664f06d9d3db8249d.pdf,57
distinct distinction distinctive,官方词表未提供读音,官方《全国大学英语四、六级考试大纲（2016年修订版）》词表词目；官方未提供释义,官方词表只列词形，不列例句,1,全国大学英语四、六级考试大纲（2016年修订版）,https://cet.neea.edu.cn/res/Home/1704/55b02330ac17274664f06d9d3db8249d.pdf,57
distinguish distinguishable,官方词表未提供读音,官方《全国大学英语四、六级考试大纲（2016年修订版）》词表词目；官方未提供释义,官方词表只列词形，不列例句,1,全国大学英语四、六级考试大纲（2016年修订版）,https://cet.neea.edu.cn/res/Home/1704/55b02330ac17274664f06d9d3db8249d.pdf,57
distract distraction,官方词表未提供读音,官方《全国大学英语四、六级考试大纲（2016年修订版）》词表词目；官方未提供释义,官方词表只列词形，不列例句,1,全国大学英语四、六级考试大纲（2016年修订版）,https://cet.neea.edu.cn/res/Home/1704/55b02330ac17274664f06d9d3db8249d.pdf,57
distress distressful,官方词表未提供读音,官方《全国大学英语四、六级考试大纲（2016年修订版）》词表词目；官方未提供释义,官方词表只列词形，不列例句,1,全国大学英语四、六级考试大纲（2016年修订版）,https://cet.neea.edu.cn/res/Home/1704/55b02330ac17274664f06d9d3db8249d.pdf,57
distribute distribution distributive,官方词表未提供读音,官方《全国大学英语四、六级考试大纲（2016年修订版）》词表词目；官方未提供释义,官方词表只列词形，不列例句,1,全国大学英语四、六级考试大纲（2016年修订版）,https://cet.neea.edu.cn/res/Home/1704/55b02330ac17274664f06d9d3db8249d.pdf,57
district,官方词表未提供读音,官方《全国大学英语四、六级考试大纲（2016年修订版）》词表词目；官方未提供释义,官方词表只列词形，不列例句,1,全国大学英语四、六级考试大纲（2016年修订版）,https://cet.neea.edu.cn/res/Home/1704/55b02330ac17274664f06d9d3db8249d.pdf,57
disturb disturbance,官方词表未提供读音,官方《全国大学英语四、六级考试大纲（2016年修订版）》词表词目；官方未提供释义,官方词表只列词形，不列例句,1,全国大学英语四、六级考试大纲（2016年修订版）,https://cet.neea.edu.cn/res/Home/1704/55b02330ac17274664f06d9d3db8249d.pdf,57
ditch,官方词表未提供读音,官方《全国大学英语四、六级考试大纲（2016年修订版）》词表词目；官方未提供释义,官方词表只列词形，不列例句,1,全国大学英语四、六级考试大纲（2016年修订版）,https://cet.neea.edu.cn/res/Home/1704/55b02330ac17274664f06d9d3db8249d.pdf,57
dive,官方词表未提供读音,官方《全国大学英语四、六级考试大纲（2016年修订版）》词表词目；官方未提供释义,官方词表只列词形，不列例句,1,全国大学英语四、六级考试大纲（2016年修订版）,https://cet.neea.edu.cn/res/Home/1704/55b02330ac17274664f06d9d3db8249d.pdf,57
diverse diversify diversity,官方词表未提供读音,官方《全国大学英语四、六级考试大纲（2016年修订版）》词表词目；官方未提供释义,官方词表只列词形，不列例句,1,全国大学英语四、六级考试大纲（2016年修订版）,https://cet.neea.edu.cn/res/Home/1704/55b02330ac17274664f06d9d3db8249d.pdf,57
divide division divisive,官方词表未提供读音,官方《全国大学英语四、六级考试大纲（2016年修订版）》词表词目；官方未提供释义,官方词表只列词形，不列例句,1,全国大学英语四、六级考试大纲（2016年修订版）,https://cet.neea.edu.cn/res/Home/1704/55b02330ac17274664f06d9d3db8249d.pdf,57
divorce,官方词表未提供读音,官方《全国大学英语四、六级考试大纲（2016年修订版）》词表词目；官方未提供释义,官方词表只列词形，不列例句,1,全国大学英语四、六级考试大纲（2016年修订版）,https://cet.neea.edu.cn/res/Home/1704/55b02330ac17274664f06d9d3db8249d.pdf,57
dizzy,官方词表未提供读音,官方《全国大学英语四、六级考试大纲（2016年修订版）》词表词目；官方未提供释义,官方词表只列词形，不列例句,1,全国大学英语四、六级考试大纲（2016年修订版）,https://cet.neea.edu.cn/res/Home/1704/55b02330ac17274664f06d9d3db8249d.pdf,57
do,官方词表未提供读音,官方《全国大学英语四、六级考试大纲（2016年修订版）》词表词目；官方未提供释义,官方词表只列词形，不列例句,1,全国大学英语四、六级考试大纲（2016年修订版）,https://cet.neea.edu.cn/res/Home/1704/55b02330ac17274664f06d9d3db8249d.pdf,57
dock,官方词表未提供读音,官方《全国大学英语四、六级考试大纲（2016年修订版）》词表词目；官方未提供释义,官方词表只列词形，不列例句,1,全国大学英语四、六级考试大纲（2016年修订版）,https://cet.neea.edu.cn/res/Home/1704/55b02330ac17274664f06d9d3db8249d.pdf,57
doctor doctorate doctoral,官方词表未提供读音,官方《全国大学英语四、六级考试大纲（2016年修订版）》词表词目；官方未提供释义,官方词表只列词形，不列例句,1,全国大学英语四、六级考试大纲（2016年修订版）,https://cet.neea.edu.cn/res/Home/1704/55b02330ac17274664f06d9d3db8249d.pdf,57
document documentary,官方词表未提供读音,官方《全国大学英语四、六级考试大纲（2016年修订版）》词表词目；官方未提供释义,官方词表只列词形，不列例句,1,全国大学英语四、六级考试大纲（2016年修订版）,https://cet.neea.edu.cn/res/Home/1704/55b02330ac17274664f06d9d3db8249d.pdf,57
dog,官方词表未提供读音,官方《全国大学英语四、六级考试大纲（2016年修订版）》词表词目；官方未提供释义,官方词表只列词形，不列例句,1,全国大学英语四、六级考试大纲（2016年修订版）,https://cet.neea.edu.cn/res/Home/1704/55b02330ac17274664f06d9d3db8249d.pdf,57
doll,官方词表未提供读音,官方《全国大学英语四、六级考试大纲（2016年修订版）》词表词目；官方未提供释义,官方词表只列词形，不列例句,1,全国大学英语四、六级考试大纲（2016年修订版）,https://cet.neea.edu.cn/res/Home/1704/55b02330ac17274664f06d9d3db8249d.pdf,57
dollar,官方词表未提供读音,官方《全国大学英语四、六级考试大纲（2016年修订版）》词表词目；官方未提供释义,官方词表只列词形，不列例句,1,全国大学英语四、六级考试大纲（2016年修订版）,https://cet.neea.edu.cn/res/Home/1704/55b02330ac17274664f06d9d3db8249d.pdf,57
dolphin,官方词表未提供读音,官方《全国大学英语四、六级考试大纲（2016年修订版）》词表词目；官方未提供释义,官方词表只列词形，不列例句,1,全国大学英语四、六级考试大纲（2016年修订版）,https://cet.neea.edu.cn/res/Home/1704/55b02330ac17274664f06d9d3db8249d.pdf,57
domestic,官方词表未提供读音,官方《全国大学英语四、六级考试大纲（2016年修订版）》词表词目；官方未提供释义,官方词表只列词形，不列例句,1,全国大学英语四、六级考试大纲（2016年修订版）,https://cet.neea.edu.cn/res/Home/1704/55b02330ac17274664f06d9d3db8249d.pdf,57
dominate domination dominance dominant,官方词表未提供读音,官方《全国大学英语四、六级考试大纲（2016年修订版）》词表词目；官方未提供释义,官方词表只列词形，不列例句,1,全国大学英语四、六级考试大纲（2016年修订版）,https://cet.neea.edu.cn/res/Home/1704/55b02330ac17274664f06d9d3db8249d.pdf,57
donate donation donor,官方词表未提供读音,官方《全国大学英语四、六级考试大纲（2016年修订版）》词表词目；官方未提供释义,官方词表只列词形，不列例句,1,全国大学英语四、六级考试大纲（2016年修订版）,https://cet.neea.edu.cn/res/Home/1704/55b02330ac17274664f06d9d3db8249d.pdf,57
donkey,官方词表未提供读音,官方《全国大学英语四、六级考试大纲（2016年修订版）》词表词目；官方未提供释义,官方词表只列词形，不列例句,1,全国大学英语四、六级考试大纲（2016年修订版）,https://cet.neea.edu.cn/res/Home/1704/55b02330ac17274664f06d9d3db8249d.pdf,57
doom,官方词表未提供读音,官方《全国大学英语四、六级考试大纲（2016年修订版）》词表词目；官方未提供释义,官方词表只列词形，不列例句,1,全国大学英语四、六级考试大纲（2016年修订版）,https://cet.neea.edu.cn/res/Home/1704/55b02330ac17274664f06d9d3db8249d.pdf,57
door,官方词表未提供读音,官方《全国大学英语四、六级考试大纲（2016年修订版）》词表词目；官方未提供释义,官方词表只列词形，不列例句,1,全国大学英语四、六级考试大纲（2016年修订版）,https://cet.neea.edu.cn/res/Home/1704/55b02330ac17274664f06d9d3db8249d.pdf,57
dormitory/dorm,官方词表未提供读音,官方《全国大学英语四、六级考试大纲（2016年修订版）》词表词目；官方未提供释义,官方词表只列词形，不列例句,1,全国大学英语四、六级考试大纲（2016年修订版）,https://cet.neea.edu.cn/res/Home/1704/55b02330ac17274664f06d9d3db8249d.pdf,57
dose dosage,官方词表未提供读音,官方《全国大学英语四、六级考试大纲（2016年修订版）》词表词目；官方未提供释义,官方词表只列词形，不列例句,1,全国大学英语四、六级考试大纲（2016年修订版）,https://cet.neea.edu.cn/res/Home/1704/55b02330ac17274664f06d9d3db8249d.pdf,58
dot,官方词表未提供读音,官方《全国大学英语四、六级考试大纲（2016年修订版）》词表词目；官方未提供释义,官方词表只列词形，不列例句,1,全国大学英语四、六级考试大纲（2016年修订版）,https://cet.neea.edu.cn/res/Home/1704/55b02330ac17274664f06d9d3db8249d.pdf,58
double,官方词表未提供读音,官方《全国大学英语四、六级考试大纲（2016年修订版）》词表词目；官方未提供释义,官方词表只列词形，不列例句,1,全国大学英语四、六级考试大纲（2016年修订版）,https://cet.neea.edu.cn/res/Home/1704/55b02330ac17274664f06d9d3db8249d.pdf,58
doubt doubtful doubtless,官方词表未提供读音,官方《全国大学英语四、六级考试大纲（2016年修订版）》词表词目；官方未提供释义,官方词表只列词形，不列例句,1,全国大学英语四、六级考试大纲（2016年修订版）,https://cet.neea.edu.cn/res/Home/1704/55b02330ac17274664f06d9d3db8249d.pdf,58
dove,官方词表未提供读音,官方《全国大学英语四、六级考试大纲（2016年修订版）》词表词目；官方未提供释义,官方词表只列词形，不列例句,1,全国大学英语四、六级考试大纲（2016年修订版）,https://cet.neea.edu.cn/res/Home/1704/55b02330ac17274664f06d9d3db8249d.pdf,58
down,官方词表未提供读音,官方《全国大学英语四、六级考试大纲（2016年修订版）》词表词目；官方未提供释义,官方词表只列词形，不列例句,1,全国大学英语四、六级考试大纲（2016年修订版）,https://cet.neea.edu.cn/res/Home/1704/55b02330ac17274664f06d9d3db8249d.pdf,58
download,官方词表未提供读音,官方《全国大学英语四、六级考试大纲（2016年修订版）》词表词目；官方未提供释义,官方词表只列词形，不列例句,1,全国大学英语四、六级考试大纲（2016年修订版）,https://cet.neea.edu.cn/res/Home/1704/55b02330ac17274664f06d9d3db8249d.pdf,58
downstairs,官方词表未提供读音,官方《全国大学英语四、六级考试大纲（2016年修订版）》词表词目；官方未提供释义,官方词表只列词形，不列例句,1,全国大学英语四、六级考试大纲（2016年修订版）,https://cet.neea.edu.cn/res/Home/1704/55b02330ac17274664f06d9d3db8249d.pdf,58
downtown,官方词表未提供读音,官方《全国大学英语四、六级考试大纲（2016年修订版）》词表词目；官方未提供释义,官方词表只列词形，不列例句,1,全国大学英语四、六级考试大纲（2016年修订版）,https://cet.neea.edu.cn/res/Home/1704/55b02330ac17274664f06d9d3db8249d.pdf,58
downward downwards,官方词表未提供读音,官方《全国大学英语四、六级考试大纲（2016年修订版）》词表词目；官方未提供释义,官方词表只列词形，不列例句,1,全国大学英语四、六级考试大纲（2016年修订版）,https://cet.neea.edu.cn/res/Home/1704/55b02330ac17274664f06d9d3db8249d.pdf,58
dozen,官方词表未提供读音,官方《全国大学英语四、六级考试大纲（2016年修订版）》词表词目；官方未提供释义,官方词表只列词形，不列例句,1,全国大学英语四、六级考试大纲（2016年修订版）,https://cet.neea.edu.cn/res/Home/1704/55b02330ac17274664f06d9d3db8249d.pdf,58
draft,官方词表未提供读音,官方《全国大学英语四、六级考试大纲（2016年修订版）》词表词目；官方未提供释义,官方词表只列词形，不列例句,1,全国大学英语四、六级考试大纲（2016年修订版）,https://cet.neea.edu.cn/res/Home/1704/55b02330ac17274664f06d9d3db8249d.pdf,58
drag,官方词表未提供读音,官方《全国大学英语四、六级考试大纲（2016年修订版）》词表词目；官方未提供释义,官方词表只列词形，不列例句,1,全国大学英语四、六级考试大纲（2016年修订版）,https://cet.neea.edu.cn/res/Home/1704/55b02330ac17274664f06d9d3db8249d.pdf,58
dragon,官方词表未提供读音,官方《全国大学英语四、六级考试大纲（2016年修订版）》词表词目；官方未提供释义,官方词表只列词形，不列例句,1,全国大学英语四、六级考试大纲（2016年修订版）,https://cet.neea.edu.cn/res/Home/1704/55b02330ac17274664f06d9d3db8249d.pdf,58
drain drainage,官方词表未提供读音,官方《全国大学英语四、六级考试大纲（2016年修订版）》词表词目；官方未提供释义,官方词表只列词形，不列例句,1,全国大学英语四、六级考试大纲（2016年修订版）,https://cet.neea.edu.cn/res/Home/1704/55b02330ac17274664f06d9d3db8249d.pdf,58
drama dramatic dramatically,官方词表未提供读音,官方《全国大学英语四、六级考试大纲（2016年修订版）》词表词目；官方未提供释义,官方词表只列词形，不列例句,1,全国大学英语四、六级考试大纲（2016年修订版）,https://cet.neea.edu.cn/res/Home/1704/55b02330ac17274664f06d9d3db8249d.pdf,58
drastic drastically,官方词表未提供读音,官方《全国大学英语四、六级考试大纲（2016年修订版）》词表词目；官方未提供释义,官方词表只列词形，不列例句,1,全国大学英语四、六级考试大纲（2016年修订版）,https://cet.neea.edu.cn/res/Home/1704/55b02330ac17274664f06d9d3db8249d.pdf,58
draw drawing,官方词表未提供读音,官方《全国大学英语四、六级考试大纲（2016年修订版）》词表词目；官方未提供释义,官方词表只列词形，不列例句,1,全国大学英语四、六级考试大纲（2016年修订版）,https://cet.neea.edu.cn/res/Home/1704/55b02330ac17274664f06d9d3db8249d.pdf,58
drawer,官方词表未提供读音,官方《全国大学英语四、六级考试大纲（2016年修订版）》词表词目；官方未提供释义,官方词表只列词形，不列例句,1,全国大学英语四、六级考试大纲（2016年修订版）,https://cet.neea.edu.cn/res/Home/1704/55b02330ac17274664f06d9d3db8249d.pdf,58
dream dreamy,官方词表未提供读音,官方《全国大学英语四、六级考试大纲（2016年修订版）》词表词目；官方未提供释义,官方词表只列词形，不列例句,1,全国大学英语四、六级考试大纲（2016年修订版）,https://cet.neea.edu.cn/res/Home/1704/55b02330ac17274664f06d9d3db8249d.pdf,58
dress,官方词表未提供读音,官方《全国大学英语四、六级考试大纲（2016年修订版）》词表词目；官方未提供释义,官方词表只列词形，不列例句,1,全国大学英语四、六级考试大纲（2016年修订版）,https://cet.neea.edu.cn/res/Home/1704/55b02330ac17274664f06d9d3db8249d.pdf,58
drift,官方词表未提供读音,官方《全国大学英语四、六级考试大纲（2016年修订版）》词表词目；官方未提供释义,官方词表只列词形，不列例句,1,全国大学英语四、六级考试大纲（2016年修订版）,https://cet.neea.edu.cn/res/Home/1704/55b02330ac17274664f06d9d3db8249d.pdf,58
drill,官方词表未提供读音,官方《全国大学英语四、六级考试大纲（2016年修订版）》词表词目；官方未提供释义,官方词表只列词形，不列例句,1,全国大学英语四、六级考试大纲（2016年修订版）,https://cet.neea.edu.cn/res/Home/1704/55b02330ac17274664f06d9d3db8249d.pdf,58
drink,官方词表未提供读音,官方《全国大学英语四、六级考试大纲（2016年修订版）》词表词目；官方未提供释义,官方词表只列词形，不列例句,1,全国大学英语四、六级考试大纲（2016年修订版）,https://cet.neea.edu.cn/res/Home/1704/55b02330ac17274664f06d9d3db8249d.pdf,58
drip,官方词表未提供读音,官方《全国大学英语四、六级考试大纲（2016年修订版）》词表词目；官方未提供释义,官方词表只列词形，不列例句,1,全国大学英语四、六级考试大纲（2016年修订版）,https://cet.neea.edu.cn/res/Home/1704/55b02330ac17274664f06d9d3db8249d.pdf,58
drive driver,官方词表未提供读音,官方《全国大学英语四、六级考试大纲（2016年修订版）》词表词目；官方未提供释义,官方词表只列词形，不列例句,1,全国大学英语四、六级考试大纲（2016年修订版）,https://cet.neea.edu.cn/res/Home/1704/55b02330ac17274664f06d9d3db8249d.pdf,58
drop,官方词表未提供读音,官方《全国大学英语四、六级考试大纲（2016年修订版）》词表词目；官方未提供释义,官方词表只列词形，不列例句,1,全国大学英语四、六级考试大纲（2016年修订版）,https://cet.neea.edu.cn/res/Home/1704/55b02330ac17274664f06d9d3db8249d.pdf,58
dropout,官方词表未提供读音,官方《全国大学英语四、六级考试大纲（2016年修订版）》词表词目；官方未提供释义,官方词表只列词形，不列例句,1,全国大学英语四、六级考试大纲（2016年修订版）,https://cet.neea.edu.cn/res/Home/1704/55b02330ac17274664f06d9d3db8249d.pdf,58
drought,官方词表未提供读音,官方《全国大学英语四、六级考试大纲（2016年修订版）》词表词目；官方未提供释义,官方词表只列词形，不列例句,1,全国大学英语四、六级考试大纲（2016年修订版）,https://cet.neea.edu.cn/res/Home/1704/55b02330ac17274664f06d9d3db8249d.pdf,58
drown,官方词表未提供读音,官方《全国大学英语四、六级考试大纲（2016年修订版）》词表词目；官方未提供释义,官方词表只列词形，不列例句,1,全国大学英语四、六级考试大纲（2016年修订版）,https://cet.neea.edu.cn/res/Home/1704/55b02330ac17274664f06d9d3db8249d.pdf,58
drug,官方词表未提供读音,官方《全国大学英语四、六级考试大纲（2016年修订版）》词表词目；官方未提供释义,官方词表只列词形，不列例句,1,全国大学英语四、六级考试大纲（2016年修订版）,https://cet.neea.edu.cn/res/Home/1704/55b02330ac17274664f06d9d3db8249d.pdf,58
drum,官方词表未提供读音,官方《全国大学英语四、六级考试大纲（2016年修订版）》词表词目；官方未提供释义,官方词表只列词形，不列例句,1,全国大学英语四、六级考试大纲（2016年修订版）,https://cet.neea.edu.cn/res/Home/1704/55b02330ac17274664f06d9d3db8249d.pdf,58
drunk drunken drunkard,官方词表未提供读音,官方《全国大学英语四、六级考试大纲（2016年修订版）》词表词目；官方未提供释义,官方词表只列词形，不列例句,1,全国大学英语四、六级考试大纲（2016年修订版）,https://cet.neea.edu.cn/res/Home/1704/55b02330ac17274664f06d9d3db8249d.pdf,58
dry dryer,官方词表未提供读音,官方《全国大学英语四、六级考试大纲（2016年修订版）》词表词目；官方未提供释义,官方词表只列词形，不列例句,1,全国大学英语四、六级考试大纲（2016年修订版）,https://cet.neea.edu.cn/res/Home/1704/55b02330ac17274664f06d9d3db8249d.pdf,58
dual,官方词表未提供读音,官方《全国大学英语四、六级考试大纲（2016年修订版）》词表词目；官方未提供释义,官方词表只列词形，不列例句,1,全国大学英语四、六级考试大纲（2016年修订版）,https://cet.neea.edu.cn/res/Home/1704/55b02330ac17274664f06d9d3db8249d.pdf,58
duck,官方词表未提供读音,官方《全国大学英语四、六级考试大纲（2016年修订版）》词表词目；官方未提供释义,官方词表只列词形，不列例句,1,全国大学英语四、六级考试大纲（2016年修订版）,https://cet.neea.edu.cn/res/Home/1704/55b02330ac17274664f06d9d3db8249d.pdf,59
due duly,官方词表未提供读音,官方《全国大学英语四、六级考试大纲（2016年修订版）》词表词目；官方未提供释义,官方词表只列词形，不列例句,1,全国大学英语四、六级考试大纲（2016年修订版）,https://cet.neea.edu.cn/res/Home/1704/55b02330ac17274664f06d9d3db8249d.pdf,59
dull,官方词表未提供读音,官方《全国大学英语四、六级考试大纲（2016年修订版）》词表词目；官方未提供释义,官方词表只列词形，不列例句,1,全国大学英语四、六级考试大纲（2016年修订版）,https://cet.neea.edu.cn/res/Home/1704/55b02330ac17274664f06d9d3db8249d.pdf,59
dumb,官方词表未提供读音,官方《全国大学英语四、六级考试大纲（2016年修订版）》词表词目；官方未提供释义,官方词表只列词形，不列例句,1,全国大学英语四、六级考试大纲（2016年修订版）,https://cet.neea.edu.cn/res/Home/1704/55b02330ac17274664f06d9d3db8249d.pdf,59
dump,官方词表未提供读音,官方《全国大学英语四、六级考试大纲（2016年修订版）》词表词目；官方未提供释义,官方词表只列词形，不列例句,1,全国大学英语四、六级考试大纲（2016年修订版）,https://cet.neea.edu.cn/res/Home/1704/55b02330ac17274664f06d9d3db8249d.pdf,59
durable durability,官方词表未提供读音,官方《全国大学英语四、六级考试大纲（2016年修订版）》词表词目；官方未提供释义,官方词表只列词形，不列例句,1,全国大学英语四、六级考试大纲（2016年修订版）,https://cet.neea.edu.cn/res/Home/1704/55b02330ac17274664f06d9d3db8249d.pdf,59
duration,官方词表未提供读音,官方《全国大学英语四、六级考试大纲（2016年修订版）》词表词目；官方未提供释义,官方词表只列词形，不列例句,1,全国大学英语四、六级考试大纲（2016年修订版）,https://cet.neea.edu.cn/res/Home/1704/55b02330ac17274664f06d9d3db8249d.pdf,59
during,官方词表未提供读音,官方《全国大学英语四、六级考试大纲（2016年修订版）》词表词目；官方未提供释义,官方词表只列词形，不列例句,1,全国大学英语四、六级考试大纲（2016年修订版）,https://cet.neea.edu.cn/res/Home/1704/55b02330ac17274664f06d9d3db8249d.pdf,59
dusk,官方词表未提供读音,官方《全国大学英语四、六级考试大纲（2016年修订版）》词表词目；官方未提供释义,官方词表只列词形，不列例句,1,全国大学英语四、六级考试大纲（2016年修订版）,https://cet.neea.edu.cn/res/Home/1704/55b02330ac17274664f06d9d3db8249d.pdf,59
dust dusty,官方词表未提供读音,官方《全国大学英语四、六级考试大纲（2016年修订版）》词表词目；官方未提供释义,官方词表只列词形，不列例句,1,全国大学英语四、六级考试大纲（2016年修订版）,https://cet.neea.edu.cn/res/Home/1704/55b02330ac17274664f06d9d3db8249d.pdf,59
duty,官方词表未提供读音,官方《全国大学英语四、六级考试大纲（2016年修订版）》词表词目；官方未提供释义,官方词表只列词形，不列例句,1,全国大学英语四、六级考试大纲（2016年修订版）,https://cet.neea.edu.cn/res/Home/1704/55b02330ac17274664f06d9d3db8249d.pdf,59
dye,官方词表未提供读音,官方《全国大学英语四、六级考试大纲（2016年修订版）》词表词目；官方未提供释义,官方词表只列词形，不列例句,1,全国大学英语四、六级考试大纲（2016年修订版）,https://cet.neea.edu.cn/res/Home/1704/55b02330ac17274664f06d9d3db8249d.pdf,59
dynamic dynamics,官方词表未提供读音,官方《全国大学英语四、六级考试大纲（2016年修订版）》词表词目；官方未提供释义,官方词表只列词形，不列例句,1,全国大学英语四、六级考试大纲（2016年修订版）,https://cet.neea.edu.cn/res/Home/1704/55b02330ac17274664f06d9d3db8249d.pdf,59
dynasty,官方词表未提供读音,官方《全国大学英语四、六级考试大纲（2016年修订版）》词表词目；官方未提供释义,官方词表只列词形，不列例句,1,全国大学英语四、六级考试大纲（2016年修订版）,https://cet.neea.edu.cn/res/Home/1704/55b02330ac17274664f06d9d3db8249d.pdf,59
each,官方词表未提供读音,官方《全国大学英语四、六级考试大纲（2016年修订版）》词表词目；官方未提供释义,官方词表只列词形，不列例句,1,全国大学英语四、六级考试大纲（2016年修订版）,https://cet.neea.edu.cn/res/Home/1704/55b02330ac17274664f06d9d3db8249d.pdf,59
eager,官方词表未提供读音,官方《全国大学英语四、六级考试大纲（2016年修订版）》词表词目；官方未提供释义,官方词表只列词形，不列例句,1,全国大学英语四、六级考试大纲（2016年修订版）,https://cet.neea.edu.cn/res/Home/1704/55b02330ac17274664f06d9d3db8249d.pdf,59
eagle,官方词表未提供读音,官方《全国大学英语四、六级考试大纲（2016年修订版）》词表词目；官方未提供释义,官方词表只列词形，不列例句,1,全国大学英语四、六级考试大纲（2016年修订版）,https://cet.neea.edu.cn/res/Home/1704/55b02330ac17274664f06d9d3db8249d.pdf,59
ear,官方词表未提供读音,官方《全国大学英语四、六级考试大纲（2016年修订版）》词表词目；官方未提供释义,官方词表只列词形，不列例句,1,全国大学英语四、六级考试大纲（2016年修订版）,https://cet.neea.edu.cn/res/Home/1704/55b02330ac17274664f06d9d3db8249d.pdf,59
early,官方词表未提供读音,官方《全国大学英语四、六级考试大纲（2016年修订版）》词表词目；官方未提供释义,官方词表只列词形，不列例句,1,全国大学英语四、六级考试大纲（2016年修订版）,https://cet.neea.edu.cn/res/Home/1704/55b02330ac17274664f06d9d3db8249d.pdf,59
earn earnings,官方词表未提供读音,官方《全国大学英语四、六级考试大纲（2016年修订版）》词表词目；官方未提供释义,官方词表只列词形，不列例句,1,全国大学英语四、六级考试大纲（2016年修订版）,https://cet.neea.edu.cn/res/Home/1704/55b02330ac17274664f06d9d3db8249d.pdf,59
earnest,官方词表未提供读音,官方《全国大学英语四、六级考试大纲（2016年修订版）》词表词目；官方未提供释义,官方词表只列词形，不列例句,1,全国大学英语四、六级考试大纲（2016年修订版）,https://cet.neea.edu.cn/res/Home/1704/55b02330ac17274664f06d9d3db8249d.pdf,59
earth,官方词表未提供读音,官方《全国大学英语四、六级考试大纲（2016年修订版）》词表词目；官方未提供释义,官方词表只列词形，不列例句,1,全国大学英语四、六级考试大纲（2016年修订版）,https://cet.neea.edu.cn/res/Home/1704/55b02330ac17274664f06d9d3db8249d.pdf,59
earthquake,官方词表未提供读音,官方《全国大学英语四、六级考试大纲（2016年修订版）》词表词目；官方未提供释义,官方词表只列词形，不列例句,1,全国大学英语四、六级考试大纲（2016年修订版）,https://cet.neea.edu.cn/res/Home/1704/55b02330ac17274664f06d9d3db8249d.pdf,59
ease,官方词表未提供读音,官方《全国大学英语四、六级考试大纲（2016年修订版）》词表词目；官方未提供释义,官方词表只列词形，不列例句,1,全国大学英语四、六级考试大纲（2016年修订版）,https://cet.neea.edu.cn/res/Home/1704/55b02330ac17274664f06d9d3db8249d.pdf,59
east eastern,官方词表未提供读音,官方《全国大学英语四、六级考试大纲（2016年修订版）》词表词目；官方未提供释义,官方词表只列词形，不列例句,1,全国大学英语四、六级考试大纲（2016年修订版）,https://cet.neea.edu.cn/res/Home/1704/55b02330ac17274664f06d9d3db8249d.pdf,59
easy easily,官方词表未提供读音,官方《全国大学英语四、六级考试大纲（2016年修订版）》词表词目；官方未提供释义,官方词表只列词形，不列例句,1,全国大学英语四、六级考试大纲（2016年修订版）,https://cet.neea.edu.cn/res/Home/1704/55b02330ac17274664f06d9d3db8249d.pdf,59
easy-going,官方词表未提供读音,官方《全国大学英语四、六级考试大纲（2016年修订版）》词表词目；官方未提供释义,官方词表只列词形，不列例句,1,全国大学英语四、六级考试大纲（2016年修订版）,https://cet.neea.edu.cn/res/Home/1704/55b02330ac17274664f06d9d3db8249d.pdf,59
eat,官方词表未提供读音,官方《全国大学英语四、六级考试大纲（2016年修订版）》词表词目；官方未提供释义,官方词表只列词形，不列例句,1,全国大学英语四、六级考试大纲（2016年修订版）,https://cet.neea.edu.cn/res/Home/1704/55b02330ac17274664f06d9d3db8249d.pdf,59
echo,官方词表未提供读音,官方《全国大学英语四、六级考试大纲（2016年修订版）》词表词目；官方未提供释义,官方词表只列词形，不列例句,1,全国大学英语四、六级考试大纲（2016年修订版）,https://cet.neea.edu.cn/res/Home/1704/55b02330ac17274664f06d9d3db8249d.pdf,59
ecology ecological,官方词表未提供读音,官方《全国大学英语四、六级考试大纲（2016年修订版）》词表词目；官方未提供释义,官方词表只列词形，不列例句,1,全国大学英语四、六级考试大纲（2016年修订版）,https://cet.neea.edu.cn/res/Home/1704/55b02330ac17274664f06d9d3db8249d.pdf,59
economics economist,官方词表未提供读音,官方《全国大学英语四、六级考试大纲（2016年修订版）》词表词目；官方未提供释义,官方词表只列词形，不列例句,1,全国大学英语四、六级考试大纲（2016年修订版）,https://cet.neea.edu.cn/res/Home/1704/55b02330ac17274664f06d9d3db8249d.pdf,59
economy economic economical,官方词表未提供读音,官方《全国大学英语四、六级考试大纲（2016年修订版）》词表词目；官方未提供释义,官方词表只列词形，不列例句,1,全国大学英语四、六级考试大纲（2016年修订版）,https://cet.neea.edu.cn/res/Home/1704/55b02330ac17274664f06d9d3db8249d.pdf,59
edge,官方词表未提供读音,官方《全国大学英语四、六级考试大纲（2016年修订版）》词表词目；官方未提供释义,官方词表只列词形，不列例句,1,全国大学英语四、六级考试大纲（2016年修订版）,https://cet.neea.edu.cn/res/Home/1704/55b02330ac17274664f06d9d3db8249d.pdf,59
edit editor edition,官方词表未提供读音,官方《全国大学英语四、六级考试大纲（2016年修订版）》词表词目；官方未提供释义,官方词表只列词形，不列例句,1,全国大学英语四、六级考试大纲（2016年修订版）,https://cet.neea.edu.cn/res/Home/1704/55b02330ac17274664f06d9d3db8249d.pdf,60
editorial,官方词表未提供读音,官方《全国大学英语四、六级考试大纲（2016年修订版）》词表词目；官方未提供释义,官方词表只列词形，不列例句,1,全国大学英语四、六级考试大纲（2016年修订版）,https://cet.neea.edu.cn/res/Home/1704/55b02330ac17274664f06d9d3db8249d.pdf,60
educate education educational educator,官方词表未提供读音,官方《全国大学英语四、六级考试大纲（2016年修订版）》词表词目；官方未提供释义,官方词表只列词形，不列例句,1,全国大学英语四、六级考试大纲（2016年修订版）,https://cet.neea.edu.cn/res/Home/1704/55b02330ac17274664f06d9d3db8249d.pdf,60
effect effective,官方词表未提供读音,官方《全国大学英语四、六级考试大纲（2016年修订版）》词表词目；官方未提供释义,官方词表只列词形，不列例句,1,全国大学英语四、六级考试大纲（2016年修订版）,https://cet.neea.edu.cn/res/Home/1704/55b02330ac17274664f06d9d3db8249d.pdf,60
efficient efficiency,官方词表未提供读音,官方《全国大学英语四、六级考试大纲（2016年修订版）》词表词目；官方未提供释义,官方词表只列词形，不列例句,1,全国大学英语四、六级考试大纲（2016年修订版）,https://cet.neea.edu.cn/res/Home/1704/55b02330ac17274664f06d9d3db8249d.pdf,60
effort,官方词表未提供读音,官方《全国大学英语四、六级考试大纲（2016年修订版）》词表词目；官方未提供释义,官方词表只列词形，不列例句,1,全国大学英语四、六级考试大纲（2016年修订版）,https://cet.neea.edu.cn/res/Home/1704/55b02330ac17274664f06d9d3db8249d.pdf,60
egg,官方词表未提供读音,官方《全国大学英语四、六级考试大纲（2016年修订版）》词表词目；官方未提供释义,官方词表只列词形，不列例句,1,全国大学英语四、六级考试大纲（2016年修订版）,https://cet.neea.edu.cn/res/Home/1704/55b02330ac17274664f06d9d3db8249d.pdf,60
eggplant,官方词表未提供读音,官方《全国大学英语四、六级考试大纲（2016年修订版）》词表词目；官方未提供释义,官方词表只列词形，不列例句,1,全国大学英语四、六级考试大纲（2016年修订版）,https://cet.neea.edu.cn/res/Home/1704/55b02330ac17274664f06d9d3db8249d.pdf,60
eight,官方词表未提供读音,官方《全国大学英语四、六级考试大纲（2016年修订版）》词表词目；官方未提供释义,官方词表只列词形，不列例句,1,全国大学英语四、六级考试大纲（2016年修订版）,https://cet.neea.edu.cn/res/Home/1704/55b02330ac17274664f06d9d3db8249d.pdf,60
eighteen,官方词表未提供读音,官方《全国大学英语四、六级考试大纲（2016年修订版）》词表词目；官方未提供释义,官方词表只列词形，不列例句,1,全国大学英语四、六级考试大纲（2016年修订版）,https://cet.neea.edu.cn/res/Home/1704/55b02330ac17274664f06d9d3db8249d.pdf,60
eighth,官方词表未提供读音,官方《全国大学英语四、六级考试大纲（2016年修订版）》词表词目；官方未提供释义,官方词表只列词形，不列例句,1,全国大学英语四、六级考试大纲（2016年修订版）,https://cet.neea.edu.cn/res/Home/1704/55b02330ac17274664f06d9d3db8249d.pdf,60
eighty,官方词表未提供读音,官方《全国大学英语四、六级考试大纲（2016年修订版）》词表词目；官方未提供释义,官方词表只列词形，不列例句,1,全国大学英语四、六级考试大纲（2016年修订版）,https://cet.neea.edu.cn/res/Home/1704/55b02330ac17274664f06d9d3db8249d.pdf,60
either,官方词表未提供读音,官方《全国大学英语四、六级考试大纲（2016年修订版）》词表词目；官方未提供释义,官方词表只列词形，不列例句,1,全国大学英语四、六级考试大纲（2016年修订版）,https://cet.neea.edu.cn/res/Home/1704/55b02330ac17274664f06d9d3db8249d.pdf,60
elbow,官方词表未提供读音,官方《全国大学英语四、六级考试大纲（2016年修订版）》词表词目；官方未提供释义,官方词表只列词形，不列例句,1,全国大学英语四、六级考试大纲（2016年修订版）,https://cet.neea.edu.cn/res/Home/1704/55b02330ac17274664f06d9d3db8249d.pdf,60
elder elderly,官方词表未提供读音,官方《全国大学英语四、六级考试大纲（2016年修订版）》词表词目；官方未提供释义,官方词表只列词形，不列例句,1,全国大学英语四、六级考试大纲（2016年修订版）,https://cet.neea.edu.cn/res/Home/1704/55b02330ac17274664f06d9d3db8249d.pdf,60
elect election elective,官方词表未提供读音,官方《全国大学英语四、六级考试大纲（2016年修订版）》词表词目；官方未提供释义,官方词表只列词形，不列例句,1,全国大学英语四、六级考试大纲（2016年修订版）,https://cet.neea.edu.cn/res/Home/1704/55b02330ac17274664f06d9d3db8249d.pdf,60
electricity electric(al) electrician,官方词表未提供读音,官方《全国大学英语四、六级考试大纲（2016年修订版）》词表词目；官方未提供释义,官方词表只列词形，不列例句,1,全国大学英语四、六级考试大纲（2016年修订版）,https://cet.neea.edu.cn/res/Home/1704/55b02330ac17274664f06d9d3db8249d.pdf,60
electron electronic electronically electronics,官方词表未提供读音,官方《全国大学英语四、六级考试大纲（2016年修订版）》词表词目；官方未提供释义,官方词表只列词形，不列例句,1,全国大学英语四、六级考试大纲（2016年修订版）,https://cet.neea.edu.cn/res/Home/1704/55b02330ac17274664f06d9d3db8249d.pdf,60
elegant elegance,官方词表未提供读音,官方《全国大学英语四、六级考试大纲（2016年修订版）》词表词目；官方未提供释义,官方词表只列词形，不列例句,1,全国大学英语四、六级考试大纲（2016年修订版）,https://cet.neea.edu.cn/res/Home/1704/55b02330ac17274664f06d9d3db8249d.pdf,60
element,官方词表未提供读音,官方《全国大学英语四、六级考试大纲（2016年修订版）》词表词目；官方未提供释义,官方词表只列词形，不列例句,1,全国大学英语四、六级考试大纲（2016年修订版）,https://cet.neea.edu.cn/res/Home/1704/55b02330ac17274664f06d9d3db8249d.pdf,60
elementary,官方词表未提供读音,官方《全国大学英语四、六级考试大纲（2016年修订版）》词表词目；官方未提供释义,官方词表只列词形，不列例句,1,全国大学英语四、六级考试大纲（2016年修订版）,https://cet.neea.edu.cn/res/Home/1704/55b02330ac17274664f06d9d3db8249d.pdf,60
elephant,官方词表未提供读音,官方《全国大学英语四、六级考试大纲（2016年修订版）》词表词目；官方未提供释义,官方词表只列词形，不列例句,1,全国大学英语四、六级考试大纲（2016年修订版）,https://cet.neea.edu.cn/res/Home/1704/55b02330ac17274664f06d9d3db8249d.pdf,60
elevate elevation elevator,官方词表未提供读音,官方《全国大学英语四、六级考试大纲（2016年修订版）》词表词目；官方未提供释义,官方词表只列词形，不列例句,1,全国大学英语四、六级考试大纲（2016年修订版）,https://cet.neea.edu.cn/res/Home/1704/55b02330ac17274664f06d9d3db8249d.pdf,60
eleven,官方词表未提供读音,官方《全国大学英语四、六级考试大纲（2016年修订版）》词表词目；官方未提供释义,官方词表只列词形，不列例句,1,全国大学英语四、六级考试大纲（2016年修订版）,https://cet.neea.edu.cn/res/Home/1704/55b02330ac17274664f06d9d3db8249d.pdf,60
eliminate elimination,官方词表未提供读音,官方《全国大学英语四、六级考试大纲（2016年修订版）》词表词目；官方未提供释义,官方词表只列词形，不列例句,1,全国大学英语四、六级考试大纲（2016年修订版）,https://cet.neea.edu.cn/res/Home/1704/55b02330ac17274664f06d9d3db8249d.pdf,60
elite,官方词表未提供读音,官方《全国大学英语四、六级考试大纲（2016年修订版）》词表词目；官方未提供释义,官方词表只列词形，不列例句,1,全国大学英语四、六级考试大纲（2016年修订版）,https://cet.neea.edu.cn/res/Home/1704/55b02330ac17274664f06d9d3db8249d.pdf,60
else,官方词表未提供读音,官方《全国大学英语四、六级考试大纲（2016年修订版）》词表词目；官方未提供释义,官方词表只列词形，不列例句,1,全国大学英语四、六级考试大纲（2016年修订版）,https://cet.neea.edu.cn/res/Home/1704/55b02330ac17274664f06d9d3db8249d.pdf,60
elsewhere,官方词表未提供读音,官方《全国大学英语四、六级考试大纲（2016年修订版）》词表词目；官方未提供释义,官方词表只列词形，不列例句,1,全国大学英语四、六级考试大纲（2016年修订版）,https://cet.neea.edu.cn/res/Home/1704/55b02330ac17274664f06d9d3db8249d.pdf,60
email,官方词表未提供读音,官方《全国大学英语四、六级考试大纲（2016年修订版）》词表词目；官方未提供释义,官方词表只列词形，不列例句,1,全国大学英语四、六级考试大纲（2016年修订版）,https://cet.neea.edu.cn/res/Home/1704/55b02330ac17274664f06d9d3db8249d.pdf,60
embarrass embarrassment,官方词表未提供读音,官方《全国大学英语四、六级考试大纲（2016年修订版）》词表词目；官方未提供释义,官方词表只列词形，不列例句,1,全国大学英语四、六级考试大纲（2016年修订版）,https://cet.neea.edu.cn/res/Home/1704/55b02330ac17274664f06d9d3db8249d.pdf,60
embassy,官方词表未提供读音,官方《全国大学英语四、六级考试大纲（2016年修订版）》词表词目；官方未提供释义,官方词表只列词形，不列例句,1,全国大学英语四、六级考试大纲（2016年修订版）,https://cet.neea.edu.cn/res/Home/1704/55b02330ac17274664f06d9d3db8249d.pdf,61
embrace,官方词表未提供读音,官方《全国大学英语四、六级考试大纲（2016年修订版）》词表词目；官方未提供释义,官方词表只列词形，不列例句,1,全国大学英语四、六级考试大纲（2016年修订版）,https://cet.neea.edu.cn/res/Home/1704/55b02330ac17274664f06d9d3db8249d.pdf,61
emerge emergence,官方词表未提供读音,官方《全国大学英语四、六级考试大纲（2016年修订版）》词表词目；官方未提供释义,官方词表只列词形，不列例句,1,全国大学英语四、六级考试大纲（2016年修订版）,https://cet.neea.edu.cn/res/Home/1704/55b02330ac17274664f06d9d3db8249d.pdf,61
emergency,官方词表未提供读音,官方《全国大学英语四、六级考试大纲（2016年修订版）》词表词目；官方未提供释义,官方词表只列词形，不列例句,1,全国大学英语四、六级考试大纲（2016年修订版）,https://cet.neea.edu.cn/res/Home/1704/55b02330ac17274664f06d9d3db8249d.pdf,61
emit emission,官方词表未提供读音,官方《全国大学英语四、六级考试大纲（2016年修订版）》词表词目；官方未提供释义,官方词表只列词形，不列例句,1,全国大学英语四、六级考试大纲（2016年修订版）,https://cet.neea.edu.cn/res/Home/1704/55b02330ac17274664f06d9d3db8249d.pdf,61
emotion emotional,官方词表未提供读音,官方《全国大学英语四、六级考试大纲（2016年修订版）》词表词目；官方未提供释义,官方词表只列词形，不列例句,1,全国大学英语四、六级考试大纲（2016年修订版）,https://cet.neea.edu.cn/res/Home/1704/55b02330ac17274664f06d9d3db8249d.pdf,61
emperor empress,官方词表未提供读音,官方《全国大学英语四、六级考试大纲（2016年修订版）》词表词目；官方未提供释义,官方词表只列词形，不列例句,1,全国大学英语四、六级考试大纲（2016年修订版）,https://cet.neea.edu.cn/res/Home/1704/55b02330ac17274664f06d9d3db8249d.pdf,61
emphasis emphasize/-ise emphatic,官方词表未提供读音,官方《全国大学英语四、六级考试大纲（2016年修订版）》词表词目；官方未提供释义,官方词表只列词形，不列例句,1,全国大学英语四、六级考试大纲（2016年修订版）,https://cet.neea.edu.cn/res/Home/1704/55b02330ac17274664f06d9d3db8249d.pdf,61
empire,官方词表未提供读音,官方《全国大学英语四、六级考试大纲（2016年修订版）》词表词目；官方未提供释义,官方词表只列词形，不列例句,1,全国大学英语四、六级考试大纲（2016年修订版）,https://cet.neea.edu.cn/res/Home/1704/55b02330ac17274664f06d9d3db8249d.pdf,61
employ employment employer employee,官方词表未提供读音,官方《全国大学英语四、六级考试大纲（2016年修订版）》词表词目；官方未提供释义,官方词表只列词形，不列例句,1,全国大学英语四、六级考试大纲（2016年修订版）,https://cet.neea.edu.cn/res/Home/1704/55b02330ac17274664f06d9d3db8249d.pdf,61
empty emptiness,官方词表未提供读音,官方《全国大学英语四、六级考试大纲（2016年修订版）》词表词目；官方未提供释义,官方词表只列词形，不列例句,1,全国大学英语四、六级考试大纲（2016年修订版）,https://cet.neea.edu.cn/res/Home/1704/55b02330ac17274664f06d9d3db8249d.pdf,61
enable,官方词表未提供读音,官方《全国大学英语四、六级考试大纲（2016年修订版）》词表词目；官方未提供释义,官方词表只列词形，不列例句,1,全国大学英语四、六级考试大纲（2016年修订版）,https://cet.neea.edu.cn/res/Home/1704/55b02330ac17274664f06d9d3db8249d.pdf,61
encounter,官方词表未提供读音,官方《全国大学英语四、六级考试大纲（2016年修订版）》词表词目；官方未提供释义,官方词表只列词形，不列例句,1,全国大学英语四、六级考试大纲（2016年修订版）,https://cet.neea.edu.cn/res/Home/1704/55b02330ac17274664f06d9d3db8249d.pdf,61
encourage encouragement encouraging,官方词表未提供读音,官方《全国大学英语四、六级考试大纲（2016年修订版）》词表词目；官方未提供释义,官方词表只列词形，不列例句,1,全国大学英语四、六级考试大纲（2016年修订版）,https://cet.neea.edu.cn/res/Home/1704/55b02330ac17274664f06d9d3db8249d.pdf,61
end ending endless,官方词表未提供读音,官方《全国大学英语四、六级考试大纲（2016年修订版）》词表词目；官方未提供释义,官方词表只列词形，不列例句,1,全国大学英语四、六级考试大纲（2016年修订版）,https://cet.neea.edu.cn/res/Home/1704/55b02330ac17274664f06d9d3db8249d.pdf,61
endanger,官方词表未提供读音,官方《全国大学英语四、六级考试大纲（2016年修订版）》词表词目；官方未提供释义,官方词表只列词形，不列例句,1,全国大学英语四、六级考试大纲（2016年修订版）,https://cet.neea.edu.cn/res/Home/1704/55b02330ac17274664f06d9d3db8249d.pdf,61
endure endurance,官方词表未提供读音,官方《全国大学英语四、六级考试大纲（2016年修订版）》词表词目；官方未提供释义,官方词表只列词形，不列例句,1,全国大学英语四、六级考试大纲（2016年修订版）,https://cet.neea.edu.cn/res/Home/1704/55b02330ac17274664f06d9d3db8249d.pdf,61
enemy,官方词表未提供读音,官方《全国大学英语四、六级考试大纲（2016年修订版）》词表词目；官方未提供释义,官方词表只列词形，不列例句,1,全国大学英语四、六级考试大纲（2016年修订版）,https://cet.neea.edu.cn/res/Home/1704/55b02330ac17274664f06d9d3db8249d.pdf,61
energy energetic energetically,官方词表未提供读音,官方《全国大学英语四、六级考试大纲（2016年修订版）》词表词目；官方未提供释义,官方词表只列词形，不列例句,1,全国大学英语四、六级考试大纲（2016年修订版）,https://cet.neea.edu.cn/res/Home/1704/55b02330ac17274664f06d9d3db8249d.pdf,61
enforce enforcement,官方词表未提供读音,官方《全国大学英语四、六级考试大纲（2016年修订版）》词表词目；官方未提供释义,官方词表只列词形，不列例句,1,全国大学英语四、六级考试大纲（2016年修订版）,https://cet.neea.edu.cn/res/Home/1704/55b02330ac17274664f06d9d3db8249d.pdf,61
engage engagement,官方词表未提供读音,官方《全国大学英语四、六级考试大纲（2016年修订版）》词表词目；官方未提供释义,官方词表只列词形，不列例句,1,全国大学英语四、六级考试大纲（2016年修订版）,https://cet.neea.edu.cn/res/Home/1704/55b02330ac17274664f06d9d3db8249d.pdf,61
engine,官方词表未提供读音,官方《全国大学英语四、六级考试大纲（2016年修订版）》词表词目；官方未提供释义,官方词表只列词形，不列例句,1,全国大学英语四、六级考试大纲（2016年修订版）,https://cet.neea.edu.cn/res/Home/1704/55b02330ac17274664f06d9d3db8249d.pdf,61
engineer engineering,官方词表未提供读音,官方《全国大学英语四、六级考试大纲（2016年修订版）》词表词目；官方未提供释义,官方词表只列词形，不列例句,1,全国大学英语四、六级考试大纲（2016年修订版）,https://cet.neea.edu.cn/res/Home/1704/55b02330ac17274664f06d9d3db8249d.pdf,61
enhance enhancement,官方词表未提供读音,官方《全国大学英语四、六级考试大纲（2016年修订版）》词表词目；官方未提供释义,官方词表只列词形，不列例句,1,全国大学英语四、六级考试大纲（2016年修订版）,https://cet.neea.edu.cn/res/Home/1704/55b02330ac17274664f06d9d3db8249d.pdf,61
enjoy enjoyable enjoyment,官方词表未提供读音,官方《全国大学英语四、六级考试大纲（2016年修订版）》词表词目；官方未提供释义,官方词表只列词形，不列例句,1,全国大学英语四、六级考试大纲（2016年修订版）,https://cet.neea.edu.cn/res/Home/1704/55b02330ac17274664f06d9d3db8249d.pdf,61
enlarge,官方词表未提供读音,官方《全国大学英语四、六级考试大纲（2016年修订版）》词表词目；官方未提供释义,官方词表只列词形，不列例句,1,全国大学英语四、六级考试大纲（2016年修订版）,https://cet.neea.edu.cn/res/Home/1704/55b02330ac17274664f06d9d3db8249d.pdf,61
enlighten enlightenment enlightening,官方词表未提供读音,官方《全国大学英语四、六级考试大纲（2016年修订版）》词表词目；官方未提供释义,官方词表只列词形，不列例句,1,全国大学英语四、六级考试大纲（2016年修订版）,https://cet.neea.edu.cn/res/Home/1704/55b02330ac17274664f06d9d3db8249d.pdf,61
enormous,官方词表未提供读音,官方《全国大学英语四、六级考试大纲（2016年修订版）》词表词目；官方未提供释义,官方词表只列词形，不列例句,1,全国大学英语四、六级考试大纲（2016年修订版）,https://cet.neea.edu.cn/res/Home/1704/55b02330ac17274664f06d9d3db8249d.pdf,61
enough,官方词表未提供读音,官方《全国大学英语四、六级考试大纲（2016年修订版）》词表词目；官方未提供释义,官方词表只列词形，不列例句,1,全国大学英语四、六级考试大纲（2016年修订版）,https://cet.neea.edu.cn/res/Home/1704/55b02330ac17274664f06d9d3db8249d.pdf,62
enquire enquiry,官方词表未提供读音,官方《全国大学英语四、六级考试大纲（2016年修订版）》词表词目；官方未提供释义,官方词表只列词形，不列例句,1,全国大学英语四、六级考试大纲（2016年修订版）,https://cet.neea.edu.cn/res/Home/1704/55b02330ac17274664f06d9d3db8249d.pdf,62
enrich,官方词表未提供读音,官方《全国大学英语四、六级考试大纲（2016年修订版）》词表词目；官方未提供释义,官方词表只列词形，不列例句,1,全国大学英语四、六级考试大纲（2016年修订版）,https://cet.neea.edu.cn/res/Home/1704/55b02330ac17274664f06d9d3db8249d.pdf,62
enrol(l) enrol(l)ment,官方词表未提供读音,官方《全国大学英语四、六级考试大纲（2016年修订版）》词表词目；官方未提供释义,官方词表只列词形，不列例句,1,全国大学英语四、六级考试大纲（2016年修订版）,https://cet.neea.edu.cn/res/Home/1704/55b02330ac17274664f06d9d3db8249d.pdf,62
ensure,官方词表未提供读音,官方《全国大学英语四、六级考试大纲（2016年修订版）》词表词目；官方未提供释义,官方词表只列词形，不列例句,1,全国大学英语四、六级考试大纲（2016年修订版）,https://cet.neea.edu.cn/res/Home/1704/55b02330ac17274664f06d9d3db8249d.pdf,62
enter entrance entry,官方词表未提供读音,官方《全国大学英语四、六级考试大纲（2016年修订版）》词表词目；官方未提供释义,官方词表只列词形，不列例句,1,全国大学英语四、六级考试大纲（2016年修订版）,https://cet.neea.edu.cn/res/Home/1704/55b02330ac17274664f06d9d3db8249d.pdf,62
enterprise enterprising,官方词表未提供读音,官方《全国大学英语四、六级考试大纲（2016年修订版）》词表词目；官方未提供释义,官方词表只列词形，不列例句,1,全国大学英语四、六级考试大纲（2016年修订版）,https://cet.neea.edu.cn/res/Home/1704/55b02330ac17274664f06d9d3db8249d.pdf,62
entertain entertainment entertaining,官方词表未提供读音,官方《全国大学英语四、六级考试大纲（2016年修订版）》词表词目；官方未提供释义,官方词表只列词形，不列例句,1,全国大学英语四、六级考试大纲（2016年修订版）,https://cet.neea.edu.cn/res/Home/1704/55b02330ac17274664f06d9d3db8249d.pdf,62
enthusiasm enthusiastic enthusiastically enthusiast,官方词表未提供读音,官方《全国大学英语四、六级考试大纲（2016年修订版）》词表词目；官方未提供释义,官方词表只列词形，不列例句,1,全国大学英语四、六级考试大纲（2016年修订版）,https://cet.neea.edu.cn/res/Home/1704/55b02330ac17274664f06d9d3db8249d.pdf,62
entire entirety,官方词表未提供读音,官方《全国大学英语四、六级考试大纲（2016年修订版）》词表词目；官方未提供释义,官方词表只列词形，不列例句,1,全国大学英语四、六级考试大纲（2016年修订版）,https://cet.neea.edu.cn/res/Home/1704/55b02330ac17274664f06d9d3db8249d.pdf,62
entitle,官方词表未提供读音,官方《全国大学英语四、六级考试大纲（2016年修订版）》词表词目；官方未提供释义,官方词表只列词形，不列例句,1,全国大学英语四、六级考试大纲（2016年修订版）,https://cet.neea.edu.cn/res/Home/1704/55b02330ac17274664f06d9d3db8249d.pdf,62
entrepreneur entrepreneurial,官方词表未提供读音,官方《全国大学英语四、六级考试大纲（2016年修订版）》词表词目；官方未提供释义,官方词表只列词形，不列例句,1,全国大学英语四、六级考试大纲（2016年修订版）,https://cet.neea.edu.cn/res/Home/1704/55b02330ac17274664f06d9d3db8249d.pdf,62
envelope,官方词表未提供读音,官方《全国大学英语四、六级考试大纲（2016年修订版）》词表词目；官方未提供释义,官方词表只列词形，不列例句,1,全国大学英语四、六级考试大纲（2016年修订版）,https://cet.neea.edu.cn/res/Home/1704/55b02330ac17274664f06d9d3db8249d.pdf,62
environment environmental environmentalist,官方词表未提供读音,官方《全国大学英语四、六级考试大纲（2016年修订版）》词表词目；官方未提供释义,官方词表只列词形，不列例句,1,全国大学英语四、六级考试大纲（2016年修订版）,https://cet.neea.edu.cn/res/Home/1704/55b02330ac17274664f06d9d3db8249d.pdf,62
envy envious,官方词表未提供读音,官方《全国大学英语四、六级考试大纲（2016年修订版）》词表词目；官方未提供释义,官方词表只列词形，不列例句,1,全国大学英语四、六级考试大纲（2016年修订版）,https://cet.neea.edu.cn/res/Home/1704/55b02330ac17274664f06d9d3db8249d.pdf,62
episode,官方词表未提供读音,官方《全国大学英语四、六级考试大纲（2016年修订版）》词表词目；官方未提供释义,官方词表只列词形，不列例句,1,全国大学英语四、六级考试大纲（2016年修订版）,https://cet.neea.edu.cn/res/Home/1704/55b02330ac17274664f06d9d3db8249d.pdf,62
equal equally equality,官方词表未提供读音,官方《全国大学英语四、六级考试大纲（2016年修订版）》词表词目；官方未提供释义,官方词表只列词形，不列例句,1,全国大学英语四、六级考试大纲（2016年修订版）,https://cet.neea.edu.cn/res/Home/1704/55b02330ac17274664f06d9d3db8249d.pdf,62
equip equipment,官方词表未提供读音,官方《全国大学英语四、六级考试大纲（2016年修订版）》词表词目；官方未提供释义,官方词表只列词形，不列例句,1,全国大学英语四、六级考试大纲（2016年修订版）,https://cet.neea.edu.cn/res/Home/1704/55b02330ac17274664f06d9d3db8249d.pdf,62
equivalent equivalence,官方词表未提供读音,官方《全国大学英语四、六级考试大纲（2016年修订版）》词表词目；官方未提供释义,官方词表只列词形，不列例句,1,全国大学英语四、六级考试大纲（2016年修订版）,https://cet.neea.edu.cn/res/Home/1704/55b02330ac17274664f06d9d3db8249d.pdf,62
era,官方词表未提供读音,官方《全国大学英语四、六级考试大纲（2016年修订版）》词表词目；官方未提供释义,官方词表只列词形，不列例句,1,全国大学英语四、六级考试大纲（2016年修订版）,https://cet.neea.edu.cn/res/Home/1704/55b02330ac17274664f06d9d3db8249d.pdf,62
erase eraser,官方词表未提供读音,官方《全国大学英语四、六级考试大纲（2016年修订版）》词表词目；官方未提供释义,官方词表只列词形，不列例句,1,全国大学英语四、六级考试大纲（2016年修订版）,https://cet.neea.edu.cn/res/Home/1704/55b02330ac17274664f06d9d3db8249d.pdf,62
err error erroneous,官方词表未提供读音,官方《全国大学英语四、六级考试大纲（2016年修订版）》词表词目；官方未提供释义,官方词表只列词形，不列例句,1,全国大学英语四、六级考试大纲（2016年修订版）,https://cet.neea.edu.cn/res/Home/1704/55b02330ac17274664f06d9d3db8249d.pdf,62
escape,官方词表未提供读音,官方《全国大学英语四、六级考试大纲（2016年修订版）》词表词目；官方未提供释义,官方词表只列词形，不列例句,1,全国大学英语四、六级考试大纲（2016年修订版）,https://cet.neea.edu.cn/res/Home/1704/55b02330ac17274664f06d9d3db8249d.pdf,62
especially,官方词表未提供读音,官方《全国大学英语四、六级考试大纲（2016年修订版）》词表词目；官方未提供释义,官方词表只列词形，不列例句,1,全国大学英语四、六级考试大纲（2016年修订版）,https://cet.neea.edu.cn/res/Home/1704/55b02330ac17274664f06d9d3db8249d.pdf,63
essay essayist,官方词表未提供读音,官方《全国大学英语四、六级考试大纲（2016年修订版）》词表词目；官方未提供释义,官方词表只列词形，不列例句,1,全国大学英语四、六级考试大纲（2016年修订版）,https://cet.neea.edu.cn/res/Home/1704/55b02330ac17274664f06d9d3db8249d.pdf,63
essence essential,官方词表未提供读音,官方《全国大学英语四、六级考试大纲（2016年修订版）》词表词目；官方未提供释义,官方词表只列词形，不列例句,1,全国大学英语四、六级考试大纲（2016年修订版）,https://cet.neea.edu.cn/res/Home/1704/55b02330ac17274664f06d9d3db8249d.pdf,63
establish establishment,官方词表未提供读音,官方《全国大学英语四、六级考试大纲（2016年修订版）》词表词目；官方未提供释义,官方词表只列词形，不列例句,1,全国大学英语四、六级考试大纲（2016年修订版）,https://cet.neea.edu.cn/res/Home/1704/55b02330ac17274664f06d9d3db8249d.pdf,63
estate,官方词表未提供读音,官方《全国大学英语四、六级考试大纲（2016年修订版）》词表词目；官方未提供释义,官方词表只列词形，不列例句,1,全国大学英语四、六级考试大纲（2016年修订版）,https://cet.neea.edu.cn/res/Home/1704/55b02330ac17274664f06d9d3db8249d.pdf,63
estimate estimation,官方词表未提供读音,官方《全国大学英语四、六级考试大纲（2016年修订版）》词表词目；官方未提供释义,官方词表只列词形，不列例句,1,全国大学英语四、六级考试大纲（2016年修订版）,https://cet.neea.edu.cn/res/Home/1704/55b02330ac17274664f06d9d3db8249d.pdf,63
eternal eternity,官方词表未提供读音,官方《全国大学英语四、六级考试大纲（2016年修订版）》词表词目；官方未提供释义,官方词表只列词形，不列例句,1,全国大学英语四、六级考试大纲（2016年修订版）,https://cet.neea.edu.cn/res/Home/1704/55b02330ac17274664f06d9d3db8249d.pdf,63
ethic ethics,官方词表未提供读音,官方《全国大学英语四、六级考试大纲（2016年修订版）》词表词目；官方未提供释义,官方词表只列词形，不列例句,1,全国大学英语四、六级考试大纲（2016年修订版）,https://cet.neea.edu.cn/res/Home/1704/55b02330ac17274664f06d9d3db8249d.pdf,63
ethnic,官方词表未提供读音,官方《全国大学英语四、六级考试大纲（2016年修订版）》词表词目；官方未提供释义,官方词表只列词形，不列例句,1,全国大学英语四、六级考试大纲（2016年修订版）,https://cet.neea.edu.cn/res/Home/1704/55b02330ac17274664f06d9d3db8249d.pdf,63
euro,官方词表未提供读音,官方《全国大学英语四、六级考试大纲（2016年修订版）》词表词目；官方未提供释义,官方词表只列词形，不列例句,1,全国大学英语四、六级考试大纲（2016年修订版）,https://cet.neea.edu.cn/res/Home/1704/55b02330ac17274664f06d9d3db8249d.pdf,63
evaluate evaluation,官方词表未提供读音,官方《全国大学英语四、六级考试大纲（2016年修订版）》词表词目；官方未提供释义,官方词表只列词形，不列例句,1,全国大学英语四、六级考试大纲（2016年修订版）,https://cet.neea.edu.cn/res/Home/1704/55b02330ac17274664f06d9d3db8249d.pdf,63
eve,官方词表未提供读音,官方《全国大学英语四、六级考试大纲（2016年修订版）》词表词目；官方未提供释义,官方词表只列词形，不列例句,1,全国大学英语四、六级考试大纲（2016年修订版）,https://cet.neea.edu.cn/res/Home/1704/55b02330ac17274664f06d9d3db8249d.pdf,63
even evenly,官方词表未提供读音,官方《全国大学英语四、六级考试大纲（2016年修订版）》词表词目；官方未提供释义,官方词表只列词形，不列例句,1,全国大学英语四、六级考试大纲（2016年修订版）,https://cet.neea.edu.cn/res/Home/1704/55b02330ac17274664f06d9d3db8249d.pdf,63
evening,官方词表未提供读音,官方《全国大学英语四、六级考试大纲（2016年修订版）》词表词目；官方未提供释义,官方词表只列词形，不列例句,1,全国大学英语四、六级考试大纲（2016年修订版）,https://cet.neea.edu.cn/res/Home/1704/55b02330ac17274664f06d9d3db8249d.pdf,63
event eventful,官方词表未提供读音,官方《全国大学英语四、六级考试大纲（2016年修订版）》词表词目；官方未提供释义,官方词表只列词形，不列例句,1,全国大学英语四、六级考试大纲（2016年修订版）,https://cet.neea.edu.cn/res/Home/1704/55b02330ac17274664f06d9d3db8249d.pdf,63
eventually eventual eventuality,官方词表未提供读音,官方《全国大学英语四、六级考试大纲（2016年修订版）》词表词目；官方未提供释义,官方词表只列词形，不列例句,1,全国大学英语四、六级考试大纲（2016年修订版）,https://cet.neea.edu.cn/res/Home/1704/55b02330ac17274664f06d9d3db8249d.pdf,63
ever,官方词表未提供读音,官方《全国大学英语四、六级考试大纲（2016年修订版）》词表词目；官方未提供释义,官方词表只列词形，不列例句,1,全国大学英语四、六级考试大纲（2016年修订版）,https://cet.neea.edu.cn/res/Home/1704/55b02330ac17274664f06d9d3db8249d.pdf,63
every,官方词表未提供读音,官方《全国大学英语四、六级考试大纲（2016年修订版）》词表词目；官方未提供释义,官方词表只列词形，不列例句,1,全国大学英语四、六级考试大纲（2016年修订版）,https://cet.neea.edu.cn/res/Home/1704/55b02330ac17274664f06d9d3db8249d.pdf,63
everybody,官方词表未提供读音,官方《全国大学英语四、六级考试大纲（2016年修订版）》词表词目；官方未提供释义,官方词表只列词形，不列例句,1,全国大学英语四、六级考试大纲（2016年修订版）,https://cet.neea.edu.cn/res/Home/1704/55b02330ac17274664f06d9d3db8249d.pdf,63
everyday,官方词表未提供读音,官方《全国大学英语四、六级考试大纲（2016年修订版）》词表词目；官方未提供释义,官方词表只列词形，不列例句,1,全国大学英语四、六级考试大纲（2016年修订版）,https://cet.neea.edu.cn/res/Home/1704/55b02330ac17274664f06d9d3db8249d.pdf,63
everyone,官方词表未提供读音,官方《全国大学英语四、六级考试大纲（2016年修订版）》词表词目；官方未提供释义,官方词表只列词形，不列例句,1,全国大学英语四、六级考试大纲（2016年修订版）,https://cet.neea.edu.cn/res/Home/1704/55b02330ac17274664f06d9d3db8249d.pdf,63
everything,官方词表未提供读音,官方《全国大学英语四、六级考试大纲（2016年修订版）》词表词目；官方未提供释义,官方词表只列词形，不列例句,1,全国大学英语四、六级考试大纲（2016年修订版）,https://cet.neea.edu.cn/res/Home/1704/55b02330ac17274664f06d9d3db8249d.pdf,63
everywhere,官方词表未提供读音,官方《全国大学英语四、六级考试大纲（2016年修订版）》词表词目；官方未提供释义,官方词表只列词形，不列例句,1,全国大学英语四、六级考试大纲（2016年修订版）,https://cet.neea.edu.cn/res/Home/1704/55b02330ac17274664f06d9d3db8249d.pdf,63
evident evidence,官方词表未提供读音,官方《全国大学英语四、六级考试大纲（2016年修订版）》词表词目；官方未提供释义,官方词表只列词形，不列例句,1,全国大学英语四、六级考试大纲（2016年修订版）,https://cet.neea.edu.cn/res/Home/1704/55b02330ac17274664f06d9d3db8249d.pdf,63
evil,官方词表未提供读音,官方《全国大学英语四、六级考试大纲（2016年修订版）》词表词目；官方未提供释义,官方词表只列词形，不列例句,1,全国大学英语四、六级考试大纲（2016年修订版）,https://cet.neea.edu.cn/res/Home/1704/55b02330ac17274664f06d9d3db8249d.pdf,63
evolve evolution evolutionary,官方词表未提供读音,官方《全国大学英语四、六级考试大纲（2016年修订版）》词表词目；官方未提供释义,官方词表只列词形，不列例句,1,全国大学英语四、六级考试大纲（2016年修订版）,https://cet.neea.edu.cn/res/Home/1704/55b02330ac17274664f06d9d3db8249d.pdf,63
exact,官方词表未提供读音,官方《全国大学英语四、六级考试大纲（2016年修订版）》词表词目；官方未提供释义,官方词表只列词形，不列例句,1,全国大学英语四、六级考试大纲（2016年修订版）,https://cet.neea.edu.cn/res/Home/1704/55b02330ac17274664f06d9d3db8249d.pdf,63
exaggerate exaggeration,官方词表未提供读音,官方《全国大学英语四、六级考试大纲（2016年修订版）》词表词目；官方未提供释义,官方词表只列词形，不列例句,1,全国大学英语四、六级考试大纲（2016年修订版）,https://cet.neea.edu.cn/res/Home/1704/55b02330ac17274664f06d9d3db8249d.pdf,63
examine exam(ination) examiner examinee,官方词表未提供读音,官方《全国大学英语四、六级考试大纲（2016年修订版）》词表词目；官方未提供释义,官方词表只列词形，不列例句,1,全国大学英语四、六级考试大纲（2016年修订版）,https://cet.neea.edu.cn/res/Home/1704/55b02330ac17274664f06d9d3db8249d.pdf,63
example exemplary exemplify,官方词表未提供读音,官方《全国大学英语四、六级考试大纲（2016年修订版）》词表词目；官方未提供释义,官方词表只列词形，不列例句,1,全国大学英语四、六级考试大纲（2016年修订版）,https://cet.neea.edu.cn/res/Home/1704/55b02330ac17274664f06d9d3db8249d.pdf,63
exceed exceedingly,官方词表未提供读音,官方《全国大学英语四、六级考试大纲（2016年修订版）》词表词目；官方未提供释义,官方词表只列词形，不列例句,1,全国大学英语四、六级考试大纲（2016年修订版）,https://cet.neea.edu.cn/res/Home/1704/55b02330ac17274664f06d9d3db8249d.pdf,63
excel,官方词表未提供读音,官方《全国大学英语四、六级考试大纲（2016年修订版）》词表词目；官方未提供释义,官方词表只列词形，不列例句,1,全国大学英语四、六级考试大纲（2016年修订版）,https://cet.neea.edu.cn/res/Home/1704/55b02330ac17274664f06d9d3db8249d.pdf,63
excellent excellence,官方词表未提供读音,官方《全国大学英语四、六级考试大纲（2016年修订版）》词表词目；官方未提供释义,官方词表只列词形，不列例句,1,全国大学英语四、六级考试大纲（2016年修订版）,https://cet.neea.edu.cn/res/Home/1704/55b02330ac17274664f06d9d3db8249d.pdf,63
except,官方词表未提供读音,官方《全国大学英语四、六级考试大纲（2016年修订版）》词表词目；官方未提供释义,官方词表只列词形，不列例句,1,全国大学英语四、六级考试大纲（2016年修订版）,https://cet.neea.edu.cn/res/Home/1704/55b02330ac17274664f06d9d3db8249d.pdf,63
exception exceptional,官方词表未提供读音,官方《全国大学英语四、六级考试大纲（2016年修订版）》词表词目；官方未提供释义,官方词表只列词形，不列例句,1,全国大学英语四、六级考试大纲（2016年修订版）,https://cet.neea.edu.cn/res/Home/1704/55b02330ac17274664f06d9d3db8249d.pdf,64
excess excessive,官方词表未提供读音,官方《全国大学英语四、六级考试大纲（2016年修订版）》词表词目；官方未提供释义,官方词表只列词形，不列例句,1,全国大学英语四、六级考试大纲（2016年修订版）,https://cet.neea.edu.cn/res/Home/1704/55b02330ac17274664f06d9d3db8249d.pdf,64
exchange,官方词表未提供读音,官方《全国大学英语四、六级考试大纲（2016年修订版）》词表词目；官方未提供释义,官方词表只列词形，不列例句,1,全国大学英语四、六级考试大纲（2016年修订版）,https://cet.neea.edu.cn/res/Home/1704/55b02330ac17274664f06d9d3db8249d.pdf,64
excite exciting excitement,官方词表未提供读音,官方《全国大学英语四、六级考试大纲（2016年修订版）》词表词目；官方未提供释义,官方词表只列词形，不列例句,1,全国大学英语四、六级考试大纲（2016年修订版）,https://cet.neea.edu.cn/res/Home/1704/55b02330ac17274664f06d9d3db8249d.pdf,64
exclaim exclamation exclamatory,官方词表未提供读音,官方《全国大学英语四、六级考试大纲（2016年修订版）》词表词目；官方未提供释义,官方词表只列词形，不列例句,1,全国大学英语四、六级考试大纲（2016年修订版）,https://cet.neea.edu.cn/res/Home/1704/55b02330ac17274664f06d9d3db8249d.pdf,64
exclude exclusion exclusive,官方词表未提供读音,官方《全国大学英语四、六级考试大纲（2016年修订版）》词表词目；官方未提供释义,官方词表只列词形，不列例句,1,全国大学英语四、六级考试大纲（2016年修订版）,https://cet.neea.edu.cn/res/Home/1704/55b02330ac17274664f06d9d3db8249d.pdf,64
excursion,官方词表未提供读音,官方《全国大学英语四、六级考试大纲（2016年修订版）》词表词目；官方未提供释义,官方词表只列词形，不列例句,1,全国大学英语四、六级考试大纲（2016年修订版）,https://cet.neea.edu.cn/res/Home/1704/55b02330ac17274664f06d9d3db8249d.pdf,64
excuse,官方词表未提供读音,官方《全国大学英语四、六级考试大纲（2016年修订版）》词表词目；官方未提供释义,官方词表只列词形，不列例句,1,全国大学英语四、六级考试大纲（2016年修订版）,https://cet.neea.edu.cn/res/Home/1704/55b02330ac17274664f06d9d3db8249d.pdf,64
execute execution executive,官方词表未提供读音,官方《全国大学英语四、六级考试大纲（2016年修订版）》词表词目；官方未提供释义,官方词表只列词形，不列例句,1,全国大学英语四、六级考试大纲（2016年修订版）,https://cet.neea.edu.cn/res/Home/1704/55b02330ac17274664f06d9d3db8249d.pdf,64
exercise,官方词表未提供读音,官方《全国大学英语四、六级考试大纲（2016年修订版）》词表词目；官方未提供释义,官方词表只列词形，不列例句,1,全国大学英语四、六级考试大纲（2016年修订版）,https://cet.neea.edu.cn/res/Home/1704/55b02330ac17274664f06d9d3db8249d.pdf,64
exert exertion,官方词表未提供读音,官方《全国大学英语四、六级考试大纲（2016年修订版）》词表词目；官方未提供释义,官方词表只列词形，不列例句,1,全国大学英语四、六级考试大纲（2016年修订版）,https://cet.neea.edu.cn/res/Home/1704/55b02330ac17274664f06d9d3db8249d.pdf,64
exhaust exhaustion exhaustive,官方词表未提供读音,官方《全国大学英语四、六级考试大纲（2016年修订版）》词表词目；官方未提供释义,官方词表只列词形，不列例句,1,全国大学英语四、六级考试大纲（2016年修订版）,https://cet.neea.edu.cn/res/Home/1704/55b02330ac17274664f06d9d3db8249d.pdf,64
exhibit exhibition,官方词表未提供读音,官方《全国大学英语四、六级考试大纲（2016年修订版）》词表词目；官方未提供释义,官方词表只列词形，不列例句,1,全国大学英语四、六级考试大纲（2016年修订版）,https://cet.neea.edu.cn/res/Home/1704/55b02330ac17274664f06d9d3db8249d.pdf,64
exile,官方词表未提供读音,官方《全国大学英语四、六级考试大纲（2016年修订版）》词表词目；官方未提供释义,官方词表只列词形，不列例句,1,全国大学英语四、六级考试大纲（2016年修订版）,https://cet.neea.edu.cn/res/Home/1704/55b02330ac17274664f06d9d3db8249d.pdf,64
exist existence existent existing,官方词表未提供读音,官方《全国大学英语四、六级考试大纲（2016年修订版）》词表词目；官方未提供释义,官方词表只列词形，不列例句,1,全国大学英语四、六级考试大纲（2016年修订版）,https://cet.neea.edu.cn/res/Home/1704/55b02330ac17274664f06d9d3db8249d.pdf,64
exit,官方词表未提供读音,官方《全国大学英语四、六级考试大纲（2016年修订版）》词表词目；官方未提供释义,官方词表只列词形，不列例句,1,全国大学英语四、六级考试大纲（2016年修订版）,https://cet.neea.edu.cn/res/Home/1704/55b02330ac17274664f06d9d3db8249d.pdf,64
expand expansion expansive,官方词表未提供读音,官方《全国大学英语四、六级考试大纲（2016年修订版）》词表词目；官方未提供释义,官方词表只列词形，不列例句,1,全国大学英语四、六级考试大纲（2016年修订版）,https://cet.neea.edu.cn/res/Home/1704/55b02330ac17274664f06d9d3db8249d.pdf,64
expect expectation expectancy,官方词表未提供读音,官方《全国大学英语四、六级考试大纲（2016年修订版）》词表词目；官方未提供释义,官方词表只列词形，不列例句,1,全国大学英语四、六级考试大纲（2016年修订版）,https://cet.neea.edu.cn/res/Home/1704/55b02330ac17274664f06d9d3db8249d.pdf,64
expel,官方词表未提供读音,官方《全国大学英语四、六级考试大纲（2016年修订版）》词表词目；官方未提供释义,官方词表只列词形，不列例句,1,全国大学英语四、六级考试大纲（2016年修订版）,https://cet.neea.edu.cn/res/Home/1704/55b02330ac17274664f06d9d3db8249d.pdf,64
expend expenditure,官方词表未提供读音,官方《全国大学英语四、六级考试大纲（2016年修订版）》词表词目；官方未提供释义,官方词表只列词形，不列例句,1,全国大学英语四、六级考试大纲（2016年修订版）,https://cet.neea.edu.cn/res/Home/1704/55b02330ac17274664f06d9d3db8249d.pdf,64
expense expensive,官方词表未提供读音,官方《全国大学英语四、六级考试大纲（2016年修订版）》词表词目；官方未提供释义,官方词表只列词形，不列例句,1,全国大学英语四、六级考试大纲（2016年修订版）,https://cet.neea.edu.cn/res/Home/1704/55b02330ac17274664f06d9d3db8249d.pdf,64
experience experienced,官方词表未提供读音,官方《全国大学英语四、六级考试大纲（2016年修订版）》词表词目；官方未提供释义,官方词表只列词形，不列例句,1,全国大学英语四、六级考试大纲（2016年修订版）,https://cet.neea.edu.cn/res/Home/1704/55b02330ac17274664f06d9d3db8249d.pdf,64
experiment experimental,官方词表未提供读音,官方《全国大学英语四、六级考试大纲（2016年修订版）》词表词目；官方未提供释义,官方词表只列词形，不列例句,1,全国大学英语四、六级考试大纲（2016年修订版）,https://cet.neea.edu.cn/res/Home/1704/55b02330ac17274664f06d9d3db8249d.pdf,64
expert,官方词表未提供读音,官方《全国大学英语四、六级考试大纲（2016年修订版）》词表词目；官方未提供释义,官方词表只列词形，不列例句,1,全国大学英语四、六级考试大纲（2016年修订版）,https://cet.neea.edu.cn/res/Home/1704/55b02330ac17274664f06d9d3db8249d.pdf,64
expertise,官方词表未提供读音,官方《全国大学英语四、六级考试大纲（2016年修订版）》词表词目；官方未提供释义,官方词表只列词形，不列例句,1,全国大学英语四、六级考试大纲（2016年修订版）,https://cet.neea.edu.cn/res/Home/1704/55b02330ac17274664f06d9d3db8249d.pdf,64
explain explanation explanatory,官方词表未提供读音,官方《全国大学英语四、六级考试大纲（2016年修订版）》词表词目；官方未提供释义,官方词表只列词形，不列例句,1,全国大学英语四、六级考试大纲（2016年修订版）,https://cet.neea.edu.cn/res/Home/1704/55b02330ac17274664f06d9d3db8249d.pdf,64
explicit,官方词表未提供读音,官方《全国大学英语四、六级考试大纲（2016年修订版）》词表词目；官方未提供释义,官方词表只列词形，不列例句,1,全国大学英语四、六级考试大纲（2016年修订版）,https://cet.neea.edu.cn/res/Home/1704/55b02330ac17274664f06d9d3db8249d.pdf,64
explode explosion explosive,官方词表未提供读音,官方《全国大学英语四、六级考试大纲（2016年修订版）》词表词目；官方未提供释义,官方词表只列词形，不列例句,1,全国大学英语四、六级考试大纲（2016年修订版）,https://cet.neea.edu.cn/res/Home/1704/55b02330ac17274664f06d9d3db8249d.pdf,64
exploit exploitation,官方词表未提供读音,官方《全国大学英语四、六级考试大纲（2016年修订版）》词表词目；官方未提供释义,官方词表只列词形，不列例句,1,全国大学英语四、六级考试大纲（2016年修订版）,https://cet.neea.edu.cn/res/Home/1704/55b02330ac17274664f06d9d3db8249d.pdf,64
explore exploration,官方词表未提供读音,官方《全国大学英语四、六级考试大纲（2016年修订版）》词表词目；官方未提供释义,官方词表只列词形，不列例句,1,全国大学英语四、六级考试大纲（2016年修订版）,https://cet.neea.edu.cn/res/Home/1704/55b02330ac17274664f06d9d3db8249d.pdf,64
export exportation,官方词表未提供读音,官方《全国大学英语四、六级考试大纲（2016年修订版）》词表词目；官方未提供释义,官方词表只列词形，不列例句,1,全国大学英语四、六级考试大纲（2016年修订版）,https://cet.neea.edu.cn/res/Home/1704/55b02330ac17274664f06d9d3db8249d.pdf,64
expose exposure,官方词表未提供读音,官方《全国大学英语四、六级考试大纲（2016年修订版）》词表词目；官方未提供释义,官方词表只列词形，不列例句,1,全国大学英语四、六级考试大纲（2016年修订版）,https://cet.neea.edu.cn/res/Home/1704/55b02330ac17274664f06d9d3db8249d.pdf,64
express expression expressive,官方词表未提供读音,官方《全国大学英语四、六级考试大纲（2016年修订版）》词表词目；官方未提供释义,官方词表只列词形，不列例句,1,全国大学英语四、六级考试大纲（2016年修订版）,https://cet.neea.edu.cn/res/Home/1704/55b02330ac17274664f06d9d3db8249d.pdf,64
expressway,官方词表未提供读音,官方《全国大学英语四、六级考试大纲（2016年修订版）》词表词目；官方未提供释义,官方词表只列词形，不列例句,1,全国大学英语四、六级考试大纲（2016年修订版）,https://cet.neea.edu.cn/res/Home/1704/55b02330ac17274664f06d9d3db8249d.pdf,64
extend extension extensive extended,官方词表未提供读音,官方《全国大学英语四、六级考试大纲（2016年修订版）》词表词目；官方未提供释义,官方词表只列词形，不列例句,1,全国大学英语四、六级考试大纲（2016年修订版）,https://cet.neea.edu.cn/res/Home/1704/55b02330ac17274664f06d9d3db8249d.pdf,65
extent,官方词表未提供读音,官方《全国大学英语四、六级考试大纲（2016年修订版）》词表词目；官方未提供释义,官方词表只列词形，不列例句,1,全国大学英语四、六级考试大纲（2016年修订版）,https://cet.neea.edu.cn/res/Home/1704/55b02330ac17274664f06d9d3db8249d.pdf,65
exterior,官方词表未提供读音,官方《全国大学英语四、六级考试大纲（2016年修订版）》词表词目；官方未提供释义,官方词表只列词形，不列例句,1,全国大学英语四、六级考试大纲（2016年修订版）,https://cet.neea.edu.cn/res/Home/1704/55b02330ac17274664f06d9d3db8249d.pdf,65
external,官方词表未提供读音,官方《全国大学英语四、六级考试大纲（2016年修订版）》词表词目；官方未提供释义,官方词表只列词形，不列例句,1,全国大学英语四、六级考试大纲（2016年修订版）,https://cet.neea.edu.cn/res/Home/1704/55b02330ac17274664f06d9d3db8249d.pdf,65
extinguish,官方词表未提供读音,官方《全国大学英语四、六级考试大纲（2016年修订版）》词表词目；官方未提供释义,官方词表只列词形，不列例句,1,全国大学英语四、六级考试大纲（2016年修订版）,https://cet.neea.edu.cn/res/Home/1704/55b02330ac17274664f06d9d3db8249d.pdf,65
extra,官方词表未提供读音,官方《全国大学英语四、六级考试大纲（2016年修订版）》词表词目；官方未提供释义,官方词表只列词形，不列例句,1,全国大学英语四、六级考试大纲（2016年修订版）,https://cet.neea.edu.cn/res/Home/1704/55b02330ac17274664f06d9d3db8249d.pdf,65
extraordinary,官方词表未提供读音,官方《全国大学英语四、六级考试大纲（2016年修订版）》词表词目；官方未提供释义,官方词表只列词形，不列例句,1,全国大学英语四、六级考试大纲（2016年修订版）,https://cet.neea.edu.cn/res/Home/1704/55b02330ac17274664f06d9d3db8249d.pdf,65
extreme extremity,官方词表未提供读音,官方《全国大学英语四、六级考试大纲（2016年修订版）》词表词目；官方未提供释义,官方词表只列词形，不列例句,1,全国大学英语四、六级考试大纲（2016年修订版）,https://cet.neea.edu.cn/res/Home/1704/55b02330ac17274664f06d9d3db8249d.pdf,65
eye,官方词表未提供读音,官方《全国大学英语四、六级考试大纲（2016年修订版）》词表词目；官方未提供释义,官方词表只列词形，不列例句,1,全国大学英语四、六级考试大纲（2016年修订版）,https://cet.neea.edu.cn/res/Home/1704/55b02330ac17274664f06d9d3db8249d.pdf,65
eyebrow,官方词表未提供读音,官方《全国大学英语四、六级考试大纲（2016年修订版）》词表词目；官方未提供释义,官方词表只列词形，不列例句,1,全国大学英语四、六级考试大纲（2016年修订版）,https://cet.neea.edu.cn/res/Home/1704/55b02330ac17274664f06d9d3db8249d.pdf,65
eyesight,官方词表未提供读音,官方《全国大学英语四、六级考试大纲（2016年修订版）》词表词目；官方未提供释义,官方词表只列词形，不列例句,1,全国大学英语四、六级考试大纲（2016年修订版）,https://cet.neea.edu.cn/res/Home/1704/55b02330ac17274664f06d9d3db8249d.pdf,65
fable,官方词表未提供读音,官方《全国大学英语四、六级考试大纲（2016年修订版）》词表词目；官方未提供释义,官方词表只列词形，不列例句,1,全国大学英语四、六级考试大纲（2016年修订版）,https://cet.neea.edu.cn/res/Home/1704/55b02330ac17274664f06d9d3db8249d.pdf,65
fabric,官方词表未提供读音,官方《全国大学英语四、六级考试大纲（2016年修订版）》词表词目；官方未提供释义,官方词表只列词形，不列例句,1,全国大学英语四、六级考试大纲（2016年修订版）,https://cet.neea.edu.cn/res/Home/1704/55b02330ac17274664f06d9d3db8249d.pdf,65
face facial,官方词表未提供读音,官方《全国大学英语四、六级考试大纲（2016年修订版）》词表词目；官方未提供释义,官方词表只列词形，不列例句,1,全国大学英语四、六级考试大纲（2016年修订版）,https://cet.neea.edu.cn/res/Home/1704/55b02330ac17274664f06d9d3db8249d.pdf,65
facility facilitate facilitation,官方词表未提供读音,官方《全国大学英语四、六级考试大纲（2016年修订版）》词表词目；官方未提供释义,官方词表只列词形，不列例句,1,全国大学英语四、六级考试大纲（2016年修订版）,https://cet.neea.edu.cn/res/Home/1704/55b02330ac17274664f06d9d3db8249d.pdf,65
fact factual,官方词表未提供读音,官方《全国大学英语四、六级考试大纲（2016年修订版）》词表词目；官方未提供释义,官方词表只列词形，不列例句,1,全国大学英语四、六级考试大纲（2016年修订版）,https://cet.neea.edu.cn/res/Home/1704/55b02330ac17274664f06d9d3db8249d.pdf,65
factor,官方词表未提供读音,官方《全国大学英语四、六级考试大纲（2016年修订版）》词表词目；官方未提供释义,官方词表只列词形，不列例句,1,全国大学英语四、六级考试大纲（2016年修订版）,https://cet.neea.edu.cn/res/Home/1704/55b02330ac17274664f06d9d3db8249d.pdf,65
factory,官方词表未提供读音,官方《全国大学英语四、六级考试大纲（2016年修订版）》词表词目；官方未提供释义,官方词表只列词形，不列例句,1,全国大学英语四、六级考试大纲（2016年修订版）,https://cet.neea.edu.cn/res/Home/1704/55b02330ac17274664f06d9d3db8249d.pdf,65
faculty,官方词表未提供读音,官方《全国大学英语四、六级考试大纲（2016年修订版）》词表词目；官方未提供释义,官方词表只列词形，不列例句,1,全国大学英语四、六级考试大纲（2016年修订版）,https://cet.neea.edu.cn/res/Home/1704/55b02330ac17274664f06d9d3db8249d.pdf,65
fade,官方词表未提供读音,官方《全国大学英语四、六级考试大纲（2016年修订版）》词表词目；官方未提供释义,官方词表只列词形，不列例句,1,全国大学英语四、六级考试大纲（2016年修订版）,https://cet.neea.edu.cn/res/Home/1704/55b02330ac17274664f06d9d3db8249d.pdf,65
fail failure,官方词表未提供读音,官方《全国大学英语四、六级考试大纲（2016年修订版）》词表词目；官方未提供释义,官方词表只列词形，不列例句,1,全国大学英语四、六级考试大纲（2016年修订版）,https://cet.neea.edu.cn/res/Home/1704/55b02330ac17274664f06d9d3db8249d.pdf,65
faint,官方词表未提供读音,官方《全国大学英语四、六级考试大纲（2016年修订版）》词表词目；官方未提供释义,官方词表只列词形，不列例句,1,全国大学英语四、六级考试大纲（2016年修订版）,https://cet.neea.edu.cn/res/Home/1704/55b02330ac17274664f06d9d3db8249d.pdf,65
fair,官方词表未提供读音,官方《全国大学英语四、六级考试大纲（2016年修订版）》词表词目；官方未提供释义,官方词表只列词形，不列例句,1,全国大学英语四、六级考试大纲（2016年修订版）,https://cet.neea.edu.cn/res/Home/1704/55b02330ac17274664f06d9d3db8249d.pdf,65
fairly,官方词表未提供读音,官方《全国大学英语四、六级考试大纲（2016年修订版）》词表词目；官方未提供释义,官方词表只列词形，不列例句,1,全国大学英语四、六级考试大纲（2016年修订版）,https://cet.neea.edu.cn/res/Home/1704/55b02330ac17274664f06d9d3db8249d.pdf,65
fairy,官方词表未提供读音,官方《全国大学英语四、六级考试大纲（2016年修订版）》词表词目；官方未提供释义,官方词表只列词形，不列例句,1,全国大学英语四、六级考试大纲（2016年修订版）,https://cet.neea.edu.cn/res/Home/1704/55b02330ac17274664f06d9d3db8249d.pdf,65
faith faithful,官方词表未提供读音,官方《全国大学英语四、六级考试大纲（2016年修订版）》词表词目；官方未提供释义,官方词表只列词形，不列例句,1,全国大学英语四、六级考试大纲（2016年修订版）,https://cet.neea.edu.cn/res/Home/1704/55b02330ac17274664f06d9d3db8249d.pdf,65
fake,官方词表未提供读音,官方《全国大学英语四、六级考试大纲（2016年修订版）》词表词目；官方未提供释义,官方词表只列词形，不列例句,1,全国大学英语四、六级考试大纲（2016年修订版）,https://cet.neea.edu.cn/res/Home/1704/55b02330ac17274664f06d9d3db8249d.pdf,65
fall,官方词表未提供读音,官方《全国大学英语四、六级考试大纲（2016年修订版）》词表词目；官方未提供释义,官方词表只列词形，不列例句,1,全国大学英语四、六级考试大纲（2016年修订版）,https://cet.neea.edu.cn/res/Home/1704/55b02330ac17274664f06d9d3db8249d.pdf,65
false falsehood,官方词表未提供读音,官方《全国大学英语四、六级考试大纲（2016年修订版）》词表词目；官方未提供释义,官方词表只列词形，不列例句,1,全国大学英语四、六级考试大纲（2016年修订版）,https://cet.neea.edu.cn/res/Home/1704/55b02330ac17274664f06d9d3db8249d.pdf,65
fame famous,官方词表未提供读音,官方《全国大学英语四、六级考试大纲（2016年修订版）》词表词目；官方未提供释义,官方词表只列词形，不列例句,1,全国大学英语四、六级考试大纲（2016年修订版）,https://cet.neea.edu.cn/res/Home/1704/55b02330ac17274664f06d9d3db8249d.pdf,65
familiar familiarity familiarize/-ise,官方词表未提供读音,官方《全国大学英语四、六级考试大纲（2016年修订版）》词表词目；官方未提供释义,官方词表只列词形，不列例句,1,全国大学英语四、六级考试大纲（2016年修订版）,https://cet.neea.edu.cn/res/Home/1704/55b02330ac17274664f06d9d3db8249d.pdf,65
family,官方词表未提供读音,官方《全国大学英语四、六级考试大纲（2016年修订版）》词表词目；官方未提供释义,官方词表只列词形，不列例句,1,全国大学英语四、六级考试大纲（2016年修订版）,https://cet.neea.edu.cn/res/Home/1704/55b02330ac17274664f06d9d3db8249d.pdf,65
famine,官方词表未提供读音,官方《全国大学英语四、六级考试大纲（2016年修订版）》词表词目；官方未提供释义,官方词表只列词形，不列例句,1,全国大学英语四、六级考试大纲（2016年修订版）,https://cet.neea.edu.cn/res/Home/1704/55b02330ac17274664f06d9d3db8249d.pdf,65
fan,官方词表未提供读音,官方《全国大学英语四、六级考试大纲（2016年修订版）》词表词目；官方未提供释义,官方词表只列词形，不列例句,1,全国大学英语四、六级考试大纲（2016年修订版）,https://cet.neea.edu.cn/res/Home/1704/55b02330ac17274664f06d9d3db8249d.pdf,65
fancy,官方词表未提供读音,官方《全国大学英语四、六级考试大纲（2016年修订版）》词表词目；官方未提供释义,官方词表只列词形，不列例句,1,全国大学英语四、六级考试大纲（2016年修订版）,https://cet.neea.edu.cn/res/Home/1704/55b02330ac17274664f06d9d3db8249d.pdf,66
fantasy fantastic,官方词表未提供读音,官方《全国大学英语四、六级考试大纲（2016年修订版）》词表词目；官方未提供释义,官方词表只列词形，不列例句,1,全国大学英语四、六级考试大纲（2016年修订版）,https://cet.neea.edu.cn/res/Home/1704/55b02330ac17274664f06d9d3db8249d.pdf,66
far,官方词表未提供读音,官方《全国大学英语四、六级考试大纲（2016年修订版）》词表词目；官方未提供释义,官方词表只列词形，不列例句,1,全国大学英语四、六级考试大纲（2016年修订版）,https://cet.neea.edu.cn/res/Home/1704/55b02330ac17274664f06d9d3db8249d.pdf,66
fare,官方词表未提供读音,官方《全国大学英语四、六级考试大纲（2016年修订版）》词表词目；官方未提供释义,官方词表只列词形，不列例句,1,全国大学英语四、六级考试大纲（2016年修订版）,https://cet.neea.edu.cn/res/Home/1704/55b02330ac17274664f06d9d3db8249d.pdf,66
farewell,官方词表未提供读音,官方《全国大学英语四、六级考试大纲（2016年修订版）》词表词目；官方未提供释义,官方词表只列词形，不列例句,1,全国大学英语四、六级考试大纲（2016年修订版）,https://cet.neea.edu.cn/res/Home/1704/55b02330ac17274664f06d9d3db8249d.pdf,66
farm farmer farming,官方词表未提供读音,官方《全国大学英语四、六级考试大纲（2016年修订版）》词表词目；官方未提供释义,官方词表只列词形，不列例句,1,全国大学英语四、六级考试大纲（2016年修订版）,https://cet.neea.edu.cn/res/Home/1704/55b02330ac17274664f06d9d3db8249d.pdf,66
farther,官方词表未提供读音,官方《全国大学英语四、六级考试大纲（2016年修订版）》词表词目；官方未提供释义,官方词表只列词形，不列例句,1,全国大学英语四、六级考试大纲（2016年修订版）,https://cet.neea.edu.cn/res/Home/1704/55b02330ac17274664f06d9d3db8249d.pdf,66
fascinate fascinating fascination,官方词表未提供读音,官方《全国大学英语四、六级考试大纲（2016年修订版）》词表词目；官方未提供释义,官方词表只列词形，不列例句,1,全国大学英语四、六级考试大纲（2016年修订版）,https://cet.neea.edu.cn/res/Home/1704/55b02330ac17274664f06d9d3db8249d.pdf,66
fashion fashionable,官方词表未提供读音,官方《全国大学英语四、六级考试大纲（2016年修订版）》词表词目；官方未提供释义,官方词表只列词形，不列例句,1,全国大学英语四、六级考试大纲（2016年修订版）,https://cet.neea.edu.cn/res/Home/1704/55b02330ac17274664f06d9d3db8249d.pdf,66
fast,官方词表未提供读音,官方《全国大学英语四、六级考试大纲（2016年修订版）》词表词目；官方未提供释义,官方词表只列词形，不列例句,1,全国大学英语四、六级考试大纲（2016年修订版）,https://cet.neea.edu.cn/res/Home/1704/55b02330ac17274664f06d9d3db8249d.pdf,66
fasten,官方词表未提供读音,官方《全国大学英语四、六级考试大纲（2016年修订版）》词表词目；官方未提供释义,官方词表只列词形，不列例句,1,全国大学英语四、六级考试大纲（2016年修订版）,https://cet.neea.edu.cn/res/Home/1704/55b02330ac17274664f06d9d3db8249d.pdf,66
fat,官方词表未提供读音,官方《全国大学英语四、六级考试大纲（2016年修订版）》词表词目；官方未提供释义,官方词表只列词形，不列例句,1,全国大学英语四、六级考试大纲（2016年修订版）,https://cet.neea.edu.cn/res/Home/1704/55b02330ac17274664f06d9d3db8249d.pdf,66
fatal fatality,官方词表未提供读音,官方《全国大学英语四、六级考试大纲（2016年修订版）》词表词目；官方未提供释义,官方词表只列词形，不列例句,1,全国大学英语四、六级考试大纲（2016年修订版）,https://cet.neea.edu.cn/res/Home/1704/55b02330ac17274664f06d9d3db8249d.pdf,66
fate,官方词表未提供读音,官方《全国大学英语四、六级考试大纲（2016年修订版）》词表词目；官方未提供释义,官方词表只列词形，不列例句,1,全国大学英语四、六级考试大纲（2016年修订版）,https://cet.neea.edu.cn/res/Home/1704/55b02330ac17274664f06d9d3db8249d.pdf,66
father fatherly,官方词表未提供读音,官方《全国大学英语四、六级考试大纲（2016年修订版）》词表词目；官方未提供释义,官方词表只列词形，不列例句,1,全国大学英语四、六级考试大纲（2016年修订版）,https://cet.neea.edu.cn/res/Home/1704/55b02330ac17274664f06d9d3db8249d.pdf,66
fatigue,官方词表未提供读音,官方《全国大学英语四、六级考试大纲（2016年修订版）》词表词目；官方未提供释义,官方词表只列词形，不列例句,1,全国大学英语四、六级考试大纲（2016年修订版）,https://cet.neea.edu.cn/res/Home/1704/55b02330ac17274664f06d9d3db8249d.pdf,66
fault faulty,官方词表未提供读音,官方《全国大学英语四、六级考试大纲（2016年修订版）》词表词目；官方未提供释义,官方词表只列词形，不列例句,1,全国大学英语四、六级考试大纲（2016年修订版）,https://cet.neea.edu.cn/res/Home/1704/55b02330ac17274664f06d9d3db8249d.pdf,66
favo(u)r favo(u)rable favo(u)rite,官方词表未提供读音,官方《全国大学英语四、六级考试大纲（2016年修订版）》词表词目；官方未提供释义,官方词表只列词形，不列例句,1,全国大学英语四、六级考试大纲（2016年修订版）,https://cet.neea.edu.cn/res/Home/1704/55b02330ac17274664f06d9d3db8249d.pdf,66
fax,官方词表未提供读音,官方《全国大学英语四、六级考试大纲（2016年修订版）》词表词目；官方未提供释义,官方词表只列词形，不列例句,1,全国大学英语四、六级考试大纲（2016年修订版）,https://cet.neea.edu.cn/res/Home/1704/55b02330ac17274664f06d9d3db8249d.pdf,66
fear fearful,官方词表未提供读音,官方《全国大学英语四、六级考试大纲（2016年修订版）》词表词目；官方未提供释义,官方词表只列词形，不列例句,1,全国大学英语四、六级考试大纲（2016年修订版）,https://cet.neea.edu.cn/res/Home/1704/55b02330ac17274664f06d9d3db8249d.pdf,66
feasible feasibility,官方词表未提供读音,官方《全国大学英语四、六级考试大纲（2016年修订版）》词表词目；官方未提供释义,官方词表只列词形，不列例句,1,全国大学英语四、六级考试大纲（2016年修订版）,https://cet.neea.edu.cn/res/Home/1704/55b02330ac17274664f06d9d3db8249d.pdf,66
feather,官方词表未提供读音,官方《全国大学英语四、六级考试大纲（2016年修订版）》词表词目；官方未提供释义,官方词表只列词形，不列例句,1,全国大学英语四、六级考试大纲（2016年修订版）,https://cet.neea.edu.cn/res/Home/1704/55b02330ac17274664f06d9d3db8249d.pdf,66
feature,官方词表未提供读音,官方《全国大学英语四、六级考试大纲（2016年修订版）》词表词目；官方未提供释义,官方词表只列词形，不列例句,1,全国大学英语四、六级考试大纲（2016年修订版）,https://cet.neea.edu.cn/res/Home/1704/55b02330ac17274664f06d9d3db8249d.pdf,66
February,官方词表未提供读音,官方《全国大学英语四、六级考试大纲（2016年修订版）》词表词目；官方未提供释义,官方词表只列词形，不列例句,1,全国大学英语四、六级考试大纲（2016年修订版）,https://cet.neea.edu.cn/res/Home/1704/55b02330ac17274664f06d9d3db8249d.pdf,66
federal,官方词表未提供读音,官方《全国大学英语四、六级考试大纲（2016年修订版）》词表词目；官方未提供释义,官方词表只列词形，不列例句,1,全国大学英语四、六级考试大纲（2016年修订版）,https://cet.neea.edu.cn/res/Home/1704/55b02330ac17274664f06d9d3db8249d.pdf,66
federation,官方词表未提供读音,官方《全国大学英语四、六级考试大纲（2016年修订版）》词表词目；官方未提供释义,官方词表只列词形，不列例句,1,全国大学英语四、六级考试大纲（2016年修订版）,https://cet.neea.edu.cn/res/Home/1704/55b02330ac17274664f06d9d3db8249d.pdf,66
fee,官方词表未提供读音,官方《全国大学英语四、六级考试大纲（2016年修订版）》词表词目；官方未提供释义,官方词表只列词形，不列例句,1,全国大学英语四、六级考试大纲（2016年修订版）,https://cet.neea.edu.cn/res/Home/1704/55b02330ac17274664f06d9d3db8249d.pdf,66
feed,官方词表未提供读音,官方《全国大学英语四、六级考试大纲（2016年修订版）》词表词目；官方未提供释义,官方词表只列词形，不列例句,1,全国大学英语四、六级考试大纲（2016年修订版）,https://cet.neea.edu.cn/res/Home/1704/55b02330ac17274664f06d9d3db8249d.pdf,66
feedback,官方词表未提供读音,官方《全国大学英语四、六级考试大纲（2016年修订版）》词表词目；官方未提供释义,官方词表只列词形，不列例句,1,全国大学英语四、六级考试大纲（2016年修订版）,https://cet.neea.edu.cn/res/Home/1704/55b02330ac17274664f06d9d3db8249d.pdf,66
feel feeling,官方词表未提供读音,官方《全国大学英语四、六级考试大纲（2016年修订版）》词表词目；官方未提供释义,官方词表只列词形，不列例句,1,全国大学英语四、六级考试大纲（2016年修订版）,https://cet.neea.edu.cn/res/Home/1704/55b02330ac17274664f06d9d3db8249d.pdf,66
fellow fellowship,官方词表未提供读音,官方《全国大学英语四、六级考试大纲（2016年修订版）》词表词目；官方未提供释义,官方词表只列词形，不列例句,1,全国大学英语四、六级考试大纲（2016年修订版）,https://cet.neea.edu.cn/res/Home/1704/55b02330ac17274664f06d9d3db8249d.pdf,66
female,官方词表未提供读音,官方《全国大学英语四、六级考试大纲（2016年修订版）》词表词目；官方未提供释义,官方词表只列词形，不列例句,1,全国大学英语四、六级考试大纲（2016年修订版）,https://cet.neea.edu.cn/res/Home/1704/55b02330ac17274664f06d9d3db8249d.pdf,66
fence,官方词表未提供读音,官方《全国大学英语四、六级考试大纲（2016年修订版）》词表词目；官方未提供释义,官方词表只列词形，不列例句,1,全国大学英语四、六级考试大纲（2016年修订版）,https://cet.neea.edu.cn/res/Home/1704/55b02330ac17274664f06d9d3db8249d.pdf,66
ferry,官方词表未提供读音,官方《全国大学英语四、六级考试大纲（2016年修订版）》词表词目；官方未提供释义,官方词表只列词形，不列例句,1,全国大学英语四、六级考试大纲（2016年修订版）,https://cet.neea.edu.cn/res/Home/1704/55b02330ac17274664f06d9d3db8249d.pdf,66
fertile fertility fertilizer/-iser,官方词表未提供读音,官方《全国大学英语四、六级考试大纲（2016年修订版）》词表词目；官方未提供释义,官方词表只列词形，不列例句,1,全国大学英语四、六级考试大纲（2016年修订版）,https://cet.neea.edu.cn/res/Home/1704/55b02330ac17274664f06d9d3db8249d.pdf,66
festival,官方词表未提供读音,官方《全国大学英语四、六级考试大纲（2016年修订版）》词表词目；官方未提供释义,官方词表只列词形，不列例句,1,全国大学英语四、六级考试大纲（2016年修订版）,https://cet.neea.edu.cn/res/Home/1704/55b02330ac17274664f06d9d3db8249d.pdf,66
fetch,官方词表未提供读音,官方《全国大学英语四、六级考试大纲（2016年修订版）》词表词目；官方未提供释义,官方词表只列词形，不列例句,1,全国大学英语四、六级考试大纲（2016年修订版）,https://cet.neea.edu.cn/res/Home/1704/55b02330ac17274664f06d9d3db8249d.pdf,66
fever feverish,官方词表未提供读音,官方《全国大学英语四、六级考试大纲（2016年修订版）》词表词目；官方未提供释义,官方词表只列词形，不列例句,1,全国大学英语四、六级考试大纲（2016年修订版）,https://cet.neea.edu.cn/res/Home/1704/55b02330ac17274664f06d9d3db8249d.pdf,67
few,官方词表未提供读音,官方《全国大学英语四、六级考试大纲（2016年修订版）》词表词目；官方未提供释义,官方词表只列词形，不列例句,1,全国大学英语四、六级考试大纲（2016年修订版）,https://cet.neea.edu.cn/res/Home/1704/55b02330ac17274664f06d9d3db8249d.pdf,67
fiber/-bre,官方词表未提供读音,官方《全国大学英语四、六级考试大纲（2016年修订版）》词表词目；官方未提供释义,官方词表只列词形，不列例句,1,全国大学英语四、六级考试大纲（2016年修订版）,https://cet.neea.edu.cn/res/Home/1704/55b02330ac17274664f06d9d3db8249d.pdf,67
fiction fictional,官方词表未提供读音,官方《全国大学英语四、六级考试大纲（2016年修订版）》词表词目；官方未提供释义,官方词表只列词形，不列例句,1,全国大学英语四、六级考试大纲（2016年修订版）,https://cet.neea.edu.cn/res/Home/1704/55b02330ac17274664f06d9d3db8249d.pdf,67
field,官方词表未提供读音,官方《全国大学英语四、六级考试大纲（2016年修订版）》词表词目；官方未提供释义,官方词表只列词形，不列例句,1,全国大学英语四、六级考试大纲（2016年修订版）,https://cet.neea.edu.cn/res/Home/1704/55b02330ac17274664f06d9d3db8249d.pdf,67
fierce,官方词表未提供读音,官方《全国大学英语四、六级考试大纲（2016年修订版）》词表词目；官方未提供释义,官方词表只列词形，不列例句,1,全国大学英语四、六级考试大纲（2016年修订版）,https://cet.neea.edu.cn/res/Home/1704/55b02330ac17274664f06d9d3db8249d.pdf,67
fifteen,官方词表未提供读音,官方《全国大学英语四、六级考试大纲（2016年修订版）》词表词目；官方未提供释义,官方词表只列词形，不列例句,1,全国大学英语四、六级考试大纲（2016年修订版）,https://cet.neea.edu.cn/res/Home/1704/55b02330ac17274664f06d9d3db8249d.pdf,67
fifth,官方词表未提供读音,官方《全国大学英语四、六级考试大纲（2016年修订版）》词表词目；官方未提供释义,官方词表只列词形，不列例句,1,全国大学英语四、六级考试大纲（2016年修订版）,https://cet.neea.edu.cn/res/Home/1704/55b02330ac17274664f06d9d3db8249d.pdf,67
fifty,官方词表未提供读音,官方《全国大学英语四、六级考试大纲（2016年修订版）》词表词目；官方未提供释义,官方词表只列词形，不列例句,1,全国大学英语四、六级考试大纲（2016年修订版）,https://cet.neea.edu.cn/res/Home/1704/55b02330ac17274664f06d9d3db8249d.pdf,67
fight,官方词表未提供读音,官方《全国大学英语四、六级考试大纲（2016年修订版）》词表词目；官方未提供释义,官方词表只列词形，不列例句,1,全国大学英语四、六级考试大纲（2016年修订版）,https://cet.neea.edu.cn/res/Home/1704/55b02330ac17274664f06d9d3db8249d.pdf,67
figure figurative,官方词表未提供读音,官方《全国大学英语四、六级考试大纲（2016年修订版）》词表词目；官方未提供释义,官方词表只列词形，不列例句,1,全国大学英语四、六级考试大纲（2016年修订版）,https://cet.neea.edu.cn/res/Home/1704/55b02330ac17274664f06d9d3db8249d.pdf,67
file,官方词表未提供读音,官方《全国大学英语四、六级考试大纲（2016年修订版）》词表词目；官方未提供释义,官方词表只列词形，不列例句,1,全国大学英语四、六级考试大纲（2016年修订版）,https://cet.neea.edu.cn/res/Home/1704/55b02330ac17274664f06d9d3db8249d.pdf,67
fill filling,官方词表未提供读音,官方《全国大学英语四、六级考试大纲（2016年修订版）》词表词目；官方未提供释义,官方词表只列词形，不列例句,1,全国大学英语四、六级考试大纲（2016年修订版）,https://cet.neea.edu.cn/res/Home/1704/55b02330ac17274664f06d9d3db8249d.pdf,67
film,官方词表未提供读音,官方《全国大学英语四、六级考试大纲（2016年修订版）》词表词目；官方未提供释义,官方词表只列词形，不列例句,1,全国大学英语四、六级考试大纲（2016年修订版）,https://cet.neea.edu.cn/res/Home/1704/55b02330ac17274664f06d9d3db8249d.pdf,67
filter,官方词表未提供读音,官方《全国大学英语四、六级考试大纲（2016年修订版）》词表词目；官方未提供释义,官方词表只列词形，不列例句,1,全国大学英语四、六级考试大纲（2016年修订版）,https://cet.neea.edu.cn/res/Home/1704/55b02330ac17274664f06d9d3db8249d.pdf,67
final finally finalize/-ise,官方词表未提供读音,官方《全国大学英语四、六级考试大纲（2016年修订版）》词表词目；官方未提供释义,官方词表只列词形，不列例句,1,全国大学英语四、六级考试大纲（2016年修订版）,https://cet.neea.edu.cn/res/Home/1704/55b02330ac17274664f06d9d3db8249d.pdf,67
finance financial,官方词表未提供读音,官方《全国大学英语四、六级考试大纲（2016年修订版）》词表词目；官方未提供释义,官方词表只列词形，不列例句,1,全国大学英语四、六级考试大纲（2016年修订版）,https://cet.neea.edu.cn/res/Home/1704/55b02330ac17274664f06d9d3db8249d.pdf,67
find finding,官方词表未提供读音,官方《全国大学英语四、六级考试大纲（2016年修订版）》词表词目；官方未提供释义,官方词表只列词形，不列例句,1,全国大学英语四、六级考试大纲（2016年修订版）,https://cet.neea.edu.cn/res/Home/1704/55b02330ac17274664f06d9d3db8249d.pdf,67
fine,官方词表未提供读音,官方《全国大学英语四、六级考试大纲（2016年修订版）》词表词目；官方未提供释义,官方词表只列词形，不列例句,1,全国大学英语四、六级考试大纲（2016年修订版）,https://cet.neea.edu.cn/res/Home/1704/55b02330ac17274664f06d9d3db8249d.pdf,67
finger,官方词表未提供读音,官方《全国大学英语四、六级考试大纲（2016年修订版）》词表词目；官方未提供释义,官方词表只列词形，不列例句,1,全国大学英语四、六级考试大纲（2016年修订版）,https://cet.neea.edu.cn/res/Home/1704/55b02330ac17274664f06d9d3db8249d.pdf,67
fingerprint,官方词表未提供读音,官方《全国大学英语四、六级考试大纲（2016年修订版）》词表词目；官方未提供释义,官方词表只列词形，不列例句,1,全国大学英语四、六级考试大纲（2016年修订版）,https://cet.neea.edu.cn/res/Home/1704/55b02330ac17274664f06d9d3db8249d.pdf,67
finish,官方词表未提供读音,官方《全国大学英语四、六级考试大纲（2016年修订版）》词表词目；官方未提供释义,官方词表只列词形，不列例句,1,全国大学英语四、六级考试大纲（2016年修订版）,https://cet.neea.edu.cn/res/Home/1704/55b02330ac17274664f06d9d3db8249d.pdf,67
fire,官方词表未提供读音,官方《全国大学英语四、六级考试大纲（2016年修订版）》词表词目；官方未提供释义,官方词表只列词形，不列例句,1,全国大学英语四、六级考试大纲（2016年修订版）,https://cet.neea.edu.cn/res/Home/1704/55b02330ac17274664f06d9d3db8249d.pdf,67
fireman,官方词表未提供读音,官方《全国大学英语四、六级考试大纲（2016年修订版）》词表词目；官方未提供释义,官方词表只列词形，不列例句,1,全国大学英语四、六级考试大纲（2016年修订版）,https://cet.neea.edu.cn/res/Home/1704/55b02330ac17274664f06d9d3db8249d.pdf,67
fireplace,官方词表未提供读音,官方《全国大学英语四、六级考试大纲（2016年修订版）》词表词目；官方未提供释义,官方词表只列词形，不列例句,1,全国大学英语四、六级考试大纲（2016年修订版）,https://cet.neea.edu.cn/res/Home/1704/55b02330ac17274664f06d9d3db8249d.pdf,67
fireworks,官方词表未提供读音,官方《全国大学英语四、六级考试大纲（2016年修订版）》词表词目；官方未提供释义,官方词表只列词形，不列例句,1,全国大学英语四、六级考试大纲（2016年修订版）,https://cet.neea.edu.cn/res/Home/1704/55b02330ac17274664f06d9d3db8249d.pdf,67
firm,官方词表未提供读音,官方《全国大学英语四、六级考试大纲（2016年修订版）》词表词目；官方未提供释义,官方词表只列词形，不列例句,1,全国大学英语四、六级考试大纲（2016年修订版）,https://cet.neea.edu.cn/res/Home/1704/55b02330ac17274664f06d9d3db8249d.pdf,67
first firstly,官方词表未提供读音,官方《全国大学英语四、六级考试大纲（2016年修订版）》词表词目；官方未提供释义,官方词表只列词形，不列例句,1,全国大学英语四、六级考试大纲（2016年修订版）,https://cet.neea.edu.cn/res/Home/1704/55b02330ac17274664f06d9d3db8249d.pdf,67
fish fishing fisherman,官方词表未提供读音,官方《全国大学英语四、六级考试大纲（2016年修订版）》词表词目；官方未提供释义,官方词表只列词形，不列例句,1,全国大学英语四、六级考试大纲（2016年修订版）,https://cet.neea.edu.cn/res/Home/1704/55b02330ac17274664f06d9d3db8249d.pdf,67
fist,官方词表未提供读音,官方《全国大学英语四、六级考试大纲（2016年修订版）》词表词目；官方未提供释义,官方词表只列词形，不列例句,1,全国大学英语四、六级考试大纲（2016年修订版）,https://cet.neea.edu.cn/res/Home/1704/55b02330ac17274664f06d9d3db8249d.pdf,67
fit,官方词表未提供读音,官方《全国大学英语四、六级考试大纲（2016年修订版）》词表词目；官方未提供释义,官方词表只列词形，不列例句,1,全国大学英语四、六级考试大纲（2016年修订版）,https://cet.neea.edu.cn/res/Home/1704/55b02330ac17274664f06d9d3db8249d.pdf,67
five,官方词表未提供读音,官方《全国大学英语四、六级考试大纲（2016年修订版）》词表词目；官方未提供释义,官方词表只列词形，不列例句,1,全国大学英语四、六级考试大纲（2016年修订版）,https://cet.neea.edu.cn/res/Home/1704/55b02330ac17274664f06d9d3db8249d.pdf,67
fix fixed fixture fixation,官方词表未提供读音,官方《全国大学英语四、六级考试大纲（2016年修订版）》词表词目；官方未提供释义,官方词表只列词形，不列例句,1,全国大学英语四、六级考试大纲（2016年修订版）,https://cet.neea.edu.cn/res/Home/1704/55b02330ac17274664f06d9d3db8249d.pdf,67
flag,官方词表未提供读音,官方《全国大学英语四、六级考试大纲（2016年修订版）》词表词目；官方未提供释义,官方词表只列词形，不列例句,1,全国大学英语四、六级考试大纲（2016年修订版）,https://cet.neea.edu.cn/res/Home/1704/55b02330ac17274664f06d9d3db8249d.pdf,67
flame,官方词表未提供读音,官方《全国大学英语四、六级考试大纲（2016年修订版）》词表词目；官方未提供释义,官方词表只列词形，不列例句,1,全国大学英语四、六级考试大纲（2016年修订版）,https://cet.neea.edu.cn/res/Home/1704/55b02330ac17274664f06d9d3db8249d.pdf,67
flash,官方词表未提供读音,官方《全国大学英语四、六级考试大纲（2016年修订版）》词表词目；官方未提供释义,官方词表只列词形，不列例句,1,全国大学英语四、六级考试大纲（2016年修订版）,https://cet.neea.edu.cn/res/Home/1704/55b02330ac17274664f06d9d3db8249d.pdf,68
flat,官方词表未提供读音,官方《全国大学英语四、六级考试大纲（2016年修订版）》词表词目；官方未提供释义,官方词表只列词形，不列例句,1,全国大学英语四、六级考试大纲（2016年修订版）,https://cet.neea.edu.cn/res/Home/1704/55b02330ac17274664f06d9d3db8249d.pdf,68
flavo(u)r,官方词表未提供读音,官方《全国大学英语四、六级考试大纲（2016年修订版）》词表词目；官方未提供释义,官方词表只列词形，不列例句,1,全国大学英语四、六级考试大纲（2016年修订版）,https://cet.neea.edu.cn/res/Home/1704/55b02330ac17274664f06d9d3db8249d.pdf,68
flaw flawless,官方词表未提供读音,官方《全国大学英语四、六级考试大纲（2016年修订版）》词表词目；官方未提供释义,官方词表只列词形，不列例句,1,全国大学英语四、六级考试大纲（2016年修订版）,https://cet.neea.edu.cn/res/Home/1704/55b02330ac17274664f06d9d3db8249d.pdf,68
flee,官方词表未提供读音,官方《全国大学英语四、六级考试大纲（2016年修订版）》词表词目；官方未提供释义,官方词表只列词形，不列例句,1,全国大学英语四、六级考试大纲（2016年修订版）,https://cet.neea.edu.cn/res/Home/1704/55b02330ac17274664f06d9d3db8249d.pdf,68
fleet,官方词表未提供读音,官方《全国大学英语四、六级考试大纲（2016年修订版）》词表词目；官方未提供释义,官方词表只列词形，不列例句,1,全国大学英语四、六级考试大纲（2016年修订版）,https://cet.neea.edu.cn/res/Home/1704/55b02330ac17274664f06d9d3db8249d.pdf,68
flesh,官方词表未提供读音,官方《全国大学英语四、六级考试大纲（2016年修订版）》词表词目；官方未提供释义,官方词表只列词形，不列例句,1,全国大学英语四、六级考试大纲（2016年修订版）,https://cet.neea.edu.cn/res/Home/1704/55b02330ac17274664f06d9d3db8249d.pdf,68
flexible flexibility,官方词表未提供读音,官方《全国大学英语四、六级考试大纲（2016年修订版）》词表词目；官方未提供释义,官方词表只列词形，不列例句,1,全国大学英语四、六级考试大纲（2016年修订版）,https://cet.neea.edu.cn/res/Home/1704/55b02330ac17274664f06d9d3db8249d.pdf,68
float,官方词表未提供读音,官方《全国大学英语四、六级考试大纲（2016年修订版）》词表词目；官方未提供释义,官方词表只列词形，不列例句,1,全国大学英语四、六级考试大纲（2016年修订版）,https://cet.neea.edu.cn/res/Home/1704/55b02330ac17274664f06d9d3db8249d.pdf,68
flock,官方词表未提供读音,官方《全国大学英语四、六级考试大纲（2016年修订版）》词表词目；官方未提供释义,官方词表只列词形，不列例句,1,全国大学英语四、六级考试大纲（2016年修订版）,https://cet.neea.edu.cn/res/Home/1704/55b02330ac17274664f06d9d3db8249d.pdf,68
flood,官方词表未提供读音,官方《全国大学英语四、六级考试大纲（2016年修订版）》词表词目；官方未提供释义,官方词表只列词形，不列例句,1,全国大学英语四、六级考试大纲（2016年修订版）,https://cet.neea.edu.cn/res/Home/1704/55b02330ac17274664f06d9d3db8249d.pdf,68
floor,官方词表未提供读音,官方《全国大学英语四、六级考试大纲（2016年修订版）》词表词目；官方未提供释义,官方词表只列词形，不列例句,1,全国大学英语四、六级考试大纲（2016年修订版）,https://cet.neea.edu.cn/res/Home/1704/55b02330ac17274664f06d9d3db8249d.pdf,68
flour,官方词表未提供读音,官方《全国大学英语四、六级考试大纲（2016年修订版）》词表词目；官方未提供释义,官方词表只列词形，不列例句,1,全国大学英语四、六级考试大纲（2016年修订版）,https://cet.neea.edu.cn/res/Home/1704/55b02330ac17274664f06d9d3db8249d.pdf,68
flourish,官方词表未提供读音,官方《全国大学英语四、六级考试大纲（2016年修订版）》词表词目；官方未提供释义,官方词表只列词形，不列例句,1,全国大学英语四、六级考试大纲（2016年修订版）,https://cet.neea.edu.cn/res/Home/1704/55b02330ac17274664f06d9d3db8249d.pdf,68
flow,官方词表未提供读音,官方《全国大学英语四、六级考试大纲（2016年修订版）》词表词目；官方未提供释义,官方词表只列词形，不列例句,1,全国大学英语四、六级考试大纲（2016年修订版）,https://cet.neea.edu.cn/res/Home/1704/55b02330ac17274664f06d9d3db8249d.pdf,68
flower,官方词表未提供读音,官方《全国大学英语四、六级考试大纲（2016年修订版）》词表词目；官方未提供释义,官方词表只列词形，不列例句,1,全国大学英语四、六级考试大纲（2016年修订版）,https://cet.neea.edu.cn/res/Home/1704/55b02330ac17274664f06d9d3db8249d.pdf,68
fluctuate fluctuation,官方词表未提供读音,官方《全国大学英语四、六级考试大纲（2016年修订版）》词表词目；官方未提供释义,官方词表只列词形，不列例句,1,全国大学英语四、六级考试大纲（2016年修订版）,https://cet.neea.edu.cn/res/Home/1704/55b02330ac17274664f06d9d3db8249d.pdf,68
fluent fluency,官方词表未提供读音,官方《全国大学英语四、六级考试大纲（2016年修订版）》词表词目；官方未提供释义,官方词表只列词形，不列例句,1,全国大学英语四、六级考试大纲（2016年修订版）,https://cet.neea.edu.cn/res/Home/1704/55b02330ac17274664f06d9d3db8249d.pdf,68
fluid,官方词表未提供读音,官方《全国大学英语四、六级考试大纲（2016年修订版）》词表词目；官方未提供释义,官方词表只列词形，不列例句,1,全国大学英语四、六级考试大纲（2016年修订版）,https://cet.neea.edu.cn/res/Home/1704/55b02330ac17274664f06d9d3db8249d.pdf,68
fly,官方词表未提供读音,官方《全国大学英语四、六级考试大纲（2016年修订版）》词表词目；官方未提供释义,官方词表只列词形，不列例句,1,全国大学英语四、六级考试大纲（2016年修订版）,https://cet.neea.edu.cn/res/Home/1704/55b02330ac17274664f06d9d3db8249d.pdf,68
flight,官方词表未提供读音,官方《全国大学英语四、六级考试大纲（2016年修订版）》词表词目；官方未提供释义,官方词表只列词形，不列例句,1,全国大学英语四、六级考试大纲（2016年修订版）,https://cet.neea.edu.cn/res/Home/1704/55b02330ac17274664f06d9d3db8249d.pdf,68
focus,官方词表未提供读音,官方《全国大学英语四、六级考试大纲（2016年修订版）》词表词目；官方未提供释义,官方词表只列词形，不列例句,1,全国大学英语四、六级考试大纲（2016年修订版）,https://cet.neea.edu.cn/res/Home/1704/55b02330ac17274664f06d9d3db8249d.pdf,68
fog foggy,官方词表未提供读音,官方《全国大学英语四、六级考试大纲（2016年修订版）》词表词目；官方未提供释义,官方词表只列词形，不列例句,1,全国大学英语四、六级考试大纲（2016年修订版）,https://cet.neea.edu.cn/res/Home/1704/55b02330ac17274664f06d9d3db8249d.pdf,68
fold,官方词表未提供读音,官方《全国大学英语四、六级考试大纲（2016年修订版）》词表词目；官方未提供释义,官方词表只列词形，不列例句,1,全国大学英语四、六级考试大纲（2016年修订版）,https://cet.neea.edu.cn/res/Home/1704/55b02330ac17274664f06d9d3db8249d.pdf,68
folk,官方词表未提供读音,官方《全国大学英语四、六级考试大纲（2016年修订版）》词表词目；官方未提供释义,官方词表只列词形，不列例句,1,全国大学英语四、六级考试大纲（2016年修订版）,https://cet.neea.edu.cn/res/Home/1704/55b02330ac17274664f06d9d3db8249d.pdf,68
follow following,官方词表未提供读音,官方《全国大学英语四、六级考试大纲（2016年修订版）》词表词目；官方未提供释义,官方词表只列词形，不列例句,1,全国大学英语四、六级考试大纲（2016年修订版）,https://cet.neea.edu.cn/res/Home/1704/55b02330ac17274664f06d9d3db8249d.pdf,68
fond,官方词表未提供读音,官方《全国大学英语四、六级考试大纲（2016年修订版）》词表词目；官方未提供释义,官方词表只列词形，不列例句,1,全国大学英语四、六级考试大纲（2016年修订版）,https://cet.neea.edu.cn/res/Home/1704/55b02330ac17274664f06d9d3db8249d.pdf,68
food,官方词表未提供读音,官方《全国大学英语四、六级考试大纲（2016年修订版）》词表词目；官方未提供释义,官方词表只列词形，不列例句,1,全国大学英语四、六级考试大纲（2016年修订版）,https://cet.neea.edu.cn/res/Home/1704/55b02330ac17274664f06d9d3db8249d.pdf,68
fool foolish,官方词表未提供读音,官方《全国大学英语四、六级考试大纲（2016年修订版）》词表词目；官方未提供释义,官方词表只列词形，不列例句,1,全国大学英语四、六级考试大纲（2016年修订版）,https://cet.neea.edu.cn/res/Home/1704/55b02330ac17274664f06d9d3db8249d.pdf,68
foot,官方词表未提供读音,官方《全国大学英语四、六级考试大纲（2016年修订版）》词表词目；官方未提供释义,官方词表只列词形，不列例句,1,全国大学英语四、六级考试大纲（2016年修订版）,https://cet.neea.edu.cn/res/Home/1704/55b02330ac17274664f06d9d3db8249d.pdf,68
football,官方词表未提供读音,官方《全国大学英语四、六级考试大纲（2016年修订版）》词表词目；官方未提供释义,官方词表只列词形，不列例句,1,全国大学英语四、六级考试大纲（2016年修订版）,https://cet.neea.edu.cn/res/Home/1704/55b02330ac17274664f06d9d3db8249d.pdf,68
footprint,官方词表未提供读音,官方《全国大学英语四、六级考试大纲（2016年修订版）》词表词目；官方未提供释义,官方词表只列词形，不列例句,1,全国大学英语四、六级考试大纲（2016年修订版）,https://cet.neea.edu.cn/res/Home/1704/55b02330ac17274664f06d9d3db8249d.pdf,69
for,官方词表未提供读音,官方《全国大学英语四、六级考试大纲（2016年修订版）》词表词目；官方未提供释义,官方词表只列词形，不列例句,1,全国大学英语四、六级考试大纲（2016年修订版）,https://cet.neea.edu.cn/res/Home/1704/55b02330ac17274664f06d9d3db8249d.pdf,69
forbid,官方词表未提供读音,官方《全国大学英语四、六级考试大纲（2016年修订版）》词表词目；官方未提供释义,官方词表只列词形，不列例句,1,全国大学英语四、六级考试大纲（2016年修订版）,https://cet.neea.edu.cn/res/Home/1704/55b02330ac17274664f06d9d3db8249d.pdf,69
force forceful,官方词表未提供读音,官方《全国大学英语四、六级考试大纲（2016年修订版）》词表词目；官方未提供释义,官方词表只列词形，不列例句,1,全国大学英语四、六级考试大纲（2016年修订版）,https://cet.neea.edu.cn/res/Home/1704/55b02330ac17274664f06d9d3db8249d.pdf,69
forecast,官方词表未提供读音,官方《全国大学英语四、六级考试大纲（2016年修订版）》词表词目；官方未提供释义,官方词表只列词形，不列例句,1,全国大学英语四、六级考试大纲（2016年修订版）,https://cet.neea.edu.cn/res/Home/1704/55b02330ac17274664f06d9d3db8249d.pdf,69
forehead,官方词表未提供读音,官方《全国大学英语四、六级考试大纲（2016年修订版）》词表词目；官方未提供释义,官方词表只列词形，不列例句,1,全国大学英语四、六级考试大纲（2016年修订版）,https://cet.neea.edu.cn/res/Home/1704/55b02330ac17274664f06d9d3db8249d.pdf,69
foreign foreigner,官方词表未提供读音,官方《全国大学英语四、六级考试大纲（2016年修订版）》词表词目；官方未提供释义,官方词表只列词形，不列例句,1,全国大学英语四、六级考试大纲（2016年修订版）,https://cet.neea.edu.cn/res/Home/1704/55b02330ac17274664f06d9d3db8249d.pdf,69
foremost,官方词表未提供读音,官方《全国大学英语四、六级考试大纲（2016年修订版）》词表词目；官方未提供释义,官方词表只列词形，不列例句,1,全国大学英语四、六级考试大纲（2016年修订版）,https://cet.neea.edu.cn/res/Home/1704/55b02330ac17274664f06d9d3db8249d.pdf,69
foresee foreseeable,官方词表未提供读音,官方《全国大学英语四、六级考试大纲（2016年修订版）》词表词目；官方未提供释义,官方词表只列词形，不列例句,1,全国大学英语四、六级考试大纲（2016年修订版）,https://cet.neea.edu.cn/res/Home/1704/55b02330ac17274664f06d9d3db8249d.pdf,69
foresight,官方词表未提供读音,官方《全国大学英语四、六级考试大纲（2016年修订版）》词表词目；官方未提供释义,官方词表只列词形，不列例句,1,全国大学英语四、六级考试大纲（2016年修订版）,https://cet.neea.edu.cn/res/Home/1704/55b02330ac17274664f06d9d3db8249d.pdf,69
forest forestry,官方词表未提供读音,官方《全国大学英语四、六级考试大纲（2016年修订版）》词表词目；官方未提供释义,官方词表只列词形，不列例句,1,全国大学英语四、六级考试大纲（2016年修订版）,https://cet.neea.edu.cn/res/Home/1704/55b02330ac17274664f06d9d3db8249d.pdf,69
forever,官方词表未提供读音,官方《全国大学英语四、六级考试大纲（2016年修订版）》词表词目；官方未提供释义,官方词表只列词形，不列例句,1,全国大学英语四、六级考试大纲（2016年修订版）,https://cet.neea.edu.cn/res/Home/1704/55b02330ac17274664f06d9d3db8249d.pdf,69
forge forgery,官方词表未提供读音,官方《全国大学英语四、六级考试大纲（2016年修订版）》词表词目；官方未提供释义,官方词表只列词形，不列例句,1,全国大学英语四、六级考试大纲（2016年修订版）,https://cet.neea.edu.cn/res/Home/1704/55b02330ac17274664f06d9d3db8249d.pdf,69
forget forgetful forgettable,官方词表未提供读音,官方《全国大学英语四、六级考试大纲（2016年修订版）》词表词目；官方未提供释义,官方词表只列词形，不列例句,1,全国大学英语四、六级考试大纲（2016年修订版）,https://cet.neea.edu.cn/res/Home/1704/55b02330ac17274664f06d9d3db8249d.pdf,69
forgive forgiving,官方词表未提供读音,官方《全国大学英语四、六级考试大纲（2016年修订版）》词表词目；官方未提供释义,官方词表只列词形，不列例句,1,全国大学英语四、六级考试大纲（2016年修订版）,https://cet.neea.edu.cn/res/Home/1704/55b02330ac17274664f06d9d3db8249d.pdf,69
fork,官方词表未提供读音,官方《全国大学英语四、六级考试大纲（2016年修订版）》词表词目；官方未提供释义,官方词表只列词形，不列例句,1,全国大学英语四、六级考试大纲（2016年修订版）,https://cet.neea.edu.cn/res/Home/1704/55b02330ac17274664f06d9d3db8249d.pdf,69
form formation,官方词表未提供读音,官方《全国大学英语四、六级考试大纲（2016年修订版）》词表词目；官方未提供释义,官方词表只列词形，不列例句,1,全国大学英语四、六级考试大纲（2016年修订版）,https://cet.neea.edu.cn/res/Home/1704/55b02330ac17274664f06d9d3db8249d.pdf,69
formal formality,官方词表未提供读音,官方《全国大学英语四、六级考试大纲（2016年修订版）》词表词目；官方未提供释义,官方词表只列词形，不列例句,1,全国大学英语四、六级考试大纲（2016年修订版）,https://cet.neea.edu.cn/res/Home/1704/55b02330ac17274664f06d9d3db8249d.pdf,69
format,官方词表未提供读音,官方《全国大学英语四、六级考试大纲（2016年修订版）》词表词目；官方未提供释义,官方词表只列词形，不列例句,1,全国大学英语四、六级考试大纲（2016年修订版）,https://cet.neea.edu.cn/res/Home/1704/55b02330ac17274664f06d9d3db8249d.pdf,69
former,官方词表未提供读音,官方《全国大学英语四、六级考试大纲（2016年修订版）》词表词目；官方未提供释义,官方词表只列词形，不列例句,1,全国大学英语四、六级考试大纲（2016年修订版）,https://cet.neea.edu.cn/res/Home/1704/55b02330ac17274664f06d9d3db8249d.pdf,69
formula,官方词表未提供读音,官方《全国大学英语四、六级考试大纲（2016年修订版）》词表词目；官方未提供释义,官方词表只列词形，不列例句,1,全国大学英语四、六级考试大纲（2016年修订版）,https://cet.neea.edu.cn/res/Home/1704/55b02330ac17274664f06d9d3db8249d.pdf,69
formulate formulation,官方词表未提供读音,官方《全国大学英语四、六级考试大纲（2016年修订版）》词表词目；官方未提供释义,官方词表只列词形，不列例句,1,全国大学英语四、六级考试大纲（2016年修订版）,https://cet.neea.edu.cn/res/Home/1704/55b02330ac17274664f06d9d3db8249d.pdf,69
forth,官方词表未提供读音,官方《全国大学英语四、六级考试大纲（2016年修订版）》词表词目；官方未提供释义,官方词表只列词形，不列例句,1,全国大学英语四、六级考试大纲（2016年修订版）,https://cet.neea.edu.cn/res/Home/1704/55b02330ac17274664f06d9d3db8249d.pdf,69
forthcoming,官方词表未提供读音,官方《全国大学英语四、六级考试大纲（2016年修订版）》词表词目；官方未提供释义,官方词表只列词形，不列例句,1,全国大学英语四、六级考试大纲（2016年修订版）,https://cet.neea.edu.cn/res/Home/1704/55b02330ac17274664f06d9d3db8249d.pdf,69
fortune fortunate,官方词表未提供读音,官方《全国大学英语四、六级考试大纲（2016年修订版）》词表词目；官方未提供释义,官方词表只列词形，不列例句,1,全国大学英语四、六级考试大纲（2016年修订版）,https://cet.neea.edu.cn/res/Home/1704/55b02330ac17274664f06d9d3db8249d.pdf,69
forty,官方词表未提供读音,官方《全国大学英语四、六级考试大纲（2016年修订版）》词表词目；官方未提供释义,官方词表只列词形，不列例句,1,全国大学英语四、六级考试大纲（2016年修订版）,https://cet.neea.edu.cn/res/Home/1704/55b02330ac17274664f06d9d3db8249d.pdf,69
forum,官方词表未提供读音,官方《全国大学英语四、六级考试大纲（2016年修订版）》词表词目；官方未提供释义,官方词表只列词形，不列例句,1,全国大学英语四、六级考试大纲（2016年修订版）,https://cet.neea.edu.cn/res/Home/1704/55b02330ac17274664f06d9d3db8249d.pdf,69
forward,官方词表未提供读音,官方《全国大学英语四、六级考试大纲（2016年修订版）》词表词目；官方未提供释义,官方词表只列词形，不列例句,1,全国大学英语四、六级考试大纲（2016年修订版）,https://cet.neea.edu.cn/res/Home/1704/55b02330ac17274664f06d9d3db8249d.pdf,69
fossil,官方词表未提供读音,官方《全国大学英语四、六级考试大纲（2016年修订版）》词表词目；官方未提供释义,官方词表只列词形，不列例句,1,全国大学英语四、六级考试大纲（2016年修订版）,https://cet.neea.edu.cn/res/Home/1704/55b02330ac17274664f06d9d3db8249d.pdf,69
found founding founder,官方词表未提供读音,官方《全国大学英语四、六级考试大纲（2016年修订版）》词表词目；官方未提供释义,官方词表只列词形，不列例句,1,全国大学英语四、六级考试大纲（2016年修订版）,https://cet.neea.edu.cn/res/Home/1704/55b02330ac17274664f06d9d3db8249d.pdf,69
foundation,官方词表未提供读音,官方《全国大学英语四、六级考试大纲（2016年修订版）》词表词目；官方未提供释义,官方词表只列词形，不列例句,1,全国大学英语四、六级考试大纲（2016年修订版）,https://cet.neea.edu.cn/res/Home/1704/55b02330ac17274664f06d9d3db8249d.pdf,69
fountain,官方词表未提供读音,官方《全国大学英语四、六级考试大纲（2016年修订版）》词表词目；官方未提供释义,官方词表只列词形，不列例句,1,全国大学英语四、六级考试大纲（2016年修订版）,https://cet.neea.edu.cn/res/Home/1704/55b02330ac17274664f06d9d3db8249d.pdf,69
four,官方词表未提供读音,官方《全国大学英语四、六级考试大纲（2016年修订版）》词表词目；官方未提供释义,官方词表只列词形，不列例句,1,全国大学英语四、六级考试大纲（2016年修订版）,https://cet.neea.edu.cn/res/Home/1704/55b02330ac17274664f06d9d3db8249d.pdf,69
fourteen,官方词表未提供读音,官方《全国大学英语四、六级考试大纲（2016年修订版）》词表词目；官方未提供释义,官方词表只列词形，不列例句,1,全国大学英语四、六级考试大纲（2016年修订版）,https://cet.neea.edu.cn/res/Home/1704/55b02330ac17274664f06d9d3db8249d.pdf,69
fox,官方词表未提供读音,官方《全国大学英语四、六级考试大纲（2016年修订版）》词表词目；官方未提供释义,官方词表只列词形，不列例句,1,全国大学英语四、六级考试大纲（2016年修订版）,https://cet.neea.edu.cn/res/Home/1704/55b02330ac17274664f06d9d3db8249d.pdf,70
fraction,官方词表未提供读音,官方《全国大学英语四、六级考试大纲（2016年修订版）》词表词目；官方未提供释义,官方词表只列词形，不列例句,1,全国大学英语四、六级考试大纲（2016年修订版）,https://cet.neea.edu.cn/res/Home/1704/55b02330ac17274664f06d9d3db8249d.pdf,70
fragment fragmentation fragmentary,官方词表未提供读音,官方《全国大学英语四、六级考试大纲（2016年修订版）》词表词目；官方未提供释义,官方词表只列词形，不列例句,1,全国大学英语四、六级考试大纲（2016年修订版）,https://cet.neea.edu.cn/res/Home/1704/55b02330ac17274664f06d9d3db8249d.pdf,70
frame,官方词表未提供读音,官方《全国大学英语四、六级考试大纲（2016年修订版）》词表词目；官方未提供释义,官方词表只列词形，不列例句,1,全国大学英语四、六级考试大纲（2016年修订版）,https://cet.neea.edu.cn/res/Home/1704/55b02330ac17274664f06d9d3db8249d.pdf,70
framework,官方词表未提供读音,官方《全国大学英语四、六级考试大纲（2016年修订版）》词表词目；官方未提供释义,官方词表只列词形，不列例句,1,全国大学英语四、六级考试大纲（2016年修订版）,https://cet.neea.edu.cn/res/Home/1704/55b02330ac17274664f06d9d3db8249d.pdf,70
frank,官方词表未提供读音,官方《全国大学英语四、六级考试大纲（2016年修订版）》词表词目；官方未提供释义,官方词表只列词形，不列例句,1,全国大学英语四、六级考试大纲（2016年修订版）,https://cet.neea.edu.cn/res/Home/1704/55b02330ac17274664f06d9d3db8249d.pdf,70
free freedom,官方词表未提供读音,官方《全国大学英语四、六级考试大纲（2016年修订版）》词表词目；官方未提供释义,官方词表只列词形，不列例句,1,全国大学英语四、六级考试大纲（2016年修订版）,https://cet.neea.edu.cn/res/Home/1704/55b02330ac17274664f06d9d3db8249d.pdf,70
freeway,官方词表未提供读音,官方《全国大学英语四、六级考试大纲（2016年修订版）》词表词目；官方未提供释义,官方词表只列词形，不列例句,1,全国大学英语四、六级考试大纲（2016年修订版）,https://cet.neea.edu.cn/res/Home/1704/55b02330ac17274664f06d9d3db8249d.pdf,70
freeze,官方词表未提供读音,官方《全国大学英语四、六级考试大纲（2016年修订版）》词表词目；官方未提供释义,官方词表只列词形，不列例句,1,全国大学英语四、六级考试大纲（2016年修订版）,https://cet.neea.edu.cn/res/Home/1704/55b02330ac17274664f06d9d3db8249d.pdf,70
freight,官方词表未提供读音,官方《全国大学英语四、六级考试大纲（2016年修订版）》词表词目；官方未提供释义,官方词表只列词形，不列例句,1,全国大学英语四、六级考试大纲（2016年修订版）,https://cet.neea.edu.cn/res/Home/1704/55b02330ac17274664f06d9d3db8249d.pdf,70
frequent frequency,官方词表未提供读音,官方《全国大学英语四、六级考试大纲（2016年修订版）》词表词目；官方未提供释义,官方词表只列词形，不列例句,1,全国大学英语四、六级考试大纲（2016年修订版）,https://cet.neea.edu.cn/res/Home/1704/55b02330ac17274664f06d9d3db8249d.pdf,70
fresh,官方词表未提供读音,官方《全国大学英语四、六级考试大纲（2016年修订版）》词表词目；官方未提供释义,官方词表只列词形，不列例句,1,全国大学英语四、六级考试大纲（2016年修订版）,https://cet.neea.edu.cn/res/Home/1704/55b02330ac17274664f06d9d3db8249d.pdf,70
freshman,官方词表未提供读音,官方《全国大学英语四、六级考试大纲（2016年修订版）》词表词目；官方未提供释义,官方词表只列词形，不列例句,1,全国大学英语四、六级考试大纲（2016年修订版）,https://cet.neea.edu.cn/res/Home/1704/55b02330ac17274664f06d9d3db8249d.pdf,70
Friday,官方词表未提供读音,官方《全国大学英语四、六级考试大纲（2016年修订版）》词表词目；官方未提供释义,官方词表只列词形，不列例句,1,全国大学英语四、六级考试大纲（2016年修订版）,https://cet.neea.edu.cn/res/Home/1704/55b02330ac17274664f06d9d3db8249d.pdf,70
friend friendly friendship,官方词表未提供读音,官方《全国大学英语四、六级考试大纲（2016年修订版）》词表词目；官方未提供释义,官方词表只列词形，不列例句,1,全国大学英语四、六级考试大纲（2016年修订版）,https://cet.neea.edu.cn/res/Home/1704/55b02330ac17274664f06d9d3db8249d.pdf,70
fright frighten,官方词表未提供读音,官方《全国大学英语四、六级考试大纲（2016年修订版）》词表词目；官方未提供释义,官方词表只列词形，不列例句,1,全国大学英语四、六级考试大纲（2016年修订版）,https://cet.neea.edu.cn/res/Home/1704/55b02330ac17274664f06d9d3db8249d.pdf,70
frog,官方词表未提供读音,官方《全国大学英语四、六级考试大纲（2016年修订版）》词表词目；官方未提供释义,官方词表只列词形，不列例句,1,全国大学英语四、六级考试大纲（2016年修订版）,https://cet.neea.edu.cn/res/Home/1704/55b02330ac17274664f06d9d3db8249d.pdf,70
from,官方词表未提供读音,官方《全国大学英语四、六级考试大纲（2016年修订版）》词表词目；官方未提供释义,官方词表只列词形，不列例句,1,全国大学英语四、六级考试大纲（2016年修订版）,https://cet.neea.edu.cn/res/Home/1704/55b02330ac17274664f06d9d3db8249d.pdf,70
front,官方词表未提供读音,官方《全国大学英语四、六级考试大纲（2016年修订版）》词表词目；官方未提供释义,官方词表只列词形，不列例句,1,全国大学英语四、六级考试大纲（2016年修订版）,https://cet.neea.edu.cn/res/Home/1704/55b02330ac17274664f06d9d3db8249d.pdf,70
frontier,官方词表未提供读音,官方《全国大学英语四、六级考试大纲（2016年修订版）》词表词目；官方未提供释义,官方词表只列词形，不列例句,1,全国大学英语四、六级考试大纲（2016年修订版）,https://cet.neea.edu.cn/res/Home/1704/55b02330ac17274664f06d9d3db8249d.pdf,70
frost frosty,官方词表未提供读音,官方《全国大学英语四、六级考试大纲（2016年修订版）》词表词目；官方未提供释义,官方词表只列词形，不列例句,1,全国大学英语四、六级考试大纲（2016年修订版）,https://cet.neea.edu.cn/res/Home/1704/55b02330ac17274664f06d9d3db8249d.pdf,70
fruit fruitful,官方词表未提供读音,官方《全国大学英语四、六级考试大纲（2016年修订版）》词表词目；官方未提供释义,官方词表只列词形，不列例句,1,全国大学英语四、六级考试大纲（2016年修订版）,https://cet.neea.edu.cn/res/Home/1704/55b02330ac17274664f06d9d3db8249d.pdf,70
frustrate frustration frustrating,官方词表未提供读音,官方《全国大学英语四、六级考试大纲（2016年修订版）》词表词目；官方未提供释义,官方词表只列词形，不列例句,1,全国大学英语四、六级考试大纲（2016年修订版）,https://cet.neea.edu.cn/res/Home/1704/55b02330ac17274664f06d9d3db8249d.pdf,70
fry,官方词表未提供读音,官方《全国大学英语四、六级考试大纲（2016年修订版）》词表词目；官方未提供释义,官方词表只列词形，不列例句,1,全国大学英语四、六级考试大纲（2016年修订版）,https://cet.neea.edu.cn/res/Home/1704/55b02330ac17274664f06d9d3db8249d.pdf,70
fuck,官方词表未提供读音,官方《全国大学英语四、六级考试大纲（2016年修订版）》词表词目；官方未提供释义,官方词表只列词形，不列例句,1,全国大学英语四、六级考试大纲（2016年修订版）,https://cet.neea.edu.cn/res/Home/1704/55b02330ac17274664f06d9d3db8249d.pdf,70
fuel,官方词表未提供读音,官方《全国大学英语四、六级考试大纲（2016年修订版）》词表词目；官方未提供释义,官方词表只列词形，不列例句,1,全国大学英语四、六级考试大纲（2016年修订版）,https://cet.neea.edu.cn/res/Home/1704/55b02330ac17274664f06d9d3db8249d.pdf,70
fulfil(l) fulfil(l)ment,官方词表未提供读音,官方《全国大学英语四、六级考试大纲（2016年修订版）》词表词目；官方未提供释义,官方词表只列词形，不列例句,1,全国大学英语四、六级考试大纲（2016年修订版）,https://cet.neea.edu.cn/res/Home/1704/55b02330ac17274664f06d9d3db8249d.pdf,70
full,官方词表未提供读音,官方《全国大学英语四、六级考试大纲（2016年修订版）》词表词目；官方未提供释义,官方词表只列词形，不列例句,1,全国大学英语四、六级考试大纲（2016年修订版）,https://cet.neea.edu.cn/res/Home/1704/55b02330ac17274664f06d9d3db8249d.pdf,70
fun funny,官方词表未提供读音,官方《全国大学英语四、六级考试大纲（2016年修订版）》词表词目；官方未提供释义,官方词表只列词形，不列例句,1,全国大学英语四、六级考试大纲（2016年修订版）,https://cet.neea.edu.cn/res/Home/1704/55b02330ac17274664f06d9d3db8249d.pdf,70
function functional,官方词表未提供读音,官方《全国大学英语四、六级考试大纲（2016年修订版）》词表词目；官方未提供释义,官方词表只列词形，不列例句,1,全国大学英语四、六级考试大纲（2016年修订版）,https://cet.neea.edu.cn/res/Home/1704/55b02330ac17274664f06d9d3db8249d.pdf,70
fund funding,官方词表未提供读音,官方《全国大学英语四、六级考试大纲（2016年修订版）》词表词目；官方未提供释义,官方词表只列词形，不列例句,1,全国大学英语四、六级考试大纲（2016年修订版）,https://cet.neea.edu.cn/res/Home/1704/55b02330ac17274664f06d9d3db8249d.pdf,70
fundamental,官方词表未提供读音,官方《全国大学英语四、六级考试大纲（2016年修订版）》词表词目；官方未提供释义,官方词表只列词形，不列例句,1,全国大学英语四、六级考试大纲（2016年修订版）,https://cet.neea.edu.cn/res/Home/1704/55b02330ac17274664f06d9d3db8249d.pdf,70
funeral,官方词表未提供读音,官方《全国大学英语四、六级考试大纲（2016年修订版）》词表词目；官方未提供释义,官方词表只列词形，不列例句,1,全国大学英语四、六级考试大纲（2016年修订版）,https://cet.neea.edu.cn/res/Home/1704/55b02330ac17274664f06d9d3db8249d.pdf,70
fur,官方词表未提供读音,官方《全国大学英语四、六级考试大纲（2016年修订版）》词表词目；官方未提供释义,官方词表只列词形，不列例句,1,全国大学英语四、六级考试大纲（2016年修订版）,https://cet.neea.edu.cn/res/Home/1704/55b02330ac17274664f06d9d3db8249d.pdf,71
furnace,官方词表未提供读音,官方《全国大学英语四、六级考试大纲（2016年修订版）》词表词目；官方未提供释义,官方词表只列词形，不列例句,1,全国大学英语四、六级考试大纲（2016年修订版）,https://cet.neea.edu.cn/res/Home/1704/55b02330ac17274664f06d9d3db8249d.pdf,71
furnish,官方词表未提供读音,官方《全国大学英语四、六级考试大纲（2016年修订版）》词表词目；官方未提供释义,官方词表只列词形，不列例句,1,全国大学英语四、六级考试大纲（2016年修订版）,https://cet.neea.edu.cn/res/Home/1704/55b02330ac17274664f06d9d3db8249d.pdf,71
furniture,官方词表未提供读音,官方《全国大学英语四、六级考试大纲（2016年修订版）》词表词目；官方未提供释义,官方词表只列词形，不列例句,1,全国大学英语四、六级考试大纲（2016年修订版）,https://cet.neea.edu.cn/res/Home/1704/55b02330ac17274664f06d9d3db8249d.pdf,71
further,官方词表未提供读音,官方《全国大学英语四、六级考试大纲（2016年修订版）》词表词目；官方未提供释义,官方词表只列词形，不列例句,1,全国大学英语四、六级考试大纲（2016年修订版）,https://cet.neea.edu.cn/res/Home/1704/55b02330ac17274664f06d9d3db8249d.pdf,71
furthermore,官方词表未提供读音,官方《全国大学英语四、六级考试大纲（2016年修订版）》词表词目；官方未提供释义,官方词表只列词形，不列例句,1,全国大学英语四、六级考试大纲（2016年修订版）,https://cet.neea.edu.cn/res/Home/1704/55b02330ac17274664f06d9d3db8249d.pdf,71
fuss,官方词表未提供读音,官方《全国大学英语四、六级考试大纲（2016年修订版）》词表词目；官方未提供释义,官方词表只列词形，不列例句,1,全国大学英语四、六级考试大纲（2016年修订版）,https://cet.neea.edu.cn/res/Home/1704/55b02330ac17274664f06d9d3db8249d.pdf,71
future,官方词表未提供读音,官方《全国大学英语四、六级考试大纲（2016年修订版）》词表词目；官方未提供释义,官方词表只列词形，不列例句,1,全国大学英语四、六级考试大纲（2016年修订版）,https://cet.neea.edu.cn/res/Home/1704/55b02330ac17274664f06d9d3db8249d.pdf,71
gadget gadgetry,官方词表未提供读音,官方《全国大学英语四、六级考试大纲（2016年修订版）》词表词目；官方未提供释义,官方词表只列词形，不列例句,1,全国大学英语四、六级考试大纲（2016年修订版）,https://cet.neea.edu.cn/res/Home/1704/55b02330ac17274664f06d9d3db8249d.pdf,71
gain,官方词表未提供读音,官方《全国大学英语四、六级考试大纲（2016年修订版）》词表词目；官方未提供释义,官方词表只列词形，不列例句,1,全国大学英语四、六级考试大纲（2016年修订版）,https://cet.neea.edu.cn/res/Home/1704/55b02330ac17274664f06d9d3db8249d.pdf,71
gallery,官方词表未提供读音,官方《全国大学英语四、六级考试大纲（2016年修订版）》词表词目；官方未提供释义,官方词表只列词形，不列例句,1,全国大学英语四、六级考试大纲（2016年修订版）,https://cet.neea.edu.cn/res/Home/1704/55b02330ac17274664f06d9d3db8249d.pdf,71
gallon,官方词表未提供读音,官方《全国大学英语四、六级考试大纲（2016年修订版）》词表词目；官方未提供释义,官方词表只列词形，不列例句,1,全国大学英语四、六级考试大纲（2016年修订版）,https://cet.neea.edu.cn/res/Home/1704/55b02330ac17274664f06d9d3db8249d.pdf,71
gamble,官方词表未提供读音,官方《全国大学英语四、六级考试大纲（2016年修订版）》词表词目；官方未提供释义,官方词表只列词形，不列例句,1,全国大学英语四、六级考试大纲（2016年修订版）,https://cet.neea.edu.cn/res/Home/1704/55b02330ac17274664f06d9d3db8249d.pdf,71
game,官方词表未提供读音,官方《全国大学英语四、六级考试大纲（2016年修订版）》词表词目；官方未提供释义,官方词表只列词形，不列例句,1,全国大学英语四、六级考试大纲（2016年修订版）,https://cet.neea.edu.cn/res/Home/1704/55b02330ac17274664f06d9d3db8249d.pdf,71
gang gangster,官方词表未提供读音,官方《全国大学英语四、六级考试大纲（2016年修订版）》词表词目；官方未提供释义,官方词表只列词形，不列例句,1,全国大学英语四、六级考试大纲（2016年修订版）,https://cet.neea.edu.cn/res/Home/1704/55b02330ac17274664f06d9d3db8249d.pdf,71
gaol,官方词表未提供读音,官方《全国大学英语四、六级考试大纲（2016年修订版）》词表词目；官方未提供释义,官方词表只列词形，不列例句,1,全国大学英语四、六级考试大纲（2016年修订版）,https://cet.neea.edu.cn/res/Home/1704/55b02330ac17274664f06d9d3db8249d.pdf,71
gap,官方词表未提供读音,官方《全国大学英语四、六级考试大纲（2016年修订版）》词表词目；官方未提供释义,官方词表只列词形，不列例句,1,全国大学英语四、六级考试大纲（2016年修订版）,https://cet.neea.edu.cn/res/Home/1704/55b02330ac17274664f06d9d3db8249d.pdf,71
garage,官方词表未提供读音,官方《全国大学英语四、六级考试大纲（2016年修订版）》词表词目；官方未提供释义,官方词表只列词形，不列例句,1,全国大学英语四、六级考试大纲（2016年修订版）,https://cet.neea.edu.cn/res/Home/1704/55b02330ac17274664f06d9d3db8249d.pdf,71
garbage,官方词表未提供读音,官方《全国大学英语四、六级考试大纲（2016年修订版）》词表词目；官方未提供释义,官方词表只列词形，不列例句,1,全国大学英语四、六级考试大纲（2016年修订版）,https://cet.neea.edu.cn/res/Home/1704/55b02330ac17274664f06d9d3db8249d.pdf,71
garden gardener gardening,官方词表未提供读音,官方《全国大学英语四、六级考试大纲（2016年修订版）》词表词目；官方未提供释义,官方词表只列词形，不列例句,1,全国大学英语四、六级考试大纲（2016年修订版）,https://cet.neea.edu.cn/res/Home/1704/55b02330ac17274664f06d9d3db8249d.pdf,71
garment,官方词表未提供读音,官方《全国大学英语四、六级考试大纲（2016年修订版）》词表词目；官方未提供释义,官方词表只列词形，不列例句,1,全国大学英语四、六级考试大纲（2016年修订版）,https://cet.neea.edu.cn/res/Home/1704/55b02330ac17274664f06d9d3db8249d.pdf,71
gas,官方词表未提供读音,官方《全国大学英语四、六级考试大纲（2016年修订版）》词表词目；官方未提供释义,官方词表只列词形，不列例句,1,全国大学英语四、六级考试大纲（2016年修订版）,https://cet.neea.edu.cn/res/Home/1704/55b02330ac17274664f06d9d3db8249d.pdf,71
gasoline/petrol,官方词表未提供读音,官方《全国大学英语四、六级考试大纲（2016年修订版）》词表词目；官方未提供释义,官方词表只列词形，不列例句,1,全国大学英语四、六级考试大纲（2016年修订版）,https://cet.neea.edu.cn/res/Home/1704/55b02330ac17274664f06d9d3db8249d.pdf,71
gate,官方词表未提供读音,官方《全国大学英语四、六级考试大纲（2016年修订版）》词表词目；官方未提供释义,官方词表只列词形，不列例句,1,全国大学英语四、六级考试大纲（2016年修订版）,https://cet.neea.edu.cn/res/Home/1704/55b02330ac17274664f06d9d3db8249d.pdf,71
gather gathering,官方词表未提供读音,官方《全国大学英语四、六级考试大纲（2016年修订版）》词表词目；官方未提供释义,官方词表只列词形，不列例句,1,全国大学英语四、六级考试大纲（2016年修订版）,https://cet.neea.edu.cn/res/Home/1704/55b02330ac17274664f06d9d3db8249d.pdf,71
gay,官方词表未提供读音,官方《全国大学英语四、六级考试大纲（2016年修订版）》词表词目；官方未提供释义,官方词表只列词形，不列例句,1,全国大学英语四、六级考试大纲（2016年修订版）,https://cet.neea.edu.cn/res/Home/1704/55b02330ac17274664f06d9d3db8249d.pdf,71
gaze,官方词表未提供读音,官方《全国大学英语四、六级考试大纲（2016年修订版）》词表词目；官方未提供释义,官方词表只列词形，不列例句,1,全国大学英语四、六级考试大纲（2016年修订版）,https://cet.neea.edu.cn/res/Home/1704/55b02330ac17274664f06d9d3db8249d.pdf,71
gear,官方词表未提供读音,官方《全国大学英语四、六级考试大纲（2016年修订版）》词表词目；官方未提供释义,官方词表只列词形，不列例句,1,全国大学英语四、六级考试大纲（2016年修订版）,https://cet.neea.edu.cn/res/Home/1704/55b02330ac17274664f06d9d3db8249d.pdf,71
gender,官方词表未提供读音,官方《全国大学英语四、六级考试大纲（2016年修订版）》词表词目；官方未提供释义,官方词表只列词形，不列例句,1,全国大学英语四、六级考试大纲（2016年修订版）,https://cet.neea.edu.cn/res/Home/1704/55b02330ac17274664f06d9d3db8249d.pdf,71
gene genetic genetically,官方词表未提供读音,官方《全国大学英语四、六级考试大纲（2016年修订版）》词表词目；官方未提供释义,官方词表只列词形，不列例句,1,全国大学英语四、六级考试大纲（2016年修订版）,https://cet.neea.edu.cn/res/Home/1704/55b02330ac17274664f06d9d3db8249d.pdf,71
general generally generalize/-ise,官方词表未提供读音,官方《全国大学英语四、六级考试大纲（2016年修订版）》词表词目；官方未提供释义,官方词表只列词形，不列例句,1,全国大学英语四、六级考试大纲（2016年修订版）,https://cet.neea.edu.cn/res/Home/1704/55b02330ac17274664f06d9d3db8249d.pdf,71
generate generator,官方词表未提供读音,官方《全国大学英语四、六级考试大纲（2016年修订版）》词表词目；官方未提供释义,官方词表只列词形，不列例句,1,全国大学英语四、六级考试大纲（2016年修订版）,https://cet.neea.edu.cn/res/Home/1704/55b02330ac17274664f06d9d3db8249d.pdf,71
generation,官方词表未提供读音,官方《全国大学英语四、六级考试大纲（2016年修订版）》词表词目；官方未提供释义,官方词表只列词形，不列例句,1,全国大学英语四、六级考试大纲（2016年修订版）,https://cet.neea.edu.cn/res/Home/1704/55b02330ac17274664f06d9d3db8249d.pdf,71
generous generosity,官方词表未提供读音,官方《全国大学英语四、六级考试大纲（2016年修订版）》词表词目；官方未提供释义,官方词表只列词形，不列例句,1,全国大学英语四、六级考试大纲（2016年修订版）,https://cet.neea.edu.cn/res/Home/1704/55b02330ac17274664f06d9d3db8249d.pdf,71
genius,官方词表未提供读音,官方《全国大学英语四、六级考试大纲（2016年修订版）》词表词目；官方未提供释义,官方词表只列词形，不列例句,1,全国大学英语四、六级考试大纲（2016年修订版）,https://cet.neea.edu.cn/res/Home/1704/55b02330ac17274664f06d9d3db8249d.pdf,72
gentle,官方词表未提供读音,官方《全国大学英语四、六级考试大纲（2016年修订版）》词表词目；官方未提供释义,官方词表只列词形，不列例句,1,全国大学英语四、六级考试大纲（2016年修订版）,https://cet.neea.edu.cn/res/Home/1704/55b02330ac17274664f06d9d3db8249d.pdf,72
gentleman,官方词表未提供读音,官方《全国大学英语四、六级考试大纲（2016年修订版）》词表词目；官方未提供释义,官方词表只列词形，不列例句,1,全国大学英语四、六级考试大纲（2016年修订版）,https://cet.neea.edu.cn/res/Home/1704/55b02330ac17274664f06d9d3db8249d.pdf,72
genuine,官方词表未提供读音,官方《全国大学英语四、六级考试大纲（2016年修订版）》词表词目；官方未提供释义,官方词表只列词形，不列例句,1,全国大学英语四、六级考试大纲（2016年修订版）,https://cet.neea.edu.cn/res/Home/1704/55b02330ac17274664f06d9d3db8249d.pdf,72
geography geographic geographically,官方词表未提供读音,官方《全国大学英语四、六级考试大纲（2016年修订版）》词表词目；官方未提供释义,官方词表只列词形，不列例句,1,全国大学英语四、六级考试大纲（2016年修订版）,https://cet.neea.edu.cn/res/Home/1704/55b02330ac17274664f06d9d3db8249d.pdf,72
geology geological geologically,官方词表未提供读音,官方《全国大学英语四、六级考试大纲（2016年修订版）》词表词目；官方未提供释义,官方词表只列词形，不列例句,1,全国大学英语四、六级考试大纲（2016年修订版）,https://cet.neea.edu.cn/res/Home/1704/55b02330ac17274664f06d9d3db8249d.pdf,72
geometry geometric geometrically,官方词表未提供读音,官方《全国大学英语四、六级考试大纲（2016年修订版）》词表词目；官方未提供释义,官方词表只列词形，不列例句,1,全国大学英语四、六级考试大纲（2016年修订版）,https://cet.neea.edu.cn/res/Home/1704/55b02330ac17274664f06d9d3db8249d.pdf,72
germ,官方词表未提供读音,官方《全国大学英语四、六级考试大纲（2016年修订版）》词表词目；官方未提供释义,官方词表只列词形，不列例句,1,全国大学英语四、六级考试大纲（2016年修订版）,https://cet.neea.edu.cn/res/Home/1704/55b02330ac17274664f06d9d3db8249d.pdf,72
gesture,官方词表未提供读音,官方《全国大学英语四、六级考试大纲（2016年修订版）》词表词目；官方未提供释义,官方词表只列词形，不列例句,1,全国大学英语四、六级考试大纲（2016年修订版）,https://cet.neea.edu.cn/res/Home/1704/55b02330ac17274664f06d9d3db8249d.pdf,72
get,官方词表未提供读音,官方《全国大学英语四、六级考试大纲（2016年修订版）》词表词目；官方未提供释义,官方词表只列词形，不列例句,1,全国大学英语四、六级考试大纲（2016年修订版）,https://cet.neea.edu.cn/res/Home/1704/55b02330ac17274664f06d9d3db8249d.pdf,72
ghost,官方词表未提供读音,官方《全国大学英语四、六级考试大纲（2016年修订版）》词表词目；官方未提供释义,官方词表只列词形，不列例句,1,全国大学英语四、六级考试大纲（2016年修订版）,https://cet.neea.edu.cn/res/Home/1704/55b02330ac17274664f06d9d3db8249d.pdf,72
giant gigantic,官方词表未提供读音,官方《全国大学英语四、六级考试大纲（2016年修订版）》词表词目；官方未提供释义,官方词表只列词形，不列例句,1,全国大学英语四、六级考试大纲（2016年修订版）,https://cet.neea.edu.cn/res/Home/1704/55b02330ac17274664f06d9d3db8249d.pdf,72
gift gifted,官方词表未提供读音,官方《全国大学英语四、六级考试大纲（2016年修订版）》词表词目；官方未提供释义,官方词表只列词形，不列例句,1,全国大学英语四、六级考试大纲（2016年修订版）,https://cet.neea.edu.cn/res/Home/1704/55b02330ac17274664f06d9d3db8249d.pdf,72
girl,官方词表未提供读音,官方《全国大学英语四、六级考试大纲（2016年修订版）》词表词目；官方未提供释义,官方词表只列词形，不列例句,1,全国大学英语四、六级考试大纲（2016年修订版）,https://cet.neea.edu.cn/res/Home/1704/55b02330ac17274664f06d9d3db8249d.pdf,72
give,官方词表未提供读音,官方《全国大学英语四、六级考试大纲（2016年修订版）》词表词目；官方未提供释义,官方词表只列词形，不列例句,1,全国大学英语四、六级考试大纲（2016年修订版）,https://cet.neea.edu.cn/res/Home/1704/55b02330ac17274664f06d9d3db8249d.pdf,72
given,官方词表未提供读音,官方《全国大学英语四、六级考试大纲（2016年修订版）》词表词目；官方未提供释义,官方词表只列词形，不列例句,1,全国大学英语四、六级考试大纲（2016年修订版）,https://cet.neea.edu.cn/res/Home/1704/55b02330ac17274664f06d9d3db8249d.pdf,72
glad,官方词表未提供读音,官方《全国大学英语四、六级考试大纲（2016年修订版）》词表词目；官方未提供释义,官方词表只列词形，不列例句,1,全国大学英语四、六级考试大纲（2016年修订版）,https://cet.neea.edu.cn/res/Home/1704/55b02330ac17274664f06d9d3db8249d.pdf,72
glance,官方词表未提供读音,官方《全国大学英语四、六级考试大纲（2016年修订版）》词表词目；官方未提供释义,官方词表只列词形，不列例句,1,全国大学英语四、六级考试大纲（2016年修订版）,https://cet.neea.edu.cn/res/Home/1704/55b02330ac17274664f06d9d3db8249d.pdf,72
glass,官方词表未提供读音,官方《全国大学英语四、六级考试大纲（2016年修订版）》词表词目；官方未提供释义,官方词表只列词形，不列例句,1,全国大学英语四、六级考试大纲（2016年修订版）,https://cet.neea.edu.cn/res/Home/1704/55b02330ac17274664f06d9d3db8249d.pdf,72
glimpse,官方词表未提供读音,官方《全国大学英语四、六级考试大纲（2016年修订版）》词表词目；官方未提供释义,官方词表只列词形，不列例句,1,全国大学英语四、六级考试大纲（2016年修订版）,https://cet.neea.edu.cn/res/Home/1704/55b02330ac17274664f06d9d3db8249d.pdf,72
globe global globalize/-ise,官方词表未提供读音,官方《全国大学英语四、六级考试大纲（2016年修订版）》词表词目；官方未提供释义,官方词表只列词形，不列例句,1,全国大学英语四、六级考试大纲（2016年修订版）,https://cet.neea.edu.cn/res/Home/1704/55b02330ac17274664f06d9d3db8249d.pdf,72
gloom gloomy,官方词表未提供读音,官方《全国大学英语四、六级考试大纲（2016年修订版）》词表词目；官方未提供释义,官方词表只列词形，不列例句,1,全国大学英语四、六级考试大纲（2016年修订版）,https://cet.neea.edu.cn/res/Home/1704/55b02330ac17274664f06d9d3db8249d.pdf,72
glory glorious,官方词表未提供读音,官方《全国大学英语四、六级考试大纲（2016年修订版）》词表词目；官方未提供释义,官方词表只列词形，不列例句,1,全国大学英语四、六级考试大纲（2016年修订版）,https://cet.neea.edu.cn/res/Home/1704/55b02330ac17274664f06d9d3db8249d.pdf,72
glove,官方词表未提供读音,官方《全国大学英语四、六级考试大纲（2016年修订版）》词表词目；官方未提供释义,官方词表只列词形，不列例句,1,全国大学英语四、六级考试大纲（2016年修订版）,https://cet.neea.edu.cn/res/Home/1704/55b02330ac17274664f06d9d3db8249d.pdf,72
glow,官方词表未提供读音,官方《全国大学英语四、六级考试大纲（2016年修订版）》词表词目；官方未提供释义,官方词表只列词形，不列例句,1,全国大学英语四、六级考试大纲（2016年修订版）,https://cet.neea.edu.cn/res/Home/1704/55b02330ac17274664f06d9d3db8249d.pdf,72
glue,官方词表未提供读音,官方《全国大学英语四、六级考试大纲（2016年修订版）》词表词目；官方未提供释义,官方词表只列词形，不列例句,1,全国大学英语四、六级考试大纲（2016年修订版）,https://cet.neea.edu.cn/res/Home/1704/55b02330ac17274664f06d9d3db8249d.pdf,72
go,官方词表未提供读音,官方《全国大学英语四、六级考试大纲（2016年修订版）》词表词目；官方未提供释义,官方词表只列词形，不列例句,1,全国大学英语四、六级考试大纲（2016年修订版）,https://cet.neea.edu.cn/res/Home/1704/55b02330ac17274664f06d9d3db8249d.pdf,72
goal,官方词表未提供读音,官方《全国大学英语四、六级考试大纲（2016年修订版）》词表词目；官方未提供释义,官方词表只列词形，不列例句,1,全国大学英语四、六级考试大纲（2016年修订版）,https://cet.neea.edu.cn/res/Home/1704/55b02330ac17274664f06d9d3db8249d.pdf,72
goat,官方词表未提供读音,官方《全国大学英语四、六级考试大纲（2016年修订版）》词表词目；官方未提供释义,官方词表只列词形，不列例句,1,全国大学英语四、六级考试大纲（2016年修订版）,https://cet.neea.edu.cn/res/Home/1704/55b02330ac17274664f06d9d3db8249d.pdf,72
god,官方词表未提供读音,官方《全国大学英语四、六级考试大纲（2016年修订版）》词表词目；官方未提供释义,官方词表只列词形，不列例句,1,全国大学英语四、六级考试大纲（2016年修订版）,https://cet.neea.edu.cn/res/Home/1704/55b02330ac17274664f06d9d3db8249d.pdf,72
gold golden,官方词表未提供读音,官方《全国大学英语四、六级考试大纲（2016年修订版）》词表词目；官方未提供释义,官方词表只列词形，不列例句,1,全国大学英语四、六级考试大纲（2016年修订版）,https://cet.neea.edu.cn/res/Home/1704/55b02330ac17274664f06d9d3db8249d.pdf,72
golf,官方词表未提供读音,官方《全国大学英语四、六级考试大纲（2016年修订版）》词表词目；官方未提供释义,官方词表只列词形，不列例句,1,全国大学英语四、六级考试大纲（2016年修订版）,https://cet.neea.edu.cn/res/Home/1704/55b02330ac17274664f06d9d3db8249d.pdf,72
good,官方词表未提供读音,官方《全国大学英语四、六级考试大纲（2016年修订版）》词表词目；官方未提供释义,官方词表只列词形，不列例句,1,全国大学英语四、六级考试大纲（2016年修订版）,https://cet.neea.edu.cn/res/Home/1704/55b02330ac17274664f06d9d3db8249d.pdf,73
goodbye,官方词表未提供读音,官方《全国大学英语四、六级考试大纲（2016年修订版）》词表词目；官方未提供释义,官方词表只列词形，不列例句,1,全国大学英语四、六级考试大纲（2016年修订版）,https://cet.neea.edu.cn/res/Home/1704/55b02330ac17274664f06d9d3db8249d.pdf,73
goodness,官方词表未提供读音,官方《全国大学英语四、六级考试大纲（2016年修订版）》词表词目；官方未提供释义,官方词表只列词形，不列例句,1,全国大学英语四、六级考试大纲（2016年修订版）,https://cet.neea.edu.cn/res/Home/1704/55b02330ac17274664f06d9d3db8249d.pdf,73
goods,官方词表未提供读音,官方《全国大学英语四、六级考试大纲（2016年修订版）》词表词目；官方未提供释义,官方词表只列词形，不列例句,1,全国大学英语四、六级考试大纲（2016年修订版）,https://cet.neea.edu.cn/res/Home/1704/55b02330ac17274664f06d9d3db8249d.pdf,73
goose,官方词表未提供读音,官方《全国大学英语四、六级考试大纲（2016年修订版）》词表词目；官方未提供释义,官方词表只列词形，不列例句,1,全国大学英语四、六级考试大纲（2016年修订版）,https://cet.neea.edu.cn/res/Home/1704/55b02330ac17274664f06d9d3db8249d.pdf,73
gorgeous,官方词表未提供读音,官方《全国大学英语四、六级考试大纲（2016年修订版）》词表词目；官方未提供释义,官方词表只列词形，不列例句,1,全国大学英语四、六级考试大纲（2016年修订版）,https://cet.neea.edu.cn/res/Home/1704/55b02330ac17274664f06d9d3db8249d.pdf,73
gossip,官方词表未提供读音,官方《全国大学英语四、六级考试大纲（2016年修订版）》词表词目；官方未提供释义,官方词表只列词形，不列例句,1,全国大学英语四、六级考试大纲（2016年修订版）,https://cet.neea.edu.cn/res/Home/1704/55b02330ac17274664f06d9d3db8249d.pdf,73
govern government governor,官方词表未提供读音,官方《全国大学英语四、六级考试大纲（2016年修订版）》词表词目；官方未提供释义,官方词表只列词形，不列例句,1,全国大学英语四、六级考试大纲（2016年修订版）,https://cet.neea.edu.cn/res/Home/1704/55b02330ac17274664f06d9d3db8249d.pdf,73
gown,官方词表未提供读音,官方《全国大学英语四、六级考试大纲（2016年修订版）》词表词目；官方未提供释义,官方词表只列词形，不列例句,1,全国大学英语四、六级考试大纲（2016年修订版）,https://cet.neea.edu.cn/res/Home/1704/55b02330ac17274664f06d9d3db8249d.pdf,73
grab,官方词表未提供读音,官方《全国大学英语四、六级考试大纲（2016年修订版）》词表词目；官方未提供释义,官方词表只列词形，不列例句,1,全国大学英语四、六级考试大纲（2016年修订版）,https://cet.neea.edu.cn/res/Home/1704/55b02330ac17274664f06d9d3db8249d.pdf,73
grace graceful gracious,官方词表未提供读音,官方《全国大学英语四、六级考试大纲（2016年修订版）》词表词目；官方未提供释义,官方词表只列词形，不列例句,1,全国大学英语四、六级考试大纲（2016年修订版）,https://cet.neea.edu.cn/res/Home/1704/55b02330ac17274664f06d9d3db8249d.pdf,73
grade,官方词表未提供读音,官方《全国大学英语四、六级考试大纲（2016年修订版）》词表词目；官方未提供释义,官方词表只列词形，不列例句,1,全国大学英语四、六级考试大纲（2016年修订版）,https://cet.neea.edu.cn/res/Home/1704/55b02330ac17274664f06d9d3db8249d.pdf,73
gradual gradually,官方词表未提供读音,官方《全国大学英语四、六级考试大纲（2016年修订版）》词表词目；官方未提供释义,官方词表只列词形，不列例句,1,全国大学英语四、六级考试大纲（2016年修订版）,https://cet.neea.edu.cn/res/Home/1704/55b02330ac17274664f06d9d3db8249d.pdf,73
graduate graduation,官方词表未提供读音,官方《全国大学英语四、六级考试大纲（2016年修订版）》词表词目；官方未提供释义,官方词表只列词形，不列例句,1,全国大学英语四、六级考试大纲（2016年修订版）,https://cet.neea.edu.cn/res/Home/1704/55b02330ac17274664f06d9d3db8249d.pdf,73
grain,官方词表未提供读音,官方《全国大学英语四、六级考试大纲（2016年修订版）》词表词目；官方未提供释义,官方词表只列词形，不列例句,1,全国大学英语四、六级考试大纲（2016年修订版）,https://cet.neea.edu.cn/res/Home/1704/55b02330ac17274664f06d9d3db8249d.pdf,73
gram(me),官方词表未提供读音,官方《全国大学英语四、六级考试大纲（2016年修订版）》词表词目；官方未提供释义,官方词表只列词形，不列例句,1,全国大学英语四、六级考试大纲（2016年修订版）,https://cet.neea.edu.cn/res/Home/1704/55b02330ac17274664f06d9d3db8249d.pdf,73
grammar grammatical,官方词表未提供读音,官方《全国大学英语四、六级考试大纲（2016年修订版）》词表词目；官方未提供释义,官方词表只列词形，不列例句,1,全国大学英语四、六级考试大纲（2016年修订版）,https://cet.neea.edu.cn/res/Home/1704/55b02330ac17274664f06d9d3db8249d.pdf,73
grand,官方词表未提供读音,官方《全国大学英语四、六级考试大纲（2016年修订版）》词表词目；官方未提供释义,官方词表只列词形，不列例句,1,全国大学英语四、六级考试大纲（2016年修订版）,https://cet.neea.edu.cn/res/Home/1704/55b02330ac17274664f06d9d3db8249d.pdf,73
grandchild grandchildren grandson granddaughter,官方词表未提供读音,官方《全国大学英语四、六级考试大纲（2016年修订版）》词表词目；官方未提供释义,官方词表只列词形，不列例句,1,全国大学英语四、六级考试大纲（2016年修订版）,https://cet.neea.edu.cn/res/Home/1704/55b02330ac17274664f06d9d3db8249d.pdf,73
grandparent grandfather grandmother,官方词表未提供读音,官方《全国大学英语四、六级考试大纲（2016年修订版）》词表词目；官方未提供释义,官方词表只列词形，不列例句,1,全国大学英语四、六级考试大纲（2016年修订版）,https://cet.neea.edu.cn/res/Home/1704/55b02330ac17274664f06d9d3db8249d.pdf,73
grant granted,官方词表未提供读音,官方《全国大学英语四、六级考试大纲（2016年修订版）》词表词目；官方未提供释义,官方词表只列词形，不列例句,1,全国大学英语四、六级考试大纲（2016年修订版）,https://cet.neea.edu.cn/res/Home/1704/55b02330ac17274664f06d9d3db8249d.pdf,73
grape,官方词表未提供读音,官方《全国大学英语四、六级考试大纲（2016年修订版）》词表词目；官方未提供释义,官方词表只列词形，不列例句,1,全国大学英语四、六级考试大纲（2016年修订版）,https://cet.neea.edu.cn/res/Home/1704/55b02330ac17274664f06d9d3db8249d.pdf,73
graph graphic graphically,官方词表未提供读音,官方《全国大学英语四、六级考试大纲（2016年修订版）》词表词目；官方未提供释义,官方词表只列词形，不列例句,1,全国大学英语四、六级考试大纲（2016年修订版）,https://cet.neea.edu.cn/res/Home/1704/55b02330ac17274664f06d9d3db8249d.pdf,73
grasp,官方词表未提供读音,官方《全国大学英语四、六级考试大纲（2016年修订版）》词表词目；官方未提供释义,官方词表只列词形，不列例句,1,全国大学英语四、六级考试大纲（2016年修订版）,https://cet.neea.edu.cn/res/Home/1704/55b02330ac17274664f06d9d3db8249d.pdf,73
grass grassy,官方词表未提供读音,官方《全国大学英语四、六级考试大纲（2016年修订版）》词表词目；官方未提供释义,官方词表只列词形，不列例句,1,全国大学英语四、六级考试大纲（2016年修订版）,https://cet.neea.edu.cn/res/Home/1704/55b02330ac17274664f06d9d3db8249d.pdf,73
grateful,官方词表未提供读音,官方《全国大学英语四、六级考试大纲（2016年修订版）》词表词目；官方未提供释义,官方词表只列词形，不列例句,1,全国大学英语四、六级考试大纲（2016年修订版）,https://cet.neea.edu.cn/res/Home/1704/55b02330ac17274664f06d9d3db8249d.pdf,73
gratitude,官方词表未提供读音,官方《全国大学英语四、六级考试大纲（2016年修订版）》词表词目；官方未提供释义,官方词表只列词形，不列例句,1,全国大学英语四、六级考试大纲（2016年修订版）,https://cet.neea.edu.cn/res/Home/1704/55b02330ac17274664f06d9d3db8249d.pdf,73
grave,官方词表未提供读音,官方《全国大学英语四、六级考试大纲（2016年修订版）》词表词目；官方未提供释义,官方词表只列词形，不列例句,1,全国大学英语四、六级考试大纲（2016年修订版）,https://cet.neea.edu.cn/res/Home/1704/55b02330ac17274664f06d9d3db8249d.pdf,73
gravitation,官方词表未提供读音,官方《全国大学英语四、六级考试大纲（2016年修订版）》词表词目；官方未提供释义,官方词表只列词形，不列例句,1,全国大学英语四、六级考试大纲（2016年修订版）,https://cet.neea.edu.cn/res/Home/1704/55b02330ac17274664f06d9d3db8249d.pdf,73
gravity,官方词表未提供读音,官方《全国大学英语四、六级考试大纲（2016年修订版）》词表词目；官方未提供释义,官方词表只列词形，不列例句,1,全国大学英语四、六级考试大纲（2016年修订版）,https://cet.neea.edu.cn/res/Home/1704/55b02330ac17274664f06d9d3db8249d.pdf,73
gray/grey,官方词表未提供读音,官方《全国大学英语四、六级考试大纲（2016年修订版）》词表词目；官方未提供释义,官方词表只列词形，不列例句,1,全国大学英语四、六级考试大纲（2016年修订版）,https://cet.neea.edu.cn/res/Home/1704/55b02330ac17274664f06d9d3db8249d.pdf,73
great,官方词表未提供读音,官方《全国大学英语四、六级考试大纲（2016年修订版）》词表词目；官方未提供释义,官方词表只列词形，不列例句,1,全国大学英语四、六级考试大纲（2016年修订版）,https://cet.neea.edu.cn/res/Home/1704/55b02330ac17274664f06d9d3db8249d.pdf,73
green,官方词表未提供读音,官方《全国大学英语四、六级考试大纲（2016年修订版）》词表词目；官方未提供释义,官方词表只列词形，不列例句,1,全国大学英语四、六级考试大纲（2016年修订版）,https://cet.neea.edu.cn/res/Home/1704/55b02330ac17274664f06d9d3db8249d.pdf,73
greenhouse,官方词表未提供读音,官方《全国大学英语四、六级考试大纲（2016年修订版）》词表词目；官方未提供释义,官方词表只列词形，不列例句,1,全国大学英语四、六级考试大纲（2016年修订版）,https://cet.neea.edu.cn/res/Home/1704/55b02330ac17274664f06d9d3db8249d.pdf,73
greet greeting,官方词表未提供读音,官方《全国大学英语四、六级考试大纲（2016年修订版）》词表词目；官方未提供释义,官方词表只列词形，不列例句,1,全国大学英语四、六级考试大纲（2016年修订版）,https://cet.neea.edu.cn/res/Home/1704/55b02330ac17274664f06d9d3db8249d.pdf,73
grief grieve grievous,官方词表未提供读音,官方《全国大学英语四、六级考试大纲（2016年修订版）》词表词目；官方未提供释义,官方词表只列词形，不列例句,1,全国大学英语四、六级考试大纲（2016年修订版）,https://cet.neea.edu.cn/res/Home/1704/55b02330ac17274664f06d9d3db8249d.pdf,73
grin,官方词表未提供读音,官方《全国大学英语四、六级考试大纲（2016年修订版）》词表词目；官方未提供释义,官方词表只列词形，不列例句,1,全国大学英语四、六级考试大纲（2016年修订版）,https://cet.neea.edu.cn/res/Home/1704/55b02330ac17274664f06d9d3db8249d.pdf,74
grind,官方词表未提供读音,官方《全国大学英语四、六级考试大纲（2016年修订版）》词表词目；官方未提供释义,官方词表只列词形，不列例句,1,全国大学英语四、六级考试大纲（2016年修订版）,https://cet.neea.edu.cn/res/Home/1704/55b02330ac17274664f06d9d3db8249d.pdf,74
grip,官方词表未提供读音,官方《全国大学英语四、六级考试大纲（2016年修订版）》词表词目；官方未提供释义,官方词表只列词形，不列例句,1,全国大学英语四、六级考试大纲（2016年修订版）,https://cet.neea.edu.cn/res/Home/1704/55b02330ac17274664f06d9d3db8249d.pdf,74
grocer grocery,官方词表未提供读音,官方《全国大学英语四、六级考试大纲（2016年修订版）》词表词目；官方未提供释义,官方词表只列词形，不列例句,1,全国大学英语四、六级考试大纲（2016年修订版）,https://cet.neea.edu.cn/res/Home/1704/55b02330ac17274664f06d9d3db8249d.pdf,74
gross,官方词表未提供读音,官方《全国大学英语四、六级考试大纲（2016年修订版）》词表词目；官方未提供释义,官方词表只列词形，不列例句,1,全国大学英语四、六级考试大纲（2016年修订版）,https://cet.neea.edu.cn/res/Home/1704/55b02330ac17274664f06d9d3db8249d.pdf,74
ground,官方词表未提供读音,官方《全国大学英语四、六级考试大纲（2016年修订版）》词表词目；官方未提供释义,官方词表只列词形，不列例句,1,全国大学英语四、六级考试大纲（2016年修订版）,https://cet.neea.edu.cn/res/Home/1704/55b02330ac17274664f06d9d3db8249d.pdf,74
group,官方词表未提供读音,官方《全国大学英语四、六级考试大纲（2016年修订版）》词表词目；官方未提供释义,官方词表只列词形，不列例句,1,全国大学英语四、六级考试大纲（2016年修订版）,https://cet.neea.edu.cn/res/Home/1704/55b02330ac17274664f06d9d3db8249d.pdf,74
grow growth,官方词表未提供读音,官方《全国大学英语四、六级考试大纲（2016年修订版）》词表词目；官方未提供释义,官方词表只列词形，不列例句,1,全国大学英语四、六级考试大纲（2016年修订版）,https://cet.neea.edu.cn/res/Home/1704/55b02330ac17274664f06d9d3db8249d.pdf,74
guarantee,官方词表未提供读音,官方《全国大学英语四、六级考试大纲（2016年修订版）》词表词目；官方未提供释义,官方词表只列词形，不列例句,1,全国大学英语四、六级考试大纲（2016年修订版）,https://cet.neea.edu.cn/res/Home/1704/55b02330ac17274664f06d9d3db8249d.pdf,74
guard guardian,官方词表未提供读音,官方《全国大学英语四、六级考试大纲（2016年修订版）》词表词目；官方未提供释义,官方词表只列词形，不列例句,1,全国大学英语四、六级考试大纲（2016年修订版）,https://cet.neea.edu.cn/res/Home/1704/55b02330ac17274664f06d9d3db8249d.pdf,74
guess,官方词表未提供读音,官方《全国大学英语四、六级考试大纲（2016年修订版）》词表词目；官方未提供释义,官方词表只列词形，不列例句,1,全国大学英语四、六级考试大纲（2016年修订版）,https://cet.neea.edu.cn/res/Home/1704/55b02330ac17274664f06d9d3db8249d.pdf,74
guest,官方词表未提供读音,官方《全国大学英语四、六级考试大纲（2016年修订版）》词表词目；官方未提供释义,官方词表只列词形，不列例句,1,全国大学英语四、六级考试大纲（2016年修订版）,https://cet.neea.edu.cn/res/Home/1704/55b02330ac17274664f06d9d3db8249d.pdf,74
guide guidance,官方词表未提供读音,官方《全国大学英语四、六级考试大纲（2016年修订版）》词表词目；官方未提供释义,官方词表只列词形，不列例句,1,全国大学英语四、六级考试大纲（2016年修订版）,https://cet.neea.edu.cn/res/Home/1704/55b02330ac17274664f06d9d3db8249d.pdf,74
guideline,官方词表未提供读音,官方《全国大学英语四、六级考试大纲（2016年修订版）》词表词目；官方未提供释义,官方词表只列词形，不列例句,1,全国大学英语四、六级考试大纲（2016年修订版）,https://cet.neea.edu.cn/res/Home/1704/55b02330ac17274664f06d9d3db8249d.pdf,74
guilt guilty,官方词表未提供读音,官方《全国大学英语四、六级考试大纲（2016年修订版）》词表词目；官方未提供释义,官方词表只列词形，不列例句,1,全国大学英语四、六级考试大纲（2016年修订版）,https://cet.neea.edu.cn/res/Home/1704/55b02330ac17274664f06d9d3db8249d.pdf,74
guitar guitarist,官方词表未提供读音,官方《全国大学英语四、六级考试大纲（2016年修订版）》词表词目；官方未提供释义,官方词表只列词形，不列例句,1,全国大学英语四、六级考试大纲（2016年修订版）,https://cet.neea.edu.cn/res/Home/1704/55b02330ac17274664f06d9d3db8249d.pdf,74
gulf,官方词表未提供读音,官方《全国大学英语四、六级考试大纲（2016年修订版）》词表词目；官方未提供释义,官方词表只列词形，不列例句,1,全国大学英语四、六级考试大纲（2016年修订版）,https://cet.neea.edu.cn/res/Home/1704/55b02330ac17274664f06d9d3db8249d.pdf,74
gum,官方词表未提供读音,官方《全国大学英语四、六级考试大纲（2016年修订版）》词表词目；官方未提供释义,官方词表只列词形，不列例句,1,全国大学英语四、六级考试大纲（2016年修订版）,https://cet.neea.edu.cn/res/Home/1704/55b02330ac17274664f06d9d3db8249d.pdf,74
gun,官方词表未提供读音,官方《全国大学英语四、六级考试大纲（2016年修订版）》词表词目；官方未提供释义,官方词表只列词形，不列例句,1,全国大学英语四、六级考试大纲（2016年修订版）,https://cet.neea.edu.cn/res/Home/1704/55b02330ac17274664f06d9d3db8249d.pdf,74
gut,官方词表未提供读音,官方《全国大学英语四、六级考试大纲（2016年修订版）》词表词目；官方未提供释义,官方词表只列词形，不列例句,1,全国大学英语四、六级考试大纲（2016年修订版）,https://cet.neea.edu.cn/res/Home/1704/55b02330ac17274664f06d9d3db8249d.pdf,74
guy,官方词表未提供读音,官方《全国大学英语四、六级考试大纲（2016年修订版）》词表词目；官方未提供释义,官方词表只列词形，不列例句,1,全国大学英语四、六级考试大纲（2016年修订版）,https://cet.neea.edu.cn/res/Home/1704/55b02330ac17274664f06d9d3db8249d.pdf,74
gym(nasium),官方词表未提供读音,官方《全国大学英语四、六级考试大纲（2016年修订版）》词表词目；官方未提供释义,官方词表只列词形，不列例句,1,全国大学英语四、六级考试大纲（2016年修订版）,https://cet.neea.edu.cn/res/Home/1704/55b02330ac17274664f06d9d3db8249d.pdf,74
habit habitual,官方词表未提供读音,官方《全国大学英语四、六级考试大纲（2016年修订版）》词表词目；官方未提供释义,官方词表只列词形，不列例句,1,全国大学英语四、六级考试大纲（2016年修订版）,https://cet.neea.edu.cn/res/Home/1704/55b02330ac17274664f06d9d3db8249d.pdf,74
habitat,官方词表未提供读音,官方《全国大学英语四、六级考试大纲（2016年修订版）》词表词目；官方未提供释义,官方词表只列词形，不列例句,1,全国大学英语四、六级考试大纲（2016年修订版）,https://cet.neea.edu.cn/res/Home/1704/55b02330ac17274664f06d9d3db8249d.pdf,74
hack,官方词表未提供读音,官方《全国大学英语四、六级考试大纲（2016年修订版）》词表词目；官方未提供释义,官方词表只列词形，不列例句,1,全国大学英语四、六级考试大纲（2016年修订版）,https://cet.neea.edu.cn/res/Home/1704/55b02330ac17274664f06d9d3db8249d.pdf,74
hacker,官方词表未提供读音,官方《全国大学英语四、六级考试大纲（2016年修订版）》词表词目；官方未提供释义,官方词表只列词形，不列例句,1,全国大学英语四、六级考试大纲（2016年修订版）,https://cet.neea.edu.cn/res/Home/1704/55b02330ac17274664f06d9d3db8249d.pdf,74
hail,官方词表未提供读音,官方《全国大学英语四、六级考试大纲（2016年修订版）》词表词目；官方未提供释义,官方词表只列词形，不列例句,1,全国大学英语四、六级考试大纲（2016年修订版）,https://cet.neea.edu.cn/res/Home/1704/55b02330ac17274664f06d9d3db8249d.pdf,74
hair hairy,官方词表未提供读音,官方《全国大学英语四、六级考试大纲（2016年修订版）》词表词目；官方未提供释义,官方词表只列词形，不列例句,1,全国大学英语四、六级考试大纲（2016年修订版）,https://cet.neea.edu.cn/res/Home/1704/55b02330ac17274664f06d9d3db8249d.pdf,74
half,官方词表未提供读音,官方《全国大学英语四、六级考试大纲（2016年修订版）》词表词目；官方未提供释义,官方词表只列词形，不列例句,1,全国大学英语四、六级考试大纲（2016年修订版）,https://cet.neea.edu.cn/res/Home/1704/55b02330ac17274664f06d9d3db8249d.pdf,74
halfway,官方词表未提供读音,官方《全国大学英语四、六级考试大纲（2016年修订版）》词表词目；官方未提供释义,官方词表只列词形，不列例句,1,全国大学英语四、六级考试大纲（2016年修订版）,https://cet.neea.edu.cn/res/Home/1704/55b02330ac17274664f06d9d3db8249d.pdf,74
hall,官方词表未提供读音,官方《全国大学英语四、六级考试大纲（2016年修订版）》词表词目；官方未提供释义,官方词表只列词形，不列例句,1,全国大学英语四、六级考试大纲（2016年修订版）,https://cet.neea.edu.cn/res/Home/1704/55b02330ac17274664f06d9d3db8249d.pdf,74
halt,官方词表未提供读音,官方《全国大学英语四、六级考试大纲（2016年修订版）》词表词目；官方未提供释义,官方词表只列词形，不列例句,1,全国大学英语四、六级考试大纲（2016年修订版）,https://cet.neea.edu.cn/res/Home/1704/55b02330ac17274664f06d9d3db8249d.pdf,74
ham,官方词表未提供读音,官方《全国大学英语四、六级考试大纲（2016年修订版）》词表词目；官方未提供释义,官方词表只列词形，不列例句,1,全国大学英语四、六级考试大纲（2016年修订版）,https://cet.neea.edu.cn/res/Home/1704/55b02330ac17274664f06d9d3db8249d.pdf,74
hamburger/burger,官方词表未提供读音,官方《全国大学英语四、六级考试大纲（2016年修订版）》词表词目；官方未提供释义,官方词表只列词形，不列例句,1,全国大学英语四、六级考试大纲（2016年修订版）,https://cet.neea.edu.cn/res/Home/1704/55b02330ac17274664f06d9d3db8249d.pdf,74
hammer,官方词表未提供读音,官方《全国大学英语四、六级考试大纲（2016年修订版）》词表词目；官方未提供释义,官方词表只列词形，不列例句,1,全国大学英语四、六级考试大纲（2016年修订版）,https://cet.neea.edu.cn/res/Home/1704/55b02330ac17274664f06d9d3db8249d.pdf,74
hand handful,官方词表未提供读音,官方《全国大学英语四、六级考试大纲（2016年修订版）》词表词目；官方未提供释义,官方词表只列词形，不列例句,1,全国大学英语四、六级考试大纲（2016年修订版）,https://cet.neea.edu.cn/res/Home/1704/55b02330ac17274664f06d9d3db8249d.pdf,75
handbook,官方词表未提供读音,官方《全国大学英语四、六级考试大纲（2016年修订版）》词表词目；官方未提供释义,官方词表只列词形，不列例句,1,全国大学英语四、六级考试大纲（2016年修订版）,https://cet.neea.edu.cn/res/Home/1704/55b02330ac17274664f06d9d3db8249d.pdf,75
handicap handicapped,官方词表未提供读音,官方《全国大学英语四、六级考试大纲（2016年修订版）》词表词目；官方未提供释义,官方词表只列词形，不列例句,1,全国大学英语四、六级考试大纲（2016年修订版）,https://cet.neea.edu.cn/res/Home/1704/55b02330ac17274664f06d9d3db8249d.pdf,75
handle,官方词表未提供读音,官方《全国大学英语四、六级考试大纲（2016年修订版）》词表词目；官方未提供释义,官方词表只列词形，不列例句,1,全国大学英语四、六级考试大纲（2016年修订版）,https://cet.neea.edu.cn/res/Home/1704/55b02330ac17274664f06d9d3db8249d.pdf,75
handsome,官方词表未提供读音,官方《全国大学英语四、六级考试大纲（2016年修订版）》词表词目；官方未提供释义,官方词表只列词形，不列例句,1,全国大学英语四、六级考试大纲（2016年修订版）,https://cet.neea.edu.cn/res/Home/1704/55b02330ac17274664f06d9d3db8249d.pdf,75
handwriting,官方词表未提供读音,官方《全国大学英语四、六级考试大纲（2016年修订版）》词表词目；官方未提供释义,官方词表只列词形，不列例句,1,全国大学英语四、六级考试大纲（2016年修订版）,https://cet.neea.edu.cn/res/Home/1704/55b02330ac17274664f06d9d3db8249d.pdf,75
handy,官方词表未提供读音,官方《全国大学英语四、六级考试大纲（2016年修订版）》词表词目；官方未提供释义,官方词表只列词形，不列例句,1,全国大学英语四、六级考试大纲（2016年修订版）,https://cet.neea.edu.cn/res/Home/1704/55b02330ac17274664f06d9d3db8249d.pdf,75
hang,官方词表未提供读音,官方《全国大学英语四、六级考试大纲（2016年修订版）》词表词目；官方未提供释义,官方词表只列词形，不列例句,1,全国大学英语四、六级考试大纲（2016年修订版）,https://cet.neea.edu.cn/res/Home/1704/55b02330ac17274664f06d9d3db8249d.pdf,75
happen,官方词表未提供读音,官方《全国大学英语四、六级考试大纲（2016年修订版）》词表词目；官方未提供释义,官方词表只列词形，不列例句,1,全国大学英语四、六级考试大纲（2016年修订版）,https://cet.neea.edu.cn/res/Home/1704/55b02330ac17274664f06d9d3db8249d.pdf,75
happy happiness happily,官方词表未提供读音,官方《全国大学英语四、六级考试大纲（2016年修订版）》词表词目；官方未提供释义,官方词表只列词形，不列例句,1,全国大学英语四、六级考试大纲（2016年修订版）,https://cet.neea.edu.cn/res/Home/1704/55b02330ac17274664f06d9d3db8249d.pdf,75
harbo(u)r,官方词表未提供读音,官方《全国大学英语四、六级考试大纲（2016年修订版）》词表词目；官方未提供释义,官方词表只列词形，不列例句,1,全国大学英语四、六级考试大纲（2016年修订版）,https://cet.neea.edu.cn/res/Home/1704/55b02330ac17274664f06d9d3db8249d.pdf,75
hard harden,官方词表未提供读音,官方《全国大学英语四、六级考试大纲（2016年修订版）》词表词目；官方未提供释义,官方词表只列词形，不列例句,1,全国大学英语四、六级考试大纲（2016年修订版）,https://cet.neea.edu.cn/res/Home/1704/55b02330ac17274664f06d9d3db8249d.pdf,75
hardly,官方词表未提供读音,官方《全国大学英语四、六级考试大纲（2016年修订版）》词表词目；官方未提供释义,官方词表只列词形，不列例句,1,全国大学英语四、六级考试大纲（2016年修订版）,https://cet.neea.edu.cn/res/Home/1704/55b02330ac17274664f06d9d3db8249d.pdf,75
hardship,官方词表未提供读音,官方《全国大学英语四、六级考试大纲（2016年修订版）》词表词目；官方未提供释义,官方词表只列词形，不列例句,1,全国大学英语四、六级考试大纲（2016年修订版）,https://cet.neea.edu.cn/res/Home/1704/55b02330ac17274664f06d9d3db8249d.pdf,75
hardware,官方词表未提供读音,官方《全国大学英语四、六级考试大纲（2016年修订版）》词表词目；官方未提供释义,官方词表只列词形，不列例句,1,全国大学英语四、六级考试大纲（2016年修订版）,https://cet.neea.edu.cn/res/Home/1704/55b02330ac17274664f06d9d3db8249d.pdf,75
harm harmful harmless,官方词表未提供读音,官方《全国大学英语四、六级考试大纲（2016年修订版）》词表词目；官方未提供释义,官方词表只列词形，不列例句,1,全国大学英语四、六级考试大纲（2016年修订版）,https://cet.neea.edu.cn/res/Home/1704/55b02330ac17274664f06d9d3db8249d.pdf,75
harmony harmonious,官方词表未提供读音,官方《全国大学英语四、六级考试大纲（2016年修订版）》词表词目；官方未提供释义,官方词表只列词形，不列例句,1,全国大学英语四、六级考试大纲（2016年修订版）,https://cet.neea.edu.cn/res/Home/1704/55b02330ac17274664f06d9d3db8249d.pdf,75
harness,官方词表未提供读音,官方《全国大学英语四、六级考试大纲（2016年修订版）》词表词目；官方未提供释义,官方词表只列词形，不列例句,1,全国大学英语四、六级考试大纲（2016年修订版）,https://cet.neea.edu.cn/res/Home/1704/55b02330ac17274664f06d9d3db8249d.pdf,75
harsh,官方词表未提供读音,官方《全国大学英语四、六级考试大纲（2016年修订版）》词表词目；官方未提供释义,官方词表只列词形，不列例句,1,全国大学英语四、六级考试大纲（2016年修订版）,https://cet.neea.edu.cn/res/Home/1704/55b02330ac17274664f06d9d3db8249d.pdf,75
harvest,官方词表未提供读音,官方《全国大学英语四、六级考试大纲（2016年修订版）》词表词目；官方未提供释义,官方词表只列词形，不列例句,1,全国大学英语四、六级考试大纲（2016年修订版）,https://cet.neea.edu.cn/res/Home/1704/55b02330ac17274664f06d9d3db8249d.pdf,75
haste hasty hasten,官方词表未提供读音,官方《全国大学英语四、六级考试大纲（2016年修订版）》词表词目；官方未提供释义,官方词表只列词形，不列例句,1,全国大学英语四、六级考试大纲（2016年修订版）,https://cet.neea.edu.cn/res/Home/1704/55b02330ac17274664f06d9d3db8249d.pdf,75
hat,官方词表未提供读音,官方《全国大学英语四、六级考试大纲（2016年修订版）》词表词目；官方未提供释义,官方词表只列词形，不列例句,1,全国大学英语四、六级考试大纲（2016年修订版）,https://cet.neea.edu.cn/res/Home/1704/55b02330ac17274664f06d9d3db8249d.pdf,75
hatch,官方词表未提供读音,官方《全国大学英语四、六级考试大纲（2016年修订版）》词表词目；官方未提供释义,官方词表只列词形，不列例句,1,全国大学英语四、六级考试大纲（2016年修订版）,https://cet.neea.edu.cn/res/Home/1704/55b02330ac17274664f06d9d3db8249d.pdf,75
hate hatred hateful,官方词表未提供读音,官方《全国大学英语四、六级考试大纲（2016年修订版）》词表词目；官方未提供释义,官方词表只列词形，不列例句,1,全国大学英语四、六级考试大纲（2016年修订版）,https://cet.neea.edu.cn/res/Home/1704/55b02330ac17274664f06d9d3db8249d.pdf,75
haul,官方词表未提供读音,官方《全国大学英语四、六级考试大纲（2016年修订版）》词表词目；官方未提供释义,官方词表只列词形，不列例句,1,全国大学英语四、六级考试大纲（2016年修订版）,https://cet.neea.edu.cn/res/Home/1704/55b02330ac17274664f06d9d3db8249d.pdf,75
haunt,官方词表未提供读音,官方《全国大学英语四、六级考试大纲（2016年修订版）》词表词目；官方未提供释义,官方词表只列词形，不列例句,1,全国大学英语四、六级考试大纲（2016年修订版）,https://cet.neea.edu.cn/res/Home/1704/55b02330ac17274664f06d9d3db8249d.pdf,75
have,官方词表未提供读音,官方《全国大学英语四、六级考试大纲（2016年修订版）》词表词目；官方未提供释义,官方词表只列词形，不列例句,1,全国大学英语四、六级考试大纲（2016年修订版）,https://cet.neea.edu.cn/res/Home/1704/55b02330ac17274664f06d9d3db8249d.pdf,75
hay,官方词表未提供读音,官方《全国大学英语四、六级考试大纲（2016年修订版）》词表词目；官方未提供释义,官方词表只列词形，不列例句,1,全国大学英语四、六级考试大纲（2016年修订版）,https://cet.neea.edu.cn/res/Home/1704/55b02330ac17274664f06d9d3db8249d.pdf,75
hazard hazardous,官方词表未提供读音,官方《全国大学英语四、六级考试大纲（2016年修订版）》词表词目；官方未提供释义,官方词表只列词形，不列例句,1,全国大学英语四、六级考试大纲（2016年修订版）,https://cet.neea.edu.cn/res/Home/1704/55b02330ac17274664f06d9d3db8249d.pdf,75
haze hazy,官方词表未提供读音,官方《全国大学英语四、六级考试大纲（2016年修订版）》词表词目；官方未提供释义,官方词表只列词形，不列例句,1,全国大学英语四、六级考试大纲（2016年修订版）,https://cet.neea.edu.cn/res/Home/1704/55b02330ac17274664f06d9d3db8249d.pdf,75
he,官方词表未提供读音,官方《全国大学英语四、六级考试大纲（2016年修订版）》词表词目；官方未提供释义,官方词表只列词形，不列例句,1,全国大学英语四、六级考试大纲（2016年修订版）,https://cet.neea.edu.cn/res/Home/1704/55b02330ac17274664f06d9d3db8249d.pdf,75
head,官方词表未提供读音,官方《全国大学英语四、六级考试大纲（2016年修订版）》词表词目；官方未提供释义,官方词表只列词形，不列例句,1,全国大学英语四、六级考试大纲（2016年修订版）,https://cet.neea.edu.cn/res/Home/1704/55b02330ac17274664f06d9d3db8249d.pdf,75
headache,官方词表未提供读音,官方《全国大学英语四、六级考试大纲（2016年修订版）》词表词目；官方未提供释义,官方词表只列词形，不列例句,1,全国大学英语四、六级考试大纲（2016年修订版）,https://cet.neea.edu.cn/res/Home/1704/55b02330ac17274664f06d9d3db8249d.pdf,75
heading,官方词表未提供读音,官方《全国大学英语四、六级考试大纲（2016年修订版）》词表词目；官方未提供释义,官方词表只列词形，不列例句,1,全国大学英语四、六级考试大纲（2016年修订版）,https://cet.neea.edu.cn/res/Home/1704/55b02330ac17274664f06d9d3db8249d.pdf,75
headline,官方词表未提供读音,官方《全国大学英语四、六级考试大纲（2016年修订版）》词表词目；官方未提供释义,官方词表只列词形，不列例句,1,全国大学英语四、六级考试大纲（2016年修订版）,https://cet.neea.edu.cn/res/Home/1704/55b02330ac17274664f06d9d3db8249d.pdf,75
headmaster headmistress,官方词表未提供读音,官方《全国大学英语四、六级考试大纲（2016年修订版）》词表词目；官方未提供释义,官方词表只列词形，不列例句,1,全国大学英语四、六级考试大纲（2016年修订版）,https://cet.neea.edu.cn/res/Home/1704/55b02330ac17274664f06d9d3db8249d.pdf,75
headquarters,官方词表未提供读音,官方《全国大学英语四、六级考试大纲（2016年修订版）》词表词目；官方未提供释义,官方词表只列词形，不列例句,1,全国大学英语四、六级考试大纲（2016年修订版）,https://cet.neea.edu.cn/res/Home/1704/55b02330ac17274664f06d9d3db8249d.pdf,76
heal,官方词表未提供读音,官方《全国大学英语四、六级考试大纲（2016年修订版）》词表词目；官方未提供释义,官方词表只列词形，不列例句,1,全国大学英语四、六级考试大纲（2016年修订版）,https://cet.neea.edu.cn/res/Home/1704/55b02330ac17274664f06d9d3db8249d.pdf,76
health healthy healthful,官方词表未提供读音,官方《全国大学英语四、六级考试大纲（2016年修订版）》词表词目；官方未提供释义,官方词表只列词形，不列例句,1,全国大学英语四、六级考试大纲（2016年修订版）,https://cet.neea.edu.cn/res/Home/1704/55b02330ac17274664f06d9d3db8249d.pdf,76
heap,官方词表未提供读音,官方《全国大学英语四、六级考试大纲（2016年修订版）》词表词目；官方未提供释义,官方词表只列词形，不列例句,1,全国大学英语四、六级考试大纲（2016年修订版）,https://cet.neea.edu.cn/res/Home/1704/55b02330ac17274664f06d9d3db8249d.pdf,76
hear hearing,官方词表未提供读音,官方《全国大学英语四、六级考试大纲（2016年修订版）》词表词目；官方未提供释义,官方词表只列词形，不列例句,1,全国大学英语四、六级考试大纲（2016年修订版）,https://cet.neea.edu.cn/res/Home/1704/55b02330ac17274664f06d9d3db8249d.pdf,76
heart hearty,官方词表未提供读音,官方《全国大学英语四、六级考试大纲（2016年修订版）》词表词目；官方未提供释义,官方词表只列词形，不列例句,1,全国大学英语四、六级考试大纲（2016年修订版）,https://cet.neea.edu.cn/res/Home/1704/55b02330ac17274664f06d9d3db8249d.pdf,76
heartfelt,官方词表未提供读音,官方《全国大学英语四、六级考试大纲（2016年修订版）》词表词目；官方未提供释义,官方词表只列词形，不列例句,1,全国大学英语四、六级考试大纲（2016年修订版）,https://cet.neea.edu.cn/res/Home/1704/55b02330ac17274664f06d9d3db8249d.pdf,76
heat heated heating,官方词表未提供读音,官方《全国大学英语四、六级考试大纲（2016年修订版）》词表词目；官方未提供释义,官方词表只列词形，不列例句,1,全国大学英语四、六级考试大纲（2016年修订版）,https://cet.neea.edu.cn/res/Home/1704/55b02330ac17274664f06d9d3db8249d.pdf,76
heaven,官方词表未提供读音,官方《全国大学英语四、六级考试大纲（2016年修订版）》词表词目；官方未提供释义,官方词表只列词形，不列例句,1,全国大学英语四、六级考试大纲（2016年修订版）,https://cet.neea.edu.cn/res/Home/1704/55b02330ac17274664f06d9d3db8249d.pdf,76
heavy,官方词表未提供读音,官方《全国大学英语四、六级考试大纲（2016年修订版）》词表词目；官方未提供释义,官方词表只列词形，不列例句,1,全国大学英语四、六级考试大纲（2016年修订版）,https://cet.neea.edu.cn/res/Home/1704/55b02330ac17274664f06d9d3db8249d.pdf,76
hectare,官方词表未提供读音,官方《全国大学英语四、六级考试大纲（2016年修订版）》词表词目；官方未提供释义,官方词表只列词形，不列例句,1,全国大学英语四、六级考试大纲（2016年修订版）,https://cet.neea.edu.cn/res/Home/1704/55b02330ac17274664f06d9d3db8249d.pdf,76
hedge,官方词表未提供读音,官方《全国大学英语四、六级考试大纲（2016年修订版）》词表词目；官方未提供释义,官方词表只列词形，不列例句,1,全国大学英语四、六级考试大纲（2016年修订版）,https://cet.neea.edu.cn/res/Home/1704/55b02330ac17274664f06d9d3db8249d.pdf,76
heel,官方词表未提供读音,官方《全国大学英语四、六级考试大纲（2016年修订版）》词表词目；官方未提供释义,官方词表只列词形，不列例句,1,全国大学英语四、六级考试大纲（2016年修订版）,https://cet.neea.edu.cn/res/Home/1704/55b02330ac17274664f06d9d3db8249d.pdf,76
height heighten,官方词表未提供读音,官方《全国大学英语四、六级考试大纲（2016年修订版）》词表词目；官方未提供释义,官方词表只列词形，不列例句,1,全国大学英语四、六级考试大纲（2016年修订版）,https://cet.neea.edu.cn/res/Home/1704/55b02330ac17274664f06d9d3db8249d.pdf,76
heir heiress,官方词表未提供读音,官方《全国大学英语四、六级考试大纲（2016年修订版）》词表词目；官方未提供释义,官方词表只列词形，不列例句,1,全国大学英语四、六级考试大纲（2016年修订版）,https://cet.neea.edu.cn/res/Home/1704/55b02330ac17274664f06d9d3db8249d.pdf,76
helicopter,官方词表未提供读音,官方《全国大学英语四、六级考试大纲（2016年修订版）》词表词目；官方未提供释义,官方词表只列词形，不列例句,1,全国大学英语四、六级考试大纲（2016年修订版）,https://cet.neea.edu.cn/res/Home/1704/55b02330ac17274664f06d9d3db8249d.pdf,76
hell,官方词表未提供读音,官方《全国大学英语四、六级考试大纲（2016年修订版）》词表词目；官方未提供释义,官方词表只列词形，不列例句,1,全国大学英语四、六级考试大纲（2016年修订版）,https://cet.neea.edu.cn/res/Home/1704/55b02330ac17274664f06d9d3db8249d.pdf,76
hello,官方词表未提供读音,官方《全国大学英语四、六级考试大纲（2016年修订版）》词表词目；官方未提供释义,官方词表只列词形，不列例句,1,全国大学英语四、六级考试大纲（2016年修订版）,https://cet.neea.edu.cn/res/Home/1704/55b02330ac17274664f06d9d3db8249d.pdf,76
help helpful helpless helplessly,官方词表未提供读音,官方《全国大学英语四、六级考试大纲（2016年修订版）》词表词目；官方未提供释义,官方词表只列词形，不列例句,1,全国大学英语四、六级考试大纲（2016年修订版）,https://cet.neea.edu.cn/res/Home/1704/55b02330ac17274664f06d9d3db8249d.pdf,76
hen,官方词表未提供读音,官方《全国大学英语四、六级考试大纲（2016年修订版）》词表词目；官方未提供释义,官方词表只列词形，不列例句,1,全国大学英语四、六级考试大纲（2016年修订版）,https://cet.neea.edu.cn/res/Home/1704/55b02330ac17274664f06d9d3db8249d.pdf,76
hence,官方词表未提供读音,官方《全国大学英语四、六级考试大纲（2016年修订版）》词表词目；官方未提供释义,官方词表只列词形，不列例句,1,全国大学英语四、六级考试大纲（2016年修订版）,https://cet.neea.edu.cn/res/Home/1704/55b02330ac17274664f06d9d3db8249d.pdf,76
her,官方词表未提供读音,官方《全国大学英语四、六级考试大纲（2016年修订版）》词表词目；官方未提供释义,官方词表只列词形，不列例句,1,全国大学英语四、六级考试大纲（2016年修订版）,https://cet.neea.edu.cn/res/Home/1704/55b02330ac17274664f06d9d3db8249d.pdf,76
herd,官方词表未提供读音,官方《全国大学英语四、六级考试大纲（2016年修订版）》词表词目；官方未提供释义,官方词表只列词形，不列例句,1,全国大学英语四、六级考试大纲（2016年修订版）,https://cet.neea.edu.cn/res/Home/1704/55b02330ac17274664f06d9d3db8249d.pdf,76
here,官方词表未提供读音,官方《全国大学英语四、六级考试大纲（2016年修订版）》词表词目；官方未提供释义,官方词表只列词形，不列例句,1,全国大学英语四、六级考试大纲（2016年修订版）,https://cet.neea.edu.cn/res/Home/1704/55b02330ac17274664f06d9d3db8249d.pdf,76
hereby,官方词表未提供读音,官方《全国大学英语四、六级考试大纲（2016年修订版）》词表词目；官方未提供释义,官方词表只列词形，不列例句,1,全国大学英语四、六级考试大纲（2016年修订版）,https://cet.neea.edu.cn/res/Home/1704/55b02330ac17274664f06d9d3db8249d.pdf,76
heritage,官方词表未提供读音,官方《全国大学英语四、六级考试大纲（2016年修订版）》词表词目；官方未提供释义,官方词表只列词形，不列例句,1,全国大学英语四、六级考试大纲（2016年修订版）,https://cet.neea.edu.cn/res/Home/1704/55b02330ac17274664f06d9d3db8249d.pdf,76
hero/heroine heroic heroism,官方词表未提供读音,官方《全国大学英语四、六级考试大纲（2016年修订版）》词表词目；官方未提供释义,官方词表只列词形，不列例句,1,全国大学英语四、六级考试大纲（2016年修订版）,https://cet.neea.edu.cn/res/Home/1704/55b02330ac17274664f06d9d3db8249d.pdf,76
hers,官方词表未提供读音,官方《全国大学英语四、六级考试大纲（2016年修订版）》词表词目；官方未提供释义,官方词表只列词形，不列例句,1,全国大学英语四、六级考试大纲（2016年修订版）,https://cet.neea.edu.cn/res/Home/1704/55b02330ac17274664f06d9d3db8249d.pdf,76
herself,官方词表未提供读音,官方《全国大学英语四、六级考试大纲（2016年修订版）》词表词目；官方未提供释义,官方词表只列词形，不列例句,1,全国大学英语四、六级考试大纲（2016年修订版）,https://cet.neea.edu.cn/res/Home/1704/55b02330ac17274664f06d9d3db8249d.pdf,76
hesitate hesitation hesitant,官方词表未提供读音,官方《全国大学英语四、六级考试大纲（2016年修订版）》词表词目；官方未提供释义,官方词表只列词形，不列例句,1,全国大学英语四、六级考试大纲（2016年修订版）,https://cet.neea.edu.cn/res/Home/1704/55b02330ac17274664f06d9d3db8249d.pdf,76
hi,官方词表未提供读音,官方《全国大学英语四、六级考试大纲（2016年修订版）》词表词目；官方未提供释义,官方词表只列词形，不列例句,1,全国大学英语四、六级考试大纲（2016年修订版）,https://cet.neea.edu.cn/res/Home/1704/55b02330ac17274664f06d9d3db8249d.pdf,76
hide hiding,官方词表未提供读音,官方《全国大学英语四、六级考试大纲（2016年修订版）》词表词目；官方未提供释义,官方词表只列词形，不列例句,1,全国大学英语四、六级考试大纲（2016年修订版）,https://cet.neea.edu.cn/res/Home/1704/55b02330ac17274664f06d9d3db8249d.pdf,76
high highly,官方词表未提供读音,官方《全国大学英语四、六级考试大纲（2016年修订版）》词表词目；官方未提供释义,官方词表只列词形，不列例句,1,全国大学英语四、六级考试大纲（2016年修订版）,https://cet.neea.edu.cn/res/Home/1704/55b02330ac17274664f06d9d3db8249d.pdf,77
highlight,官方词表未提供读音,官方《全国大学英语四、六级考试大纲（2016年修订版）》词表词目；官方未提供释义,官方词表只列词形，不列例句,1,全国大学英语四、六级考试大纲（2016年修订版）,https://cet.neea.edu.cn/res/Home/1704/55b02330ac17274664f06d9d3db8249d.pdf,77
high-tech,官方词表未提供读音,官方《全国大学英语四、六级考试大纲（2016年修订版）》词表词目；官方未提供释义,官方词表只列词形，不列例句,1,全国大学英语四、六级考试大纲（2016年修订版）,https://cet.neea.edu.cn/res/Home/1704/55b02330ac17274664f06d9d3db8249d.pdf,77
highway,官方词表未提供读音,官方《全国大学英语四、六级考试大纲（2016年修订版）》词表词目；官方未提供释义,官方词表只列词形，不列例句,1,全国大学英语四、六级考试大纲（2016年修订版）,https://cet.neea.edu.cn/res/Home/1704/55b02330ac17274664f06d9d3db8249d.pdf,77
hijack,官方词表未提供读音,官方《全国大学英语四、六级考试大纲（2016年修订版）》词表词目；官方未提供释义,官方词表只列词形，不列例句,1,全国大学英语四、六级考试大纲（2016年修订版）,https://cet.neea.edu.cn/res/Home/1704/55b02330ac17274664f06d9d3db8249d.pdf,77
hill hilly,官方词表未提供读音,官方《全国大学英语四、六级考试大纲（2016年修订版）》词表词目；官方未提供释义,官方词表只列词形，不列例句,1,全国大学英语四、六级考试大纲（2016年修订版）,https://cet.neea.edu.cn/res/Home/1704/55b02330ac17274664f06d9d3db8249d.pdf,77
him,官方词表未提供读音,官方《全国大学英语四、六级考试大纲（2016年修订版）》词表词目；官方未提供释义,官方词表只列词形，不列例句,1,全国大学英语四、六级考试大纲（2016年修订版）,https://cet.neea.edu.cn/res/Home/1704/55b02330ac17274664f06d9d3db8249d.pdf,77
himself,官方词表未提供读音,官方《全国大学英语四、六级考试大纲（2016年修订版）》词表词目；官方未提供释义,官方词表只列词形，不列例句,1,全国大学英语四、六级考试大纲（2016年修订版）,https://cet.neea.edu.cn/res/Home/1704/55b02330ac17274664f06d9d3db8249d.pdf,77
hinder hindrance,官方词表未提供读音,官方《全国大学英语四、六级考试大纲（2016年修订版）》词表词目；官方未提供释义,官方词表只列词形，不列例句,1,全国大学英语四、六级考试大纲（2016年修订版）,https://cet.neea.edu.cn/res/Home/1704/55b02330ac17274664f06d9d3db8249d.pdf,77
hint,官方词表未提供读音,官方《全国大学英语四、六级考试大纲（2016年修订版）》词表词目；官方未提供释义,官方词表只列词形，不列例句,1,全国大学英语四、六级考试大纲（2016年修订版）,https://cet.neea.edu.cn/res/Home/1704/55b02330ac17274664f06d9d3db8249d.pdf,77
hip,官方词表未提供读音,官方《全国大学英语四、六级考试大纲（2016年修订版）》词表词目；官方未提供释义,官方词表只列词形，不列例句,1,全国大学英语四、六级考试大纲（2016年修订版）,https://cet.neea.edu.cn/res/Home/1704/55b02330ac17274664f06d9d3db8249d.pdf,77
hire,官方词表未提供读音,官方《全国大学英语四、六级考试大纲（2016年修订版）》词表词目；官方未提供释义,官方词表只列词形，不列例句,1,全国大学英语四、六级考试大纲（2016年修订版）,https://cet.neea.edu.cn/res/Home/1704/55b02330ac17274664f06d9d3db8249d.pdf,77
his,官方词表未提供读音,官方《全国大学英语四、六级考试大纲（2016年修订版）》词表词目；官方未提供释义,官方词表只列词形，不列例句,1,全国大学英语四、六级考试大纲（2016年修订版）,https://cet.neea.edu.cn/res/Home/1704/55b02330ac17274664f06d9d3db8249d.pdf,77
history historic historical historian,官方词表未提供读音,官方《全国大学英语四、六级考试大纲（2016年修订版）》词表词目；官方未提供释义,官方词表只列词形，不列例句,1,全国大学英语四、六级考试大纲（2016年修订版）,https://cet.neea.edu.cn/res/Home/1704/55b02330ac17274664f06d9d3db8249d.pdf,77
hit,官方词表未提供读音,官方《全国大学英语四、六级考试大纲（2016年修订版）》词表词目；官方未提供释义,官方词表只列词形，不列例句,1,全国大学英语四、六级考试大纲（2016年修订版）,https://cet.neea.edu.cn/res/Home/1704/55b02330ac17274664f06d9d3db8249d.pdf,77
hobby,官方词表未提供读音,官方《全国大学英语四、六级考试大纲（2016年修订版）》词表词目；官方未提供释义,官方词表只列词形，不列例句,1,全国大学英语四、六级考试大纲（2016年修订版）,https://cet.neea.edu.cn/res/Home/1704/55b02330ac17274664f06d9d3db8249d.pdf,77
hold,官方词表未提供读音,官方《全国大学英语四、六级考试大纲（2016年修订版）》词表词目；官方未提供释义,官方词表只列词形，不列例句,1,全国大学英语四、六级考试大纲（2016年修订版）,https://cet.neea.edu.cn/res/Home/1704/55b02330ac17274664f06d9d3db8249d.pdf,77
hole,官方词表未提供读音,官方《全国大学英语四、六级考试大纲（2016年修订版）》词表词目；官方未提供释义,官方词表只列词形，不列例句,1,全国大学英语四、六级考试大纲（2016年修订版）,https://cet.neea.edu.cn/res/Home/1704/55b02330ac17274664f06d9d3db8249d.pdf,77
holiday,官方词表未提供读音,官方《全国大学英语四、六级考试大纲（2016年修订版）》词表词目；官方未提供释义,官方词表只列词形，不列例句,1,全国大学英语四、六级考试大纲（2016年修订版）,https://cet.neea.edu.cn/res/Home/1704/55b02330ac17274664f06d9d3db8249d.pdf,77
hollow,官方词表未提供读音,官方《全国大学英语四、六级考试大纲（2016年修订版）》词表词目；官方未提供释义,官方词表只列词形，不列例句,1,全国大学英语四、六级考试大纲（2016年修订版）,https://cet.neea.edu.cn/res/Home/1704/55b02330ac17274664f06d9d3db8249d.pdf,77
holy holiness,官方词表未提供读音,官方《全国大学英语四、六级考试大纲（2016年修订版）》词表词目；官方未提供释义,官方词表只列词形，不列例句,1,全国大学英语四、六级考试大纲（2016年修订版）,https://cet.neea.edu.cn/res/Home/1704/55b02330ac17274664f06d9d3db8249d.pdf,77
home homeless homely,官方词表未提供读音,官方《全国大学英语四、六级考试大纲（2016年修订版）》词表词目；官方未提供释义,官方词表只列词形，不列例句,1,全国大学英语四、六级考试大纲（2016年修订版）,https://cet.neea.edu.cn/res/Home/1704/55b02330ac17274664f06d9d3db8249d.pdf,77
homeland,官方词表未提供读音,官方《全国大学英语四、六级考试大纲（2016年修订版）》词表词目；官方未提供释义,官方词表只列词形，不列例句,1,全国大学英语四、六级考试大纲（2016年修订版）,https://cet.neea.edu.cn/res/Home/1704/55b02330ac17274664f06d9d3db8249d.pdf,77
homework,官方词表未提供读音,官方《全国大学英语四、六级考试大纲（2016年修订版）》词表词目；官方未提供释义,官方词表只列词形，不列例句,1,全国大学英语四、六级考试大纲（2016年修订版）,https://cet.neea.edu.cn/res/Home/1704/55b02330ac17274664f06d9d3db8249d.pdf,77
homosexual/homo,官方词表未提供读音,官方《全国大学英语四、六级考试大纲（2016年修订版）》词表词目；官方未提供释义,官方词表只列词形，不列例句,1,全国大学英语四、六级考试大纲（2016年修订版）,https://cet.neea.edu.cn/res/Home/1704/55b02330ac17274664f06d9d3db8249d.pdf,77
honest honesty,官方词表未提供读音,官方《全国大学英语四、六级考试大纲（2016年修订版）》词表词目；官方未提供释义,官方词表只列词形，不列例句,1,全国大学英语四、六级考试大纲（2016年修订版）,https://cet.neea.edu.cn/res/Home/1704/55b02330ac17274664f06d9d3db8249d.pdf,77
honey,官方词表未提供读音,官方《全国大学英语四、六级考试大纲（2016年修订版）》词表词目；官方未提供释义,官方词表只列词形，不列例句,1,全国大学英语四、六级考试大纲（2016年修订版）,https://cet.neea.edu.cn/res/Home/1704/55b02330ac17274664f06d9d3db8249d.pdf,77
honeymoon,官方词表未提供读音,官方《全国大学英语四、六级考试大纲（2016年修订版）》词表词目；官方未提供释义,官方词表只列词形，不列例句,1,全国大学英语四、六级考试大纲（2016年修订版）,https://cet.neea.edu.cn/res/Home/1704/55b02330ac17274664f06d9d3db8249d.pdf,77
hono(u)r hono(u)rable hono(u)rary,官方词表未提供读音,官方《全国大学英语四、六级考试大纲（2016年修订版）》词表词目；官方未提供释义,官方词表只列词形，不列例句,1,全国大学英语四、六级考试大纲（2016年修订版）,https://cet.neea.edu.cn/res/Home/1704/55b02330ac17274664f06d9d3db8249d.pdf,77
hook,官方词表未提供读音,官方《全国大学英语四、六级考试大纲（2016年修订版）》词表词目；官方未提供释义,官方词表只列词形，不列例句,1,全国大学英语四、六级考试大纲（2016年修订版）,https://cet.neea.edu.cn/res/Home/1704/55b02330ac17274664f06d9d3db8249d.pdf,77
hope hopeful hopeless,官方词表未提供读音,官方《全国大学英语四、六级考试大纲（2016年修订版）》词表词目；官方未提供释义,官方词表只列词形，不列例句,1,全国大学英语四、六级考试大纲（2016年修订版）,https://cet.neea.edu.cn/res/Home/1704/55b02330ac17274664f06d9d3db8249d.pdf,77
horizon horizontal,官方词表未提供读音,官方《全国大学英语四、六级考试大纲（2016年修订版）》词表词目；官方未提供释义,官方词表只列词形，不列例句,1,全国大学英语四、六级考试大纲（2016年修订版）,https://cet.neea.edu.cn/res/Home/1704/55b02330ac17274664f06d9d3db8249d.pdf,77
horn,官方词表未提供读音,官方《全国大学英语四、六级考试大纲（2016年修订版）》词表词目；官方未提供释义,官方词表只列词形，不列例句,1,全国大学英语四、六级考试大纲（2016年修订版）,https://cet.neea.edu.cn/res/Home/1704/55b02330ac17274664f06d9d3db8249d.pdf,77
horror horrible horrify,官方词表未提供读音,官方《全国大学英语四、六级考试大纲（2016年修订版）》词表词目；官方未提供释义,官方词表只列词形，不列例句,1,全国大学英语四、六级考试大纲（2016年修订版）,https://cet.neea.edu.cn/res/Home/1704/55b02330ac17274664f06d9d3db8249d.pdf,77
horse,官方词表未提供读音,官方《全国大学英语四、六级考试大纲（2016年修订版）》词表词目；官方未提供释义,官方词表只列词形，不列例句,1,全国大学英语四、六级考试大纲（2016年修订版）,https://cet.neea.edu.cn/res/Home/1704/55b02330ac17274664f06d9d3db8249d.pdf,78
horsepower,官方词表未提供读音,官方《全国大学英语四、六级考试大纲（2016年修订版）》词表词目；官方未提供释义,官方词表只列词形，不列例句,1,全国大学英语四、六级考试大纲（2016年修订版）,https://cet.neea.edu.cn/res/Home/1704/55b02330ac17274664f06d9d3db8249d.pdf,78
hospital hospitalize,官方词表未提供读音,官方《全国大学英语四、六级考试大纲（2016年修订版）》词表词目；官方未提供释义,官方词表只列词形，不列例句,1,全国大学英语四、六级考试大纲（2016年修订版）,https://cet.neea.edu.cn/res/Home/1704/55b02330ac17274664f06d9d3db8249d.pdf,78
hospitable hospitality,官方词表未提供读音,官方《全国大学英语四、六级考试大纲（2016年修订版）》词表词目；官方未提供释义,官方词表只列词形，不列例句,1,全国大学英语四、六级考试大纲（2016年修订版）,https://cet.neea.edu.cn/res/Home/1704/55b02330ac17274664f06d9d3db8249d.pdf,78
host,官方词表未提供读音,官方《全国大学英语四、六级考试大纲（2016年修订版）》词表词目；官方未提供释义,官方词表只列词形，不列例句,1,全国大学英语四、六级考试大纲（2016年修订版）,https://cet.neea.edu.cn/res/Home/1704/55b02330ac17274664f06d9d3db8249d.pdf,78
hostess,官方词表未提供读音,官方《全国大学英语四、六级考试大纲（2016年修订版）》词表词目；官方未提供释义,官方词表只列词形，不列例句,1,全国大学英语四、六级考试大纲（2016年修订版）,https://cet.neea.edu.cn/res/Home/1704/55b02330ac17274664f06d9d3db8249d.pdf,78
hostile hostility,官方词表未提供读音,官方《全国大学英语四、六级考试大纲（2016年修订版）》词表词目；官方未提供释义,官方词表只列词形，不列例句,1,全国大学英语四、六级考试大纲（2016年修订版）,https://cet.neea.edu.cn/res/Home/1704/55b02330ac17274664f06d9d3db8249d.pdf,78
hot,官方词表未提供读音,官方《全国大学英语四、六级考试大纲（2016年修订版）》词表词目；官方未提供释义,官方词表只列词形，不列例句,1,全国大学英语四、六级考试大纲（2016年修订版）,https://cet.neea.edu.cn/res/Home/1704/55b02330ac17274664f06d9d3db8249d.pdf,78
hotdog,官方词表未提供读音,官方《全国大学英语四、六级考试大纲（2016年修订版）》词表词目；官方未提供释义,官方词表只列词形，不列例句,1,全国大学英语四、六级考试大纲（2016年修订版）,https://cet.neea.edu.cn/res/Home/1704/55b02330ac17274664f06d9d3db8249d.pdf,78
hotel,官方词表未提供读音,官方《全国大学英语四、六级考试大纲（2016年修订版）》词表词目；官方未提供释义,官方词表只列词形，不列例句,1,全国大学英语四、六级考试大纲（2016年修订版）,https://cet.neea.edu.cn/res/Home/1704/55b02330ac17274664f06d9d3db8249d.pdf,78
hour hourly,官方词表未提供读音,官方《全国大学英语四、六级考试大纲（2016年修订版）》词表词目；官方未提供释义,官方词表只列词形，不列例句,1,全国大学英语四、六级考试大纲（2016年修订版）,https://cet.neea.edu.cn/res/Home/1704/55b02330ac17274664f06d9d3db8249d.pdf,78
house housing,官方词表未提供读音,官方《全国大学英语四、六级考试大纲（2016年修订版）》词表词目；官方未提供释义,官方词表只列词形，不列例句,1,全国大学英语四、六级考试大纲（2016年修订版）,https://cet.neea.edu.cn/res/Home/1704/55b02330ac17274664f06d9d3db8249d.pdf,78
household,官方词表未提供读音,官方《全国大学英语四、六级考试大纲（2016年修订版）》词表词目；官方未提供释义,官方词表只列词形，不列例句,1,全国大学英语四、六级考试大纲（2016年修订版）,https://cet.neea.edu.cn/res/Home/1704/55b02330ac17274664f06d9d3db8249d.pdf,78
housewife,官方词表未提供读音,官方《全国大学英语四、六级考试大纲（2016年修订版）》词表词目；官方未提供释义,官方词表只列词形，不列例句,1,全国大学英语四、六级考试大纲（2016年修订版）,https://cet.neea.edu.cn/res/Home/1704/55b02330ac17274664f06d9d3db8249d.pdf,78
housework,官方词表未提供读音,官方《全国大学英语四、六级考试大纲（2016年修订版）》词表词目；官方未提供释义,官方词表只列词形，不列例句,1,全国大学英语四、六级考试大纲（2016年修订版）,https://cet.neea.edu.cn/res/Home/1704/55b02330ac17274664f06d9d3db8249d.pdf,78
how,官方词表未提供读音,官方《全国大学英语四、六级考试大纲（2016年修订版）》词表词目；官方未提供释义,官方词表只列词形，不列例句,1,全国大学英语四、六级考试大纲（2016年修订版）,https://cet.neea.edu.cn/res/Home/1704/55b02330ac17274664f06d9d3db8249d.pdf,78
however,官方词表未提供读音,官方《全国大学英语四、六级考试大纲（2016年修订版）》词表词目；官方未提供释义,官方词表只列词形，不列例句,1,全国大学英语四、六级考试大纲（2016年修订版）,https://cet.neea.edu.cn/res/Home/1704/55b02330ac17274664f06d9d3db8249d.pdf,78
hug,官方词表未提供读音,官方《全国大学英语四、六级考试大纲（2016年修订版）》词表词目；官方未提供释义,官方词表只列词形，不列例句,1,全国大学英语四、六级考试大纲（2016年修订版）,https://cet.neea.edu.cn/res/Home/1704/55b02330ac17274664f06d9d3db8249d.pdf,78
huge,官方词表未提供读音,官方《全国大学英语四、六级考试大纲（2016年修订版）》词表词目；官方未提供释义,官方词表只列词形，不列例句,1,全国大学英语四、六级考试大纲（2016年修订版）,https://cet.neea.edu.cn/res/Home/1704/55b02330ac17274664f06d9d3db8249d.pdf,78
human humanity,官方词表未提供读音,官方《全国大学英语四、六级考试大纲（2016年修订版）》词表词目；官方未提供释义,官方词表只列词形，不列例句,1,全国大学英语四、六级考试大纲（2016年修订版）,https://cet.neea.edu.cn/res/Home/1704/55b02330ac17274664f06d9d3db8249d.pdf,78
humble humbly,官方词表未提供读音,官方《全国大学英语四、六级考试大纲（2016年修订版）》词表词目；官方未提供释义,官方词表只列词形，不列例句,1,全国大学英语四、六级考试大纲（2016年修订版）,https://cet.neea.edu.cn/res/Home/1704/55b02330ac17274664f06d9d3db8249d.pdf,78
humo(u)r humo(u)rous,官方词表未提供读音,官方《全国大学英语四、六级考试大纲（2016年修订版）》词表词目；官方未提供释义,官方词表只列词形，不列例句,1,全国大学英语四、六级考试大纲（2016年修订版）,https://cet.neea.edu.cn/res/Home/1704/55b02330ac17274664f06d9d3db8249d.pdf,78
hundred,官方词表未提供读音,官方《全国大学英语四、六级考试大纲（2016年修订版）》词表词目；官方未提供释义,官方词表只列词形，不列例句,1,全国大学英语四、六级考试大纲（2016年修订版）,https://cet.neea.edu.cn/res/Home/1704/55b02330ac17274664f06d9d3db8249d.pdf,78
hunger hungry,官方词表未提供读音,官方《全国大学英语四、六级考试大纲（2016年修订版）》词表词目；官方未提供释义,官方词表只列词形，不列例句,1,全国大学英语四、六级考试大纲（2016年修订版）,https://cet.neea.edu.cn/res/Home/1704/55b02330ac17274664f06d9d3db8249d.pdf,78
hunt hunting hunter,官方词表未提供读音,官方《全国大学英语四、六级考试大纲（2016年修订版）》词表词目；官方未提供释义,官方词表只列词形，不列例句,1,全国大学英语四、六级考试大纲（2016年修订版）,https://cet.neea.edu.cn/res/Home/1704/55b02330ac17274664f06d9d3db8249d.pdf,78
hurry hurriedly,官方词表未提供读音,官方《全国大学英语四、六级考试大纲（2016年修订版）》词表词目；官方未提供释义,官方词表只列词形，不列例句,1,全国大学英语四、六级考试大纲（2016年修订版）,https://cet.neea.edu.cn/res/Home/1704/55b02330ac17274664f06d9d3db8249d.pdf,78
hurt hurtful,官方词表未提供读音,官方《全国大学英语四、六级考试大纲（2016年修订版）》词表词目；官方未提供释义,官方词表只列词形，不列例句,1,全国大学英语四、六级考试大纲（2016年修订版）,https://cet.neea.edu.cn/res/Home/1704/55b02330ac17274664f06d9d3db8249d.pdf,78
husband,官方词表未提供读音,官方《全国大学英语四、六级考试大纲（2016年修订版）》词表词目；官方未提供释义,官方词表只列词形，不列例句,1,全国大学英语四、六级考试大纲（2016年修订版）,https://cet.neea.edu.cn/res/Home/1704/55b02330ac17274664f06d9d3db8249d.pdf,78
hut,官方词表未提供读音,官方《全国大学英语四、六级考试大纲（2016年修订版）》词表词目；官方未提供释义,官方词表只列词形，不列例句,1,全国大学英语四、六级考试大纲（2016年修订版）,https://cet.neea.edu.cn/res/Home/1704/55b02330ac17274664f06d9d3db8249d.pdf,78
hydrogen,官方词表未提供读音,官方《全国大学英语四、六级考试大纲（2016年修订版）》词表词目；官方未提供释义,官方词表只列词形，不列例句,1,全国大学英语四、六级考试大纲（2016年修订版）,https://cet.neea.edu.cn/res/Home/1704/55b02330ac17274664f06d9d3db8249d.pdf,79
hyphen,官方词表未提供读音,官方《全国大学英语四、六级考试大纲（2016年修订版）》词表词目；官方未提供释义,官方词表只列词形，不列例句,1,全国大学英语四、六级考试大纲（2016年修订版）,https://cet.neea.edu.cn/res/Home/1704/55b02330ac17274664f06d9d3db8249d.pdf,79
I,官方词表未提供读音,官方《全国大学英语四、六级考试大纲（2016年修订版）》词表词目；官方未提供释义,官方词表只列词形，不列例句,1,全国大学英语四、六级考试大纲（2016年修订版）,https://cet.neea.edu.cn/res/Home/1704/55b02330ac17274664f06d9d3db8249d.pdf,79
ice icy,官方词表未提供读音,官方《全国大学英语四、六级考试大纲（2016年修订版）》词表词目；官方未提供释义,官方词表只列词形，不列例句,1,全国大学英语四、六级考试大纲（2016年修订版）,https://cet.neea.edu.cn/res/Home/1704/55b02330ac17274664f06d9d3db8249d.pdf,79
ice-cream,官方词表未提供读音,官方《全国大学英语四、六级考试大纲（2016年修订版）》词表词目；官方未提供释义,官方词表只列词形，不列例句,1,全国大学英语四、六级考试大纲（2016年修订版）,https://cet.neea.edu.cn/res/Home/1704/55b02330ac17274664f06d9d3db8249d.pdf,79
idea,官方词表未提供读音,官方《全国大学英语四、六级考试大纲（2016年修订版）》词表词目；官方未提供释义,官方词表只列词形，不列例句,1,全国大学英语四、六级考试大纲（2016年修订版）,https://cet.neea.edu.cn/res/Home/1704/55b02330ac17274664f06d9d3db8249d.pdf,79
ideal idealistic idealism,官方词表未提供读音,官方《全国大学英语四、六级考试大纲（2016年修订版）》词表词目；官方未提供释义,官方词表只列词形，不列例句,1,全国大学英语四、六级考试大纲（2016年修订版）,https://cet.neea.edu.cn/res/Home/1704/55b02330ac17274664f06d9d3db8249d.pdf,79
identify identification,官方词表未提供读音,官方《全国大学英语四、六级考试大纲（2016年修订版）》词表词目；官方未提供释义,官方词表只列词形，不列例句,1,全国大学英语四、六级考试大纲（2016年修订版）,https://cet.neea.edu.cn/res/Home/1704/55b02330ac17274664f06d9d3db8249d.pdf,79
identity identical,官方词表未提供读音,官方《全国大学英语四、六级考试大纲（2016年修订版）》词表词目；官方未提供释义,官方词表只列词形，不列例句,1,全国大学英语四、六级考试大纲（2016年修订版）,https://cet.neea.edu.cn/res/Home/1704/55b02330ac17274664f06d9d3db8249d.pdf,79
idiom idiomatic,官方词表未提供读音,官方《全国大学英语四、六级考试大纲（2016年修订版）》词表词目；官方未提供释义,官方词表只列词形，不列例句,1,全国大学英语四、六级考试大纲（2016年修订版）,https://cet.neea.edu.cn/res/Home/1704/55b02330ac17274664f06d9d3db8249d.pdf,79
idle idly,官方词表未提供读音,官方《全国大学英语四、六级考试大纲（2016年修订版）》词表词目；官方未提供释义,官方词表只列词形，不列例句,1,全国大学英语四、六级考试大纲（2016年修订版）,https://cet.neea.edu.cn/res/Home/1704/55b02330ac17274664f06d9d3db8249d.pdf,79
if,官方词表未提供读音,官方《全国大学英语四、六级考试大纲（2016年修订版）》词表词目；官方未提供释义,官方词表只列词形，不列例句,1,全国大学英语四、六级考试大纲（2016年修订版）,https://cet.neea.edu.cn/res/Home/1704/55b02330ac17274664f06d9d3db8249d.pdf,79
ignorant ignorance,官方词表未提供读音,官方《全国大学英语四、六级考试大纲（2016年修订版）》词表词目；官方未提供释义,官方词表只列词形，不列例句,1,全国大学英语四、六级考试大纲（2016年修订版）,https://cet.neea.edu.cn/res/Home/1704/55b02330ac17274664f06d9d3db8249d.pdf,79
ignore,官方词表未提供读音,官方《全国大学英语四、六级考试大纲（2016年修订版）》词表词目；官方未提供释义,官方词表只列词形，不列例句,1,全国大学英语四、六级考试大纲（2016年修订版）,https://cet.neea.edu.cn/res/Home/1704/55b02330ac17274664f06d9d3db8249d.pdf,79
ill illness,官方词表未提供读音,官方《全国大学英语四、六级考试大纲（2016年修订版）》词表词目；官方未提供释义,官方词表只列词形，不列例句,1,全国大学英语四、六级考试大纲（2016年修订版）,https://cet.neea.edu.cn/res/Home/1704/55b02330ac17274664f06d9d3db8249d.pdf,79
illegal,官方词表未提供读音,官方《全国大学英语四、六级考试大纲（2016年修订版）》词表词目；官方未提供释义,官方词表只列词形，不列例句,1,全国大学英语四、六级考试大纲（2016年修订版）,https://cet.neea.edu.cn/res/Home/1704/55b02330ac17274664f06d9d3db8249d.pdf,79
illusion illusory,官方词表未提供读音,官方《全国大学英语四、六级考试大纲（2016年修订版）》词表词目；官方未提供释义,官方词表只列词形，不列例句,1,全国大学英语四、六级考试大纲（2016年修订版）,https://cet.neea.edu.cn/res/Home/1704/55b02330ac17274664f06d9d3db8249d.pdf,79
illustrate illustration illustrative,官方词表未提供读音,官方《全国大学英语四、六级考试大纲（2016年修订版）》词表词目；官方未提供释义,官方词表只列词形，不列例句,1,全国大学英语四、六级考试大纲（2016年修订版）,https://cet.neea.edu.cn/res/Home/1704/55b02330ac17274664f06d9d3db8249d.pdf,79
image imaging,官方词表未提供读音,官方《全国大学英语四、六级考试大纲（2016年修订版）》词表词目；官方未提供释义,官方词表只列词形，不列例句,1,全国大学英语四、六级考试大纲（2016年修订版）,https://cet.neea.edu.cn/res/Home/1704/55b02330ac17274664f06d9d3db8249d.pdf,79
imagine imagination imaginative imaginary,官方词表未提供读音,官方《全国大学英语四、六级考试大纲（2016年修订版）》词表词目；官方未提供释义,官方词表只列词形，不列例句,1,全国大学英语四、六级考试大纲（2016年修订版）,https://cet.neea.edu.cn/res/Home/1704/55b02330ac17274664f06d9d3db8249d.pdf,79
imitate imitation imitative,官方词表未提供读音,官方《全国大学英语四、六级考试大纲（2016年修订版）》词表词目；官方未提供释义,官方词表只列词形，不列例句,1,全国大学英语四、六级考试大纲（2016年修订版）,https://cet.neea.edu.cn/res/Home/1704/55b02330ac17274664f06d9d3db8249d.pdf,79
immediate immediately,官方词表未提供读音,官方《全国大学英语四、六级考试大纲（2016年修订版）》词表词目；官方未提供释义,官方词表只列词形，不列例句,1,全国大学英语四、六级考试大纲（2016年修订版）,https://cet.neea.edu.cn/res/Home/1704/55b02330ac17274664f06d9d3db8249d.pdf,79
immense immensely immensity,官方词表未提供读音,官方《全国大学英语四、六级考试大纲（2016年修订版）》词表词目；官方未提供释义,官方词表只列词形，不列例句,1,全国大学英语四、六级考试大纲（2016年修订版）,https://cet.neea.edu.cn/res/Home/1704/55b02330ac17274664f06d9d3db8249d.pdf,79
immigrate immigration immigrant,官方词表未提供读音,官方《全国大学英语四、六级考试大纲（2016年修订版）》词表词目；官方未提供释义,官方词表只列词形，不列例句,1,全国大学英语四、六级考试大纲（2016年修订版）,https://cet.neea.edu.cn/res/Home/1704/55b02330ac17274664f06d9d3db8249d.pdf,79
immune immunity immunize/-ise,官方词表未提供读音,官方《全国大学英语四、六级考试大纲（2016年修订版）》词表词目；官方未提供释义,官方词表只列词形，不列例句,1,全国大学英语四、六级考试大纲（2016年修订版）,https://cet.neea.edu.cn/res/Home/1704/55b02330ac17274664f06d9d3db8249d.pdf,79
impact,官方词表未提供读音,官方《全国大学英语四、六级考试大纲（2016年修订版）》词表词目；官方未提供释义,官方词表只列词形，不列例句,1,全国大学英语四、六级考试大纲（2016年修订版）,https://cet.neea.edu.cn/res/Home/1704/55b02330ac17274664f06d9d3db8249d.pdf,79
impatient impatience,官方词表未提供读音,官方《全国大学英语四、六级考试大纲（2016年修订版）》词表词目；官方未提供释义,官方词表只列词形，不列例句,1,全国大学英语四、六级考试大纲（2016年修订版）,https://cet.neea.edu.cn/res/Home/1704/55b02330ac17274664f06d9d3db8249d.pdf,80
imperial imperialism imperialist,官方词表未提供读音,官方《全国大学英语四、六级考试大纲（2016年修订版）》词表词目；官方未提供释义,官方词表只列词形，不列例句,1,全国大学英语四、六级考试大纲（2016年修订版）,https://cet.neea.edu.cn/res/Home/1704/55b02330ac17274664f06d9d3db8249d.pdf,80
implement,官方词表未提供读音,官方《全国大学英语四、六级考试大纲（2016年修订版）》词表词目；官方未提供释义,官方词表只列词形，不列例句,1,全国大学英语四、六级考试大纲（2016年修订版）,https://cet.neea.edu.cn/res/Home/1704/55b02330ac17274664f06d9d3db8249d.pdf,80
implementation,官方词表未提供读音,官方《全国大学英语四、六级考试大纲（2016年修订版）》词表词目；官方未提供释义,官方词表只列词形，不列例句,1,全国大学英语四、六级考试大纲（2016年修订版）,https://cet.neea.edu.cn/res/Home/1704/55b02330ac17274664f06d9d3db8249d.pdf,80
implicit,官方词表未提供读音,官方《全国大学英语四、六级考试大纲（2016年修订版）》词表词目；官方未提供释义,官方词表只列词形，不列例句,1,全国大学英语四、六级考试大纲（2016年修订版）,https://cet.neea.edu.cn/res/Home/1704/55b02330ac17274664f06d9d3db8249d.pdf,80
imply implication,官方词表未提供读音,官方《全国大学英语四、六级考试大纲（2016年修订版）》词表词目；官方未提供释义,官方词表只列词形，不列例句,1,全国大学英语四、六级考试大纲（2016年修订版）,https://cet.neea.edu.cn/res/Home/1704/55b02330ac17274664f06d9d3db8249d.pdf,80
import importation,官方词表未提供读音,官方《全国大学英语四、六级考试大纲（2016年修订版）》词表词目；官方未提供释义,官方词表只列词形，不列例句,1,全国大学英语四、六级考试大纲（2016年修订版）,https://cet.neea.edu.cn/res/Home/1704/55b02330ac17274664f06d9d3db8249d.pdf,80
important importance,官方词表未提供读音,官方《全国大学英语四、六级考试大纲（2016年修订版）》词表词目；官方未提供释义,官方词表只列词形，不列例句,1,全国大学英语四、六级考试大纲（2016年修订版）,https://cet.neea.edu.cn/res/Home/1704/55b02330ac17274664f06d9d3db8249d.pdf,80
impose imposition imposing,官方词表未提供读音,官方《全国大学英语四、六级考试大纲（2016年修订版）》词表词目；官方未提供释义,官方词表只列词形，不列例句,1,全国大学英语四、六级考试大纲（2016年修订版）,https://cet.neea.edu.cn/res/Home/1704/55b02330ac17274664f06d9d3db8249d.pdf,80
impossible impossibility,官方词表未提供读音,官方《全国大学英语四、六级考试大纲（2016年修订版）》词表词目；官方未提供释义,官方词表只列词形，不列例句,1,全国大学英语四、六级考试大纲（2016年修订版）,https://cet.neea.edu.cn/res/Home/1704/55b02330ac17274664f06d9d3db8249d.pdf,80
impress impression impressive,官方词表未提供读音,官方《全国大学英语四、六级考试大纲（2016年修订版）》词表词目；官方未提供释义,官方词表只列词形，不列例句,1,全国大学英语四、六级考试大纲（2016年修订版）,https://cet.neea.edu.cn/res/Home/1704/55b02330ac17274664f06d9d3db8249d.pdf,80
improve improvement,官方词表未提供读音,官方《全国大学英语四、六级考试大纲（2016年修订版）》词表词目；官方未提供释义,官方词表只列词形，不列例句,1,全国大学英语四、六级考试大纲（2016年修订版）,https://cet.neea.edu.cn/res/Home/1704/55b02330ac17274664f06d9d3db8249d.pdf,80
impulse impulsive,官方词表未提供读音,官方《全国大学英语四、六级考试大纲（2016年修订版）》词表词目；官方未提供释义,官方词表只列词形，不列例句,1,全国大学英语四、六级考试大纲（2016年修订版）,https://cet.neea.edu.cn/res/Home/1704/55b02330ac17274664f06d9d3db8249d.pdf,80
in,官方词表未提供读音,官方《全国大学英语四、六级考试大纲（2016年修订版）》词表词目；官方未提供释义,官方词表只列词形，不列例句,1,全国大学英语四、六级考试大纲（2016年修订版）,https://cet.neea.edu.cn/res/Home/1704/55b02330ac17274664f06d9d3db8249d.pdf,80
incentive,官方词表未提供读音,官方《全国大学英语四、六级考试大纲（2016年修订版）》词表词目；官方未提供释义,官方词表只列词形，不列例句,1,全国大学英语四、六级考试大纲（2016年修订版）,https://cet.neea.edu.cn/res/Home/1704/55b02330ac17274664f06d9d3db8249d.pdf,80
inch,官方词表未提供读音,官方《全国大学英语四、六级考试大纲（2016年修订版）》词表词目；官方未提供释义,官方词表只列词形，不列例句,1,全国大学英语四、六级考试大纲（2016年修订版）,https://cet.neea.edu.cn/res/Home/1704/55b02330ac17274664f06d9d3db8249d.pdf,80
incidence,官方词表未提供读音,官方《全国大学英语四、六级考试大纲（2016年修订版）》词表词目；官方未提供释义,官方词表只列词形，不列例句,1,全国大学英语四、六级考试大纲（2016年修订版）,https://cet.neea.edu.cn/res/Home/1704/55b02330ac17274664f06d9d3db8249d.pdf,80
incident incidental incidentally,官方词表未提供读音,官方《全国大学英语四、六级考试大纲（2016年修订版）》词表词目；官方未提供释义,官方词表只列词形，不列例句,1,全国大学英语四、六级考试大纲（2016年修订版）,https://cet.neea.edu.cn/res/Home/1704/55b02330ac17274664f06d9d3db8249d.pdf,80
incline inclined inclination,官方词表未提供读音,官方《全国大学英语四、六级考试大纲（2016年修订版）》词表词目；官方未提供释义,官方词表只列词形，不列例句,1,全国大学英语四、六级考试大纲（2016年修订版）,https://cet.neea.edu.cn/res/Home/1704/55b02330ac17274664f06d9d3db8249d.pdf,80
include inclusion inclusive including,官方词表未提供读音,官方《全国大学英语四、六级考试大纲（2016年修订版）》词表词目；官方未提供释义,官方词表只列词形，不列例句,1,全国大学英语四、六级考试大纲（2016年修订版）,https://cet.neea.edu.cn/res/Home/1704/55b02330ac17274664f06d9d3db8249d.pdf,80
income,官方词表未提供读音,官方《全国大学英语四、六级考试大纲（2016年修订版）》词表词目；官方未提供释义,官方词表只列词形，不列例句,1,全国大学英语四、六级考试大纲（2016年修订版）,https://cet.neea.edu.cn/res/Home/1704/55b02330ac17274664f06d9d3db8249d.pdf,80
increase increasingly,官方词表未提供读音,官方《全国大学英语四、六级考试大纲（2016年修订版）》词表词目；官方未提供释义,官方词表只列词形，不列例句,1,全国大学英语四、六级考试大纲（2016年修订版）,https://cet.neea.edu.cn/res/Home/1704/55b02330ac17274664f06d9d3db8249d.pdf,80
incredible incredibly,官方词表未提供读音,官方《全国大学英语四、六级考试大纲（2016年修订版）》词表词目；官方未提供释义,官方词表只列词形，不列例句,1,全国大学英语四、六级考试大纲（2016年修订版）,https://cet.neea.edu.cn/res/Home/1704/55b02330ac17274664f06d9d3db8249d.pdf,80
indeed,官方词表未提供读音,官方《全国大学英语四、六级考试大纲（2016年修订版）》词表词目；官方未提供释义,官方词表只列词形，不列例句,1,全国大学英语四、六级考试大纲（2016年修订版）,https://cet.neea.edu.cn/res/Home/1704/55b02330ac17274664f06d9d3db8249d.pdf,80
independent independence,官方词表未提供读音,官方《全国大学英语四、六级考试大纲（2016年修订版）》词表词目；官方未提供释义,官方词表只列词形，不列例句,1,全国大学英语四、六级考试大纲（2016年修订版）,https://cet.neea.edu.cn/res/Home/1704/55b02330ac17274664f06d9d3db8249d.pdf,80
index,官方词表未提供读音,官方《全国大学英语四、六级考试大纲（2016年修订版）》词表词目；官方未提供释义,官方词表只列词形，不列例句,1,全国大学英语四、六级考试大纲（2016年修订版）,https://cet.neea.edu.cn/res/Home/1704/55b02330ac17274664f06d9d3db8249d.pdf,80
indicate indication indicative indicator,官方词表未提供读音,官方《全国大学英语四、六级考试大纲（2016年修订版）》词表词目；官方未提供释义,官方词表只列词形，不列例句,1,全国大学英语四、六级考试大纲（2016年修订版）,https://cet.neea.edu.cn/res/Home/1704/55b02330ac17274664f06d9d3db8249d.pdf,80
indifferent indifference,官方词表未提供读音,官方《全国大学英语四、六级考试大纲（2016年修订版）》词表词目；官方未提供释义,官方词表只列词形，不列例句,1,全国大学英语四、六级考试大纲（2016年修订版）,https://cet.neea.edu.cn/res/Home/1704/55b02330ac17274664f06d9d3db8249d.pdf,80
indispensable,官方词表未提供读音,官方《全国大学英语四、六级考试大纲（2016年修订版）》词表词目；官方未提供释义,官方词表只列词形，不列例句,1,全国大学英语四、六级考试大纲（2016年修订版）,https://cet.neea.edu.cn/res/Home/1704/55b02330ac17274664f06d9d3db8249d.pdf,81
individual individualism,官方词表未提供读音,官方《全国大学英语四、六级考试大纲（2016年修订版）》词表词目；官方未提供释义,官方词表只列词形，不列例句,1,全国大学英语四、六级考试大纲（2016年修订版）,https://cet.neea.edu.cn/res/Home/1704/55b02330ac17274664f06d9d3db8249d.pdf,81
indoor indoors,官方词表未提供读音,官方《全国大学英语四、六级考试大纲（2016年修订版）》词表词目；官方未提供释义,官方词表只列词形，不列例句,1,全国大学英语四、六级考试大纲（2016年修订版）,https://cet.neea.edu.cn/res/Home/1704/55b02330ac17274664f06d9d3db8249d.pdf,81
induce inducement,官方词表未提供读音,官方《全国大学英语四、六级考试大纲（2016年修订版）》词表词目；官方未提供释义,官方词表只列词形，不列例句,1,全国大学英语四、六级考试大纲（2016年修订版）,https://cet.neea.edu.cn/res/Home/1704/55b02330ac17274664f06d9d3db8249d.pdf,81
industry industrial industrialize/-ise industrious,官方词表未提供读音,官方《全国大学英语四、六级考试大纲（2016年修订版）》词表词目；官方未提供释义,官方词表只列词形，不列例句,1,全国大学英语四、六级考试大纲（2016年修订版）,https://cet.neea.edu.cn/res/Home/1704/55b02330ac17274664f06d9d3db8249d.pdf,81
inevitable,官方词表未提供读音,官方《全国大学英语四、六级考试大纲（2016年修订版）》词表词目；官方未提供释义,官方词表只列词形，不列例句,1,全国大学英语四、六级考试大纲（2016年修订版）,https://cet.neea.edu.cn/res/Home/1704/55b02330ac17274664f06d9d3db8249d.pdf,81
infant,官方词表未提供读音,官方《全国大学英语四、六级考试大纲（2016年修订版）》词表词目；官方未提供释义,官方词表只列词形，不列例句,1,全国大学英语四、六级考试大纲（2016年修订版）,https://cet.neea.edu.cn/res/Home/1704/55b02330ac17274664f06d9d3db8249d.pdf,81
infect infection infectious,官方词表未提供读音,官方《全国大学英语四、六级考试大纲（2016年修订版）》词表词目；官方未提供释义,官方词表只列词形，不列例句,1,全国大学英语四、六级考试大纲（2016年修订版）,https://cet.neea.edu.cn/res/Home/1704/55b02330ac17274664f06d9d3db8249d.pdf,81
infer inference,官方词表未提供读音,官方《全国大学英语四、六级考试大纲（2016年修订版）》词表词目；官方未提供释义,官方词表只列词形，不列例句,1,全国大学英语四、六级考试大纲（2016年修订版）,https://cet.neea.edu.cn/res/Home/1704/55b02330ac17274664f06d9d3db8249d.pdf,81
inferior inferiority,官方词表未提供读音,官方《全国大学英语四、六级考试大纲（2016年修订版）》词表词目；官方未提供释义,官方词表只列词形，不列例句,1,全国大学英语四、六级考试大纲（2016年修订版）,https://cet.neea.edu.cn/res/Home/1704/55b02330ac17274664f06d9d3db8249d.pdf,81
infinite infinity infinitive,官方词表未提供读音,官方《全国大学英语四、六级考试大纲（2016年修订版）》词表词目；官方未提供释义,官方词表只列词形，不列例句,1,全国大学英语四、六级考试大纲（2016年修订版）,https://cet.neea.edu.cn/res/Home/1704/55b02330ac17274664f06d9d3db8249d.pdf,81
inflate inflation,官方词表未提供读音,官方《全国大学英语四、六级考试大纲（2016年修订版）》词表词目；官方未提供释义,官方词表只列词形，不列例句,1,全国大学英语四、六级考试大纲（2016年修订版）,https://cet.neea.edu.cn/res/Home/1704/55b02330ac17274664f06d9d3db8249d.pdf,81
influence influential,官方词表未提供读音,官方《全国大学英语四、六级考试大纲（2016年修订版）》词表词目；官方未提供释义,官方词表只列词形，不列例句,1,全国大学英语四、六级考试大纲（2016年修订版）,https://cet.neea.edu.cn/res/Home/1704/55b02330ac17274664f06d9d3db8249d.pdf,81
influenza/flu,官方词表未提供读音,官方《全国大学英语四、六级考试大纲（2016年修订版）》词表词目；官方未提供释义,官方词表只列词形，不列例句,1,全国大学英语四、六级考试大纲（2016年修订版）,https://cet.neea.edu.cn/res/Home/1704/55b02330ac17274664f06d9d3db8249d.pdf,81
inform information informative informant,官方词表未提供读音,官方《全国大学英语四、六级考试大纲（2016年修订版）》词表词目；官方未提供释义,官方词表只列词形，不列例句,1,全国大学英语四、六级考试大纲（2016年修订版）,https://cet.neea.edu.cn/res/Home/1704/55b02330ac17274664f06d9d3db8249d.pdf,81
infrastructure,官方词表未提供读音,官方《全国大学英语四、六级考试大纲（2016年修订版）》词表词目；官方未提供释义,官方词表只列词形，不列例句,1,全国大学英语四、六级考试大纲（2016年修订版）,https://cet.neea.edu.cn/res/Home/1704/55b02330ac17274664f06d9d3db8249d.pdf,81
ingredient,官方词表未提供读音,官方《全国大学英语四、六级考试大纲（2016年修订版）》词表词目；官方未提供释义,官方词表只列词形，不列例句,1,全国大学英语四、六级考试大纲（2016年修订版）,https://cet.neea.edu.cn/res/Home/1704/55b02330ac17274664f06d9d3db8249d.pdf,81
inhabit inhabitant,官方词表未提供读音,官方《全国大学英语四、六级考试大纲（2016年修订版）》词表词目；官方未提供释义,官方词表只列词形，不列例句,1,全国大学英语四、六级考试大纲（2016年修订版）,https://cet.neea.edu.cn/res/Home/1704/55b02330ac17274664f06d9d3db8249d.pdf,81
inherit inheritance,官方词表未提供读音,官方《全国大学英语四、六级考试大纲（2016年修订版）》词表词目；官方未提供释义,官方词表只列词形，不列例句,1,全国大学英语四、六级考试大纲（2016年修订版）,https://cet.neea.edu.cn/res/Home/1704/55b02330ac17274664f06d9d3db8249d.pdf,81
initial initially,官方词表未提供读音,官方《全国大学英语四、六级考试大纲（2016年修订版）》词表词目；官方未提供释义,官方词表只列词形，不列例句,1,全国大学英语四、六级考试大纲（2016年修订版）,https://cet.neea.edu.cn/res/Home/1704/55b02330ac17274664f06d9d3db8249d.pdf,81
initiate initiation initiative,官方词表未提供读音,官方《全国大学英语四、六级考试大纲（2016年修订版）》词表词目；官方未提供释义,官方词表只列词形，不列例句,1,全国大学英语四、六级考试大纲（2016年修订版）,https://cet.neea.edu.cn/res/Home/1704/55b02330ac17274664f06d9d3db8249d.pdf,81
injure injury injurious,官方词表未提供读音,官方《全国大学英语四、六级考试大纲（2016年修订版）》词表词目；官方未提供释义,官方词表只列词形，不列例句,1,全国大学英语四、六级考试大纲（2016年修订版）,https://cet.neea.edu.cn/res/Home/1704/55b02330ac17274664f06d9d3db8249d.pdf,81
ink,官方词表未提供读音,官方《全国大学英语四、六级考试大纲（2016年修订版）》词表词目；官方未提供释义,官方词表只列词形，不列例句,1,全国大学英语四、六级考试大纲（2016年修订版）,https://cet.neea.edu.cn/res/Home/1704/55b02330ac17274664f06d9d3db8249d.pdf,81
inland,官方词表未提供读音,官方《全国大学英语四、六级考试大纲（2016年修订版）》词表词目；官方未提供释义,官方词表只列词形，不列例句,1,全国大学英语四、六级考试大纲（2016年修订版）,https://cet.neea.edu.cn/res/Home/1704/55b02330ac17274664f06d9d3db8249d.pdf,81
inn,官方词表未提供读音,官方《全国大学英语四、六级考试大纲（2016年修订版）》词表词目；官方未提供释义,官方词表只列词形，不列例句,1,全国大学英语四、六级考试大纲（2016年修订版）,https://cet.neea.edu.cn/res/Home/1704/55b02330ac17274664f06d9d3db8249d.pdf,81
inner,官方词表未提供读音,官方《全国大学英语四、六级考试大纲（2016年修订版）》词表词目；官方未提供释义,官方词表只列词形，不列例句,1,全国大学英语四、六级考试大纲（2016年修订版）,https://cet.neea.edu.cn/res/Home/1704/55b02330ac17274664f06d9d3db8249d.pdf,81
innocent innocence,官方词表未提供读音,官方《全国大学英语四、六级考试大纲（2016年修订版）》词表词目；官方未提供释义,官方词表只列词形，不列例句,1,全国大学英语四、六级考试大纲（2016年修订版）,https://cet.neea.edu.cn/res/Home/1704/55b02330ac17274664f06d9d3db8249d.pdf,81
innovate innovation innovative,官方词表未提供读音,官方《全国大学英语四、六级考试大纲（2016年修订版）》词表词目；官方未提供释义,官方词表只列词形，不列例句,1,全国大学英语四、六级考试大纲（2016年修订版）,https://cet.neea.edu.cn/res/Home/1704/55b02330ac17274664f06d9d3db8249d.pdf,81
input,官方词表未提供读音,官方《全国大学英语四、六级考试大纲（2016年修订版）》词表词目；官方未提供释义,官方词表只列词形，不列例句,1,全国大学英语四、六级考试大纲（2016年修订版）,https://cet.neea.edu.cn/res/Home/1704/55b02330ac17274664f06d9d3db8249d.pdf,81
inquire/enquire inquiry/enquiry inquisitive,官方词表未提供读音,官方《全国大学英语四、六级考试大纲（2016年修订版）》词表词目；官方未提供释义,官方词表只列词形，不列例句,1,全国大学英语四、六级考试大纲（2016年修订版）,https://cet.neea.edu.cn/res/Home/1704/55b02330ac17274664f06d9d3db8249d.pdf,81
insane insanity,官方词表未提供读音,官方《全国大学英语四、六级考试大纲（2016年修订版）》词表词目；官方未提供释义,官方词表只列词形，不列例句,1,全国大学英语四、六级考试大纲（2016年修订版）,https://cet.neea.edu.cn/res/Home/1704/55b02330ac17274664f06d9d3db8249d.pdf,82
insect,官方词表未提供读音,官方《全国大学英语四、六级考试大纲（2016年修订版）》词表词目；官方未提供释义,官方词表只列词形，不列例句,1,全国大学英语四、六级考试大纲（2016年修订版）,https://cet.neea.edu.cn/res/Home/1704/55b02330ac17274664f06d9d3db8249d.pdf,82
insert insertion,官方词表未提供读音,官方《全国大学英语四、六级考试大纲（2016年修订版）》词表词目；官方未提供释义,官方词表只列词形，不列例句,1,全国大学英语四、六级考试大纲（2016年修订版）,https://cet.neea.edu.cn/res/Home/1704/55b02330ac17274664f06d9d3db8249d.pdf,82
inside insider,官方词表未提供读音,官方《全国大学英语四、六级考试大纲（2016年修订版）》词表词目；官方未提供释义,官方词表只列词形，不列例句,1,全国大学英语四、六级考试大纲（2016年修订版）,https://cet.neea.edu.cn/res/Home/1704/55b02330ac17274664f06d9d3db8249d.pdf,82
insight insightful,官方词表未提供读音,官方《全国大学英语四、六级考试大纲（2016年修订版）》词表词目；官方未提供释义,官方词表只列词形，不列例句,1,全国大学英语四、六级考试大纲（2016年修订版）,https://cet.neea.edu.cn/res/Home/1704/55b02330ac17274664f06d9d3db8249d.pdf,82
insist insistence insistent,官方词表未提供读音,官方《全国大学英语四、六级考试大纲（2016年修订版）》词表词目；官方未提供释义,官方词表只列词形，不列例句,1,全国大学英语四、六级考试大纲（2016年修订版）,https://cet.neea.edu.cn/res/Home/1704/55b02330ac17274664f06d9d3db8249d.pdf,82
inspect inspection inspector,官方词表未提供读音,官方《全国大学英语四、六级考试大纲（2016年修订版）》词表词目；官方未提供释义,官方词表只列词形，不列例句,1,全国大学英语四、六级考试大纲（2016年修订版）,https://cet.neea.edu.cn/res/Home/1704/55b02330ac17274664f06d9d3db8249d.pdf,82
inspire inspiration inspirational,官方词表未提供读音,官方《全国大学英语四、六级考试大纲（2016年修订版）》词表词目；官方未提供释义,官方词表只列词形，不列例句,1,全国大学英语四、六级考试大纲（2016年修订版）,https://cet.neea.edu.cn/res/Home/1704/55b02330ac17274664f06d9d3db8249d.pdf,82
instal(l) instal(l)ation,官方词表未提供读音,官方《全国大学英语四、六级考试大纲（2016年修订版）》词表词目；官方未提供释义,官方词表只列词形，不列例句,1,全国大学英语四、六级考试大纲（2016年修订版）,https://cet.neea.edu.cn/res/Home/1704/55b02330ac17274664f06d9d3db8249d.pdf,82
instal(l)ment,官方词表未提供读音,官方《全国大学英语四、六级考试大纲（2016年修订版）》词表词目；官方未提供释义,官方词表只列词形，不列例句,1,全国大学英语四、六级考试大纲（2016年修订版）,https://cet.neea.edu.cn/res/Home/1704/55b02330ac17274664f06d9d3db8249d.pdf,82
instance,官方词表未提供读音,官方《全国大学英语四、六级考试大纲（2016年修订版）》词表词目；官方未提供释义,官方词表只列词形，不列例句,1,全国大学英语四、六级考试大纲（2016年修订版）,https://cet.neea.edu.cn/res/Home/1704/55b02330ac17274664f06d9d3db8249d.pdf,82
instant instantaneous,官方词表未提供读音,官方《全国大学英语四、六级考试大纲（2016年修订版）》词表词目；官方未提供释义,官方词表只列词形，不列例句,1,全国大学英语四、六级考试大纲（2016年修订版）,https://cet.neea.edu.cn/res/Home/1704/55b02330ac17274664f06d9d3db8249d.pdf,82
instead,官方词表未提供读音,官方《全国大学英语四、六级考试大纲（2016年修订版）》词表词目；官方未提供释义,官方词表只列词形，不列例句,1,全国大学英语四、六级考试大纲（2016年修订版）,https://cet.neea.edu.cn/res/Home/1704/55b02330ac17274664f06d9d3db8249d.pdf,82
instinct instinctive,官方词表未提供读音,官方《全国大学英语四、六级考试大纲（2016年修订版）》词表词目；官方未提供释义,官方词表只列词形，不列例句,1,全国大学英语四、六级考试大纲（2016年修订版）,https://cet.neea.edu.cn/res/Home/1704/55b02330ac17274664f06d9d3db8249d.pdf,82
institute,官方词表未提供读音,官方《全国大学英语四、六级考试大纲（2016年修订版）》词表词目；官方未提供释义,官方词表只列词形，不列例句,1,全国大学英语四、六级考试大纲（2016年修订版）,https://cet.neea.edu.cn/res/Home/1704/55b02330ac17274664f06d9d3db8249d.pdf,82
institution institutional,官方词表未提供读音,官方《全国大学英语四、六级考试大纲（2016年修订版）》词表词目；官方未提供释义,官方词表只列词形，不列例句,1,全国大学英语四、六级考试大纲（2016年修订版）,https://cet.neea.edu.cn/res/Home/1704/55b02330ac17274664f06d9d3db8249d.pdf,82
instruct instruction instructor instructive,官方词表未提供读音,官方《全国大学英语四、六级考试大纲（2016年修订版）》词表词目；官方未提供释义,官方词表只列词形，不列例句,1,全国大学英语四、六级考试大纲（2016年修订版）,https://cet.neea.edu.cn/res/Home/1704/55b02330ac17274664f06d9d3db8249d.pdf,82
instrument instrumental,官方词表未提供读音,官方《全国大学英语四、六级考试大纲（2016年修订版）》词表词目；官方未提供释义,官方词表只列词形，不列例句,1,全国大学英语四、六级考试大纲（2016年修订版）,https://cet.neea.edu.cn/res/Home/1704/55b02330ac17274664f06d9d3db8249d.pdf,82
insult,官方词表未提供读音,官方《全国大学英语四、六级考试大纲（2016年修订版）》词表词目；官方未提供释义,官方词表只列词形，不列例句,1,全国大学英语四、六级考试大纲（2016年修订版）,https://cet.neea.edu.cn/res/Home/1704/55b02330ac17274664f06d9d3db8249d.pdf,82
insure/ensure insurance,官方词表未提供读音,官方《全国大学英语四、六级考试大纲（2016年修订版）》词表词目；官方未提供释义,官方词表只列词形，不列例句,1,全国大学英语四、六级考试大纲（2016年修订版）,https://cet.neea.edu.cn/res/Home/1704/55b02330ac17274664f06d9d3db8249d.pdf,82
intact,官方词表未提供读音,官方《全国大学英语四、六级考试大纲（2016年修订版）》词表词目；官方未提供释义,官方词表只列词形，不列例句,1,全国大学英语四、六级考试大纲（2016年修订版）,https://cet.neea.edu.cn/res/Home/1704/55b02330ac17274664f06d9d3db8249d.pdf,82
intake,官方词表未提供读音,官方《全国大学英语四、六级考试大纲（2016年修订版）》词表词目；官方未提供释义,官方词表只列词形，不列例句,1,全国大学英语四、六级考试大纲（2016年修订版）,https://cet.neea.edu.cn/res/Home/1704/55b02330ac17274664f06d9d3db8249d.pdf,82
intangible,官方词表未提供读音,官方《全国大学英语四、六级考试大纲（2016年修订版）》词表词目；官方未提供释义,官方词表只列词形，不列例句,1,全国大学英语四、六级考试大纲（2016年修订版）,https://cet.neea.edu.cn/res/Home/1704/55b02330ac17274664f06d9d3db8249d.pdf,82
integrate integration,官方词表未提供读音,官方《全国大学英语四、六级考试大纲（2016年修订版）》词表词目；官方未提供释义,官方词表只列词形，不列例句,1,全国大学英语四、六级考试大纲（2016年修订版）,https://cet.neea.edu.cn/res/Home/1704/55b02330ac17274664f06d9d3db8249d.pdf,82
integrity,官方词表未提供读音,官方《全国大学英语四、六级考试大纲（2016年修订版）》词表词目；官方未提供释义,官方词表只列词形，不列例句,1,全国大学英语四、六级考试大纲（2016年修订版）,https://cet.neea.edu.cn/res/Home/1704/55b02330ac17274664f06d9d3db8249d.pdf,82
intellectual,官方词表未提供读音,官方《全国大学英语四、六级考试大纲（2016年修订版）》词表词目；官方未提供释义,官方词表只列词形，不列例句,1,全国大学英语四、六级考试大纲（2016年修订版）,https://cet.neea.edu.cn/res/Home/1704/55b02330ac17274664f06d9d3db8249d.pdf,82
intelligent intelligence,官方词表未提供读音,官方《全国大学英语四、六级考试大纲（2016年修订版）》词表词目；官方未提供释义,官方词表只列词形，不列例句,1,全国大学英语四、六级考试大纲（2016年修订版）,https://cet.neea.edu.cn/res/Home/1704/55b02330ac17274664f06d9d3db8249d.pdf,82
intend intention intent intentional,官方词表未提供读音,官方《全国大学英语四、六级考试大纲（2016年修订版）》词表词目；官方未提供释义,官方词表只列词形，不列例句,1,全国大学英语四、六级考试大纲（2016年修订版）,https://cet.neea.edu.cn/res/Home/1704/55b02330ac17274664f06d9d3db8249d.pdf,82
intense intensity intensify,官方词表未提供读音,官方《全国大学英语四、六级考试大纲（2016年修订版）》词表词目；官方未提供释义,官方词表只列词形，不列例句,1,全国大学英语四、六级考试大纲（2016年修订版）,https://cet.neea.edu.cn/res/Home/1704/55b02330ac17274664f06d9d3db8249d.pdf,82
intensive,官方词表未提供读音,官方《全国大学英语四、六级考试大纲（2016年修订版）》词表词目；官方未提供释义,官方词表只列词形，不列例句,1,全国大学英语四、六级考试大纲（2016年修订版）,https://cet.neea.edu.cn/res/Home/1704/55b02330ac17274664f06d9d3db8249d.pdf,82
interact interaction interactive,官方词表未提供读音,官方《全国大学英语四、六级考试大纲（2016年修订版）》词表词目；官方未提供释义,官方词表只列词形，不列例句,1,全国大学英语四、六级考试大纲（2016年修订版）,https://cet.neea.edu.cn/res/Home/1704/55b02330ac17274664f06d9d3db8249d.pdf,82
interest interesting interested,官方词表未提供读音,官方《全国大学英语四、六级考试大纲（2016年修订版）》词表词目；官方未提供释义,官方词表只列词形，不列例句,1,全国大学英语四、六级考试大纲（2016年修订版）,https://cet.neea.edu.cn/res/Home/1704/55b02330ac17274664f06d9d3db8249d.pdf,82
interfere interference,官方词表未提供读音,官方《全国大学英语四、六级考试大纲（2016年修订版）》词表词目；官方未提供释义,官方词表只列词形，不列例句,1,全国大学英语四、六级考试大纲（2016年修订版）,https://cet.neea.edu.cn/res/Home/1704/55b02330ac17274664f06d9d3db8249d.pdf,82
interior,官方词表未提供读音,官方《全国大学英语四、六级考试大纲（2016年修订版）》词表词目；官方未提供释义,官方词表只列词形，不列例句,1,全国大学英语四、六级考试大纲（2016年修订版）,https://cet.neea.edu.cn/res/Home/1704/55b02330ac17274664f06d9d3db8249d.pdf,82
intermediate intermediary,官方词表未提供读音,官方《全国大学英语四、六级考试大纲（2016年修订版）》词表词目；官方未提供释义,官方词表只列词形，不列例句,1,全国大学英语四、六级考试大纲（2016年修订版）,https://cet.neea.edu.cn/res/Home/1704/55b02330ac17274664f06d9d3db8249d.pdf,82
internal,官方词表未提供读音,官方《全国大学英语四、六级考试大纲（2016年修订版）》词表词目；官方未提供释义,官方词表只列词形，不列例句,1,全国大学英语四、六级考试大纲（2016年修订版）,https://cet.neea.edu.cn/res/Home/1704/55b02330ac17274664f06d9d3db8249d.pdf,83
international,官方词表未提供读音,官方《全国大学英语四、六级考试大纲（2016年修订版）》词表词目；官方未提供释义,官方词表只列词形，不列例句,1,全国大学英语四、六级考试大纲（2016年修订版）,https://cet.neea.edu.cn/res/Home/1704/55b02330ac17274664f06d9d3db8249d.pdf,83
Internet/internet,官方词表未提供读音,官方《全国大学英语四、六级考试大纲（2016年修订版）》词表词目；官方未提供释义,官方词表只列词形，不列例句,1,全国大学英语四、六级考试大纲（2016年修订版）,https://cet.neea.edu.cn/res/Home/1704/55b02330ac17274664f06d9d3db8249d.pdf,83
interpret interpretation interpreter,官方词表未提供读音,官方《全国大学英语四、六级考试大纲（2016年修订版）》词表词目；官方未提供释义,官方词表只列词形，不列例句,1,全国大学英语四、六级考试大纲（2016年修订版）,https://cet.neea.edu.cn/res/Home/1704/55b02330ac17274664f06d9d3db8249d.pdf,83
interrupt interruption,官方词表未提供读音,官方《全国大学英语四、六级考试大纲（2016年修订版）》词表词目；官方未提供释义,官方词表只列词形，不列例句,1,全国大学英语四、六级考试大纲（2016年修订版）,https://cet.neea.edu.cn/res/Home/1704/55b02330ac17274664f06d9d3db8249d.pdf,83
interval,官方词表未提供读音,官方《全国大学英语四、六级考试大纲（2016年修订版）》词表词目；官方未提供释义,官方词表只列词形，不列例句,1,全国大学英语四、六级考试大纲（2016年修订版）,https://cet.neea.edu.cn/res/Home/1704/55b02330ac17274664f06d9d3db8249d.pdf,83
interview interviewer interviewee,官方词表未提供读音,官方《全国大学英语四、六级考试大纲（2016年修订版）》词表词目；官方未提供释义,官方词表只列词形，不列例句,1,全国大学英语四、六级考试大纲（2016年修订版）,https://cet.neea.edu.cn/res/Home/1704/55b02330ac17274664f06d9d3db8249d.pdf,83
intimate intimacy,官方词表未提供读音,官方《全国大学英语四、六级考试大纲（2016年修订版）》词表词目；官方未提供释义,官方词表只列词形，不列例句,1,全国大学英语四、六级考试大纲（2016年修订版）,https://cet.neea.edu.cn/res/Home/1704/55b02330ac17274664f06d9d3db8249d.pdf,83
into,官方词表未提供读音,官方《全国大学英语四、六级考试大纲（2016年修订版）》词表词目；官方未提供释义,官方词表只列词形，不列例句,1,全国大学英语四、六级考试大纲（2016年修订版）,https://cet.neea.edu.cn/res/Home/1704/55b02330ac17274664f06d9d3db8249d.pdf,83
introduce introduction introductory,官方词表未提供读音,官方《全国大学英语四、六级考试大纲（2016年修订版）》词表词目；官方未提供释义,官方词表只列词形，不列例句,1,全国大学英语四、六级考试大纲（2016年修订版）,https://cet.neea.edu.cn/res/Home/1704/55b02330ac17274664f06d9d3db8249d.pdf,83
intrude intrusion intruder,官方词表未提供读音,官方《全国大学英语四、六级考试大纲（2016年修订版）》词表词目；官方未提供释义,官方词表只列词形，不列例句,1,全国大学英语四、六级考试大纲（2016年修订版）,https://cet.neea.edu.cn/res/Home/1704/55b02330ac17274664f06d9d3db8249d.pdf,83
invade invasion invader invasive,官方词表未提供读音,官方《全国大学英语四、六级考试大纲（2016年修订版）》词表词目；官方未提供释义,官方词表只列词形，不列例句,1,全国大学英语四、六级考试大纲（2016年修订版）,https://cet.neea.edu.cn/res/Home/1704/55b02330ac17274664f06d9d3db8249d.pdf,83
invalid,官方词表未提供读音,官方《全国大学英语四、六级考试大纲（2016年修订版）》词表词目；官方未提供释义,官方词表只列词形，不列例句,1,全国大学英语四、六级考试大纲（2016年修订版）,https://cet.neea.edu.cn/res/Home/1704/55b02330ac17274664f06d9d3db8249d.pdf,83
invaluable,官方词表未提供读音,官方《全国大学英语四、六级考试大纲（2016年修订版）》词表词目；官方未提供释义,官方词表只列词形，不列例句,1,全国大学英语四、六级考试大纲（2016年修订版）,https://cet.neea.edu.cn/res/Home/1704/55b02330ac17274664f06d9d3db8249d.pdf,83
invariably,官方词表未提供读音,官方《全国大学英语四、六级考试大纲（2016年修订版）》词表词目；官方未提供释义,官方词表只列词形，不列例句,1,全国大学英语四、六级考试大纲（2016年修订版）,https://cet.neea.edu.cn/res/Home/1704/55b02330ac17274664f06d9d3db8249d.pdf,83
invent invention inventor,官方词表未提供读音,官方《全国大学英语四、六级考试大纲（2016年修订版）》词表词目；官方未提供释义,官方词表只列词形，不列例句,1,全国大学英语四、六级考试大纲（2016年修订版）,https://cet.neea.edu.cn/res/Home/1704/55b02330ac17274664f06d9d3db8249d.pdf,83
invest investment investor,官方词表未提供读音,官方《全国大学英语四、六级考试大纲（2016年修订版）》词表词目；官方未提供释义,官方词表只列词形，不列例句,1,全国大学英语四、六级考试大纲（2016年修订版）,https://cet.neea.edu.cn/res/Home/1704/55b02330ac17274664f06d9d3db8249d.pdf,83
investigate investigation investigator,官方词表未提供读音,官方《全国大学英语四、六级考试大纲（2016年修订版）》词表词目；官方未提供释义,官方词表只列词形，不列例句,1,全国大学英语四、六级考试大纲（2016年修订版）,https://cet.neea.edu.cn/res/Home/1704/55b02330ac17274664f06d9d3db8249d.pdf,83
invisible,官方词表未提供读音,官方《全国大学英语四、六级考试大纲（2016年修订版）》词表词目；官方未提供释义,官方词表只列词形，不列例句,1,全国大学英语四、六级考试大纲（2016年修订版）,https://cet.neea.edu.cn/res/Home/1704/55b02330ac17274664f06d9d3db8249d.pdf,83
invite invitation inviting,官方词表未提供读音,官方《全国大学英语四、六级考试大纲（2016年修订版）》词表词目；官方未提供释义,官方词表只列词形，不列例句,1,全国大学英语四、六级考试大纲（2016年修订版）,https://cet.neea.edu.cn/res/Home/1704/55b02330ac17274664f06d9d3db8249d.pdf,83
involve involvement involved,官方词表未提供读音,官方《全国大学英语四、六级考试大纲（2016年修订版）》词表词目；官方未提供释义,官方词表只列词形，不列例句,1,全国大学英语四、六级考试大纲（2016年修订版）,https://cet.neea.edu.cn/res/Home/1704/55b02330ac17274664f06d9d3db8249d.pdf,83
inward,官方词表未提供读音,官方《全国大学英语四、六级考试大纲（2016年修订版）》词表词目；官方未提供释义,官方词表只列词形，不列例句,1,全国大学英语四、六级考试大纲（2016年修订版）,https://cet.neea.edu.cn/res/Home/1704/55b02330ac17274664f06d9d3db8249d.pdf,83
iron,官方词表未提供读音,官方《全国大学英语四、六级考试大纲（2016年修订版）》词表词目；官方未提供释义,官方词表只列词形，不列例句,1,全国大学英语四、六级考试大纲（2016年修订版）,https://cet.neea.edu.cn/res/Home/1704/55b02330ac17274664f06d9d3db8249d.pdf,83
irony ironic(al) ironically,官方词表未提供读音,官方《全国大学英语四、六级考试大纲（2016年修订版）》词表词目；官方未提供释义,官方词表只列词形，不列例句,1,全国大学英语四、六级考试大纲（2016年修订版）,https://cet.neea.edu.cn/res/Home/1704/55b02330ac17274664f06d9d3db8249d.pdf,83
irrational,官方词表未提供读音,官方《全国大学英语四、六级考试大纲（2016年修订版）》词表词目；官方未提供释义,官方词表只列词形，不列例句,1,全国大学英语四、六级考试大纲（2016年修订版）,https://cet.neea.edu.cn/res/Home/1704/55b02330ac17274664f06d9d3db8249d.pdf,83
irregular,官方词表未提供读音,官方《全国大学英语四、六级考试大纲（2016年修订版）》词表词目；官方未提供释义,官方词表只列词形，不列例句,1,全国大学英语四、六级考试大纲（2016年修订版）,https://cet.neea.edu.cn/res/Home/1704/55b02330ac17274664f06d9d3db8249d.pdf,83
irrigate irrigation,官方词表未提供读音,官方《全国大学英语四、六级考试大纲（2016年修订版）》词表词目；官方未提供释义,官方词表只列词形，不列例句,1,全国大学英语四、六级考试大纲（2016年修订版）,https://cet.neea.edu.cn/res/Home/1704/55b02330ac17274664f06d9d3db8249d.pdf,83
island,官方词表未提供读音,官方《全国大学英语四、六级考试大纲（2016年修订版）》词表词目；官方未提供释义,官方词表只列词形，不列例句,1,全国大学英语四、六级考试大纲（2016年修订版）,https://cet.neea.edu.cn/res/Home/1704/55b02330ac17274664f06d9d3db8249d.pdf,83
isolate isolation,官方词表未提供读音,官方《全国大学英语四、六级考试大纲（2016年修订版）》词表词目；官方未提供释义,官方词表只列词形，不列例句,1,全国大学英语四、六级考试大纲（2016年修订版）,https://cet.neea.edu.cn/res/Home/1704/55b02330ac17274664f06d9d3db8249d.pdf,83
issue,官方词表未提供读音,官方《全国大学英语四、六级考试大纲（2016年修订版）》词表词目；官方未提供释义,官方词表只列词形，不列例句,1,全国大学英语四、六级考试大纲（2016年修订版）,https://cet.neea.edu.cn/res/Home/1704/55b02330ac17274664f06d9d3db8249d.pdf,84
it,官方词表未提供读音,官方《全国大学英语四、六级考试大纲（2016年修订版）》词表词目；官方未提供释义,官方词表只列词形，不列例句,1,全国大学英语四、六级考试大纲（2016年修订版）,https://cet.neea.edu.cn/res/Home/1704/55b02330ac17274664f06d9d3db8249d.pdf,84
item,官方词表未提供读音,官方《全国大学英语四、六级考试大纲（2016年修订版）》词表词目；官方未提供释义,官方词表只列词形，不列例句,1,全国大学英语四、六级考试大纲（2016年修订版）,https://cet.neea.edu.cn/res/Home/1704/55b02330ac17274664f06d9d3db8249d.pdf,84
its,官方词表未提供读音,官方《全国大学英语四、六级考试大纲（2016年修订版）》词表词目；官方未提供释义,官方词表只列词形，不列例句,1,全国大学英语四、六级考试大纲（2016年修订版）,https://cet.neea.edu.cn/res/Home/1704/55b02330ac17274664f06d9d3db8249d.pdf,84
itself,官方词表未提供读音,官方《全国大学英语四、六级考试大纲（2016年修订版）》词表词目；官方未提供释义,官方词表只列词形，不列例句,1,全国大学英语四、六级考试大纲（2016年修订版）,https://cet.neea.edu.cn/res/Home/1704/55b02330ac17274664f06d9d3db8249d.pdf,84
jacket,官方词表未提供读音,官方《全国大学英语四、六级考试大纲（2016年修订版）》词表词目；官方未提供释义,官方词表只列词形，不列例句,1,全国大学英语四、六级考试大纲（2016年修订版）,https://cet.neea.edu.cn/res/Home/1704/55b02330ac17274664f06d9d3db8249d.pdf,84
jail/gaol,官方词表未提供读音,官方《全国大学英语四、六级考试大纲（2016年修订版）》词表词目；官方未提供释义,官方词表只列词形，不列例句,1,全国大学英语四、六级考试大纲（2016年修订版）,https://cet.neea.edu.cn/res/Home/1704/55b02330ac17274664f06d9d3db8249d.pdf,84
jam,官方词表未提供读音,官方《全国大学英语四、六级考试大纲（2016年修订版）》词表词目；官方未提供释义,官方词表只列词形，不列例句,1,全国大学英语四、六级考试大纲（2016年修订版）,https://cet.neea.edu.cn/res/Home/1704/55b02330ac17274664f06d9d3db8249d.pdf,84
January,官方词表未提供读音,官方《全国大学英语四、六级考试大纲（2016年修订版）》词表词目；官方未提供释义,官方词表只列词形，不列例句,1,全国大学英语四、六级考试大纲（2016年修订版）,https://cet.neea.edu.cn/res/Home/1704/55b02330ac17274664f06d9d3db8249d.pdf,84
jar,官方词表未提供读音,官方《全国大学英语四、六级考试大纲（2016年修订版）》词表词目；官方未提供释义,官方词表只列词形，不列例句,1,全国大学英语四、六级考试大纲（2016年修订版）,https://cet.neea.edu.cn/res/Home/1704/55b02330ac17274664f06d9d3db8249d.pdf,84
jaw,官方词表未提供读音,官方《全国大学英语四、六级考试大纲（2016年修订版）》词表词目；官方未提供释义,官方词表只列词形，不列例句,1,全国大学英语四、六级考试大纲（2016年修订版）,https://cet.neea.edu.cn/res/Home/1704/55b02330ac17274664f06d9d3db8249d.pdf,84
jazz,官方词表未提供读音,官方《全国大学英语四、六级考试大纲（2016年修订版）》词表词目；官方未提供释义,官方词表只列词形，不列例句,1,全国大学英语四、六级考试大纲（2016年修订版）,https://cet.neea.edu.cn/res/Home/1704/55b02330ac17274664f06d9d3db8249d.pdf,84
jealous jealousy,官方词表未提供读音,官方《全国大学英语四、六级考试大纲（2016年修订版）》词表词目；官方未提供释义,官方词表只列词形，不列例句,1,全国大学英语四、六级考试大纲（2016年修订版）,https://cet.neea.edu.cn/res/Home/1704/55b02330ac17274664f06d9d3db8249d.pdf,84
jeans,官方词表未提供读音,官方《全国大学英语四、六级考试大纲（2016年修订版）》词表词目；官方未提供释义,官方词表只列词形，不列例句,1,全国大学英语四、六级考试大纲（2016年修订版）,https://cet.neea.edu.cn/res/Home/1704/55b02330ac17274664f06d9d3db8249d.pdf,84
jeep,官方词表未提供读音,官方《全国大学英语四、六级考试大纲（2016年修订版）》词表词目；官方未提供释义,官方词表只列词形，不列例句,1,全国大学英语四、六级考试大纲（2016年修订版）,https://cet.neea.edu.cn/res/Home/1704/55b02330ac17274664f06d9d3db8249d.pdf,84
jet,官方词表未提供读音,官方《全国大学英语四、六级考试大纲（2016年修订版）》词表词目；官方未提供释义,官方词表只列词形，不列例句,1,全国大学英语四、六级考试大纲（2016年修订版）,https://cet.neea.edu.cn/res/Home/1704/55b02330ac17274664f06d9d3db8249d.pdf,84
jetlag,官方词表未提供读音,官方《全国大学英语四、六级考试大纲（2016年修订版）》词表词目；官方未提供释义,官方词表只列词形，不列例句,1,全国大学英语四、六级考试大纲（2016年修订版）,https://cet.neea.edu.cn/res/Home/1704/55b02330ac17274664f06d9d3db8249d.pdf,84
jewel jewel(l)ery,官方词表未提供读音,官方《全国大学英语四、六级考试大纲（2016年修订版）》词表词目；官方未提供释义,官方词表只列词形，不列例句,1,全国大学英语四、六级考试大纲（2016年修订版）,https://cet.neea.edu.cn/res/Home/1704/55b02330ac17274664f06d9d3db8249d.pdf,84
job,官方词表未提供读音,官方《全国大学英语四、六级考试大纲（2016年修订版）》词表词目；官方未提供释义,官方词表只列词形，不列例句,1,全国大学英语四、六级考试大纲（2016年修订版）,https://cet.neea.edu.cn/res/Home/1704/55b02330ac17274664f06d9d3db8249d.pdf,84
jog,官方词表未提供读音,官方《全国大学英语四、六级考试大纲（2016年修订版）》词表词目；官方未提供释义,官方词表只列词形，不列例句,1,全国大学英语四、六级考试大纲（2016年修订版）,https://cet.neea.edu.cn/res/Home/1704/55b02330ac17274664f06d9d3db8249d.pdf,84
join,官方词表未提供读音,官方《全国大学英语四、六级考试大纲（2016年修订版）》词表词目；官方未提供释义,官方词表只列词形，不列例句,1,全国大学英语四、六级考试大纲（2016年修订版）,https://cet.neea.edu.cn/res/Home/1704/55b02330ac17274664f06d9d3db8249d.pdf,84
joint,官方词表未提供读音,官方《全国大学英语四、六级考试大纲（2016年修订版）》词表词目；官方未提供释义,官方词表只列词形，不列例句,1,全国大学英语四、六级考试大纲（2016年修订版）,https://cet.neea.edu.cn/res/Home/1704/55b02330ac17274664f06d9d3db8249d.pdf,84
joke,官方词表未提供读音,官方《全国大学英语四、六级考试大纲（2016年修订版）》词表词目；官方未提供释义,官方词表只列词形，不列例句,1,全国大学英语四、六级考试大纲（2016年修订版）,https://cet.neea.edu.cn/res/Home/1704/55b02330ac17274664f06d9d3db8249d.pdf,84
journal,官方词表未提供读音,官方《全国大学英语四、六级考试大纲（2016年修订版）》词表词目；官方未提供释义,官方词表只列词形，不列例句,1,全国大学英语四、六级考试大纲（2016年修订版）,https://cet.neea.edu.cn/res/Home/1704/55b02330ac17274664f06d9d3db8249d.pdf,84
journalism journalist,官方词表未提供读音,官方《全国大学英语四、六级考试大纲（2016年修订版）》词表词目；官方未提供释义,官方词表只列词形，不列例句,1,全国大学英语四、六级考试大纲（2016年修订版）,https://cet.neea.edu.cn/res/Home/1704/55b02330ac17274664f06d9d3db8249d.pdf,84
journey,官方词表未提供读音,官方《全国大学英语四、六级考试大纲（2016年修订版）》词表词目；官方未提供释义,官方词表只列词形，不列例句,1,全国大学英语四、六级考试大纲（2016年修订版）,https://cet.neea.edu.cn/res/Home/1704/55b02330ac17274664f06d9d3db8249d.pdf,84
joy joyous joyful,官方词表未提供读音,官方《全国大学英语四、六级考试大纲（2016年修订版）》词表词目；官方未提供释义,官方词表只列词形，不列例句,1,全国大学英语四、六级考试大纲（2016年修订版）,https://cet.neea.edu.cn/res/Home/1704/55b02330ac17274664f06d9d3db8249d.pdf,84
judge judg(e)ment,官方词表未提供读音,官方《全国大学英语四、六级考试大纲（2016年修订版）》词表词目；官方未提供释义,官方词表只列词形，不列例句,1,全国大学英语四、六级考试大纲（2016年修订版）,https://cet.neea.edu.cn/res/Home/1704/55b02330ac17274664f06d9d3db8249d.pdf,84
juice juicy,官方词表未提供读音,官方《全国大学英语四、六级考试大纲（2016年修订版）》词表词目；官方未提供释义,官方词表只列词形，不列例句,1,全国大学英语四、六级考试大纲（2016年修订版）,https://cet.neea.edu.cn/res/Home/1704/55b02330ac17274664f06d9d3db8249d.pdf,84
July,官方词表未提供读音,官方《全国大学英语四、六级考试大纲（2016年修订版）》词表词目；官方未提供释义,官方词表只列词形，不列例句,1,全国大学英语四、六级考试大纲（2016年修订版）,https://cet.neea.edu.cn/res/Home/1704/55b02330ac17274664f06d9d3db8249d.pdf,84
jump,官方词表未提供读音,官方《全国大学英语四、六级考试大纲（2016年修订版）》词表词目；官方未提供释义,官方词表只列词形，不列例句,1,全国大学英语四、六级考试大纲（2016年修订版）,https://cet.neea.edu.cn/res/Home/1704/55b02330ac17274664f06d9d3db8249d.pdf,85
June,官方词表未提供读音,官方《全国大学英语四、六级考试大纲（2016年修订版）》词表词目；官方未提供释义,官方词表只列词形，不列例句,1,全国大学英语四、六级考试大纲（2016年修订版）,https://cet.neea.edu.cn/res/Home/1704/55b02330ac17274664f06d9d3db8249d.pdf,85
jungle,官方词表未提供读音,官方《全国大学英语四、六级考试大纲（2016年修订版）》词表词目；官方未提供释义,官方词表只列词形，不列例句,1,全国大学英语四、六级考试大纲（2016年修订版）,https://cet.neea.edu.cn/res/Home/1704/55b02330ac17274664f06d9d3db8249d.pdf,85
junior,官方词表未提供读音,官方《全国大学英语四、六级考试大纲（2016年修订版）》词表词目；官方未提供释义,官方词表只列词形，不列例句,1,全国大学英语四、六级考试大纲（2016年修订版）,https://cet.neea.edu.cn/res/Home/1704/55b02330ac17274664f06d9d3db8249d.pdf,85
junk,官方词表未提供读音,官方《全国大学英语四、六级考试大纲（2016年修订版）》词表词目；官方未提供释义,官方词表只列词形，不列例句,1,全国大学英语四、六级考试大纲（2016年修订版）,https://cet.neea.edu.cn/res/Home/1704/55b02330ac17274664f06d9d3db8249d.pdf,85
jury juror,官方词表未提供读音,官方《全国大学英语四、六级考试大纲（2016年修订版）》词表词目；官方未提供释义,官方词表只列词形，不列例句,1,全国大学英语四、六级考试大纲（2016年修订版）,https://cet.neea.edu.cn/res/Home/1704/55b02330ac17274664f06d9d3db8249d.pdf,85
just,官方词表未提供读音,官方《全国大学英语四、六级考试大纲（2016年修订版）》词表词目；官方未提供释义,官方词表只列词形，不列例句,1,全国大学英语四、六级考试大纲（2016年修订版）,https://cet.neea.edu.cn/res/Home/1704/55b02330ac17274664f06d9d3db8249d.pdf,85
justice,官方词表未提供读音,官方《全国大学英语四、六级考试大纲（2016年修订版）》词表词目；官方未提供释义,官方词表只列词形，不列例句,1,全国大学英语四、六级考试大纲（2016年修订版）,https://cet.neea.edu.cn/res/Home/1704/55b02330ac17274664f06d9d3db8249d.pdf,85
justify justification,官方词表未提供读音,官方《全国大学英语四、六级考试大纲（2016年修订版）》词表词目；官方未提供释义,官方词表只列词形，不列例句,1,全国大学英语四、六级考试大纲（2016年修订版）,https://cet.neea.edu.cn/res/Home/1704/55b02330ac17274664f06d9d3db8249d.pdf,85
keen,官方词表未提供读音,官方《全国大学英语四、六级考试大纲（2016年修订版）》词表词目；官方未提供释义,官方词表只列词形，不列例句,1,全国大学英语四、六级考试大纲（2016年修订版）,https://cet.neea.edu.cn/res/Home/1704/55b02330ac17274664f06d9d3db8249d.pdf,85
keep,官方词表未提供读音,官方《全国大学英语四、六级考试大纲（2016年修订版）》词表词目；官方未提供释义,官方词表只列词形，不列例句,1,全国大学英语四、六级考试大纲（2016年修订版）,https://cet.neea.edu.cn/res/Home/1704/55b02330ac17274664f06d9d3db8249d.pdf,85
kettle,官方词表未提供读音,官方《全国大学英语四、六级考试大纲（2016年修订版）》词表词目；官方未提供释义,官方词表只列词形，不列例句,1,全国大学英语四、六级考试大纲（2016年修订版）,https://cet.neea.edu.cn/res/Home/1704/55b02330ac17274664f06d9d3db8249d.pdf,85
key,官方词表未提供读音,官方《全国大学英语四、六级考试大纲（2016年修订版）》词表词目；官方未提供释义,官方词表只列词形，不列例句,1,全国大学英语四、六级考试大纲（2016年修订版）,https://cet.neea.edu.cn/res/Home/1704/55b02330ac17274664f06d9d3db8249d.pdf,85
keyboard,官方词表未提供读音,官方《全国大学英语四、六级考试大纲（2016年修订版）》词表词目；官方未提供释义,官方词表只列词形，不列例句,1,全国大学英语四、六级考试大纲（2016年修订版）,https://cet.neea.edu.cn/res/Home/1704/55b02330ac17274664f06d9d3db8249d.pdf,85
kick,官方词表未提供读音,官方《全国大学英语四、六级考试大纲（2016年修订版）》词表词目；官方未提供释义,官方词表只列词形，不列例句,1,全国大学英语四、六级考试大纲（2016年修订版）,https://cet.neea.edu.cn/res/Home/1704/55b02330ac17274664f06d9d3db8249d.pdf,85
kid,官方词表未提供读音,官方《全国大学英语四、六级考试大纲（2016年修订版）》词表词目；官方未提供释义,官方词表只列词形，不列例句,1,全国大学英语四、六级考试大纲（2016年修订版）,https://cet.neea.edu.cn/res/Home/1704/55b02330ac17274664f06d9d3db8249d.pdf,85
kill,官方词表未提供读音,官方《全国大学英语四、六级考试大纲（2016年修订版）》词表词目；官方未提供释义,官方词表只列词形，不列例句,1,全国大学英语四、六级考试大纲（2016年修订版）,https://cet.neea.edu.cn/res/Home/1704/55b02330ac17274664f06d9d3db8249d.pdf,85
kilogram(me)/kilo,官方词表未提供读音,官方《全国大学英语四、六级考试大纲（2016年修订版）》词表词目；官方未提供释义,官方词表只列词形，不列例句,1,全国大学英语四、六级考试大纲（2016年修订版）,https://cet.neea.edu.cn/res/Home/1704/55b02330ac17274664f06d9d3db8249d.pdf,85
kilometer/-tre,官方词表未提供读音,官方《全国大学英语四、六级考试大纲（2016年修订版）》词表词目；官方未提供释义,官方词表只列词形，不列例句,1,全国大学英语四、六级考试大纲（2016年修订版）,https://cet.neea.edu.cn/res/Home/1704/55b02330ac17274664f06d9d3db8249d.pdf,85
kin,官方词表未提供读音,官方《全国大学英语四、六级考试大纲（2016年修订版）》词表词目；官方未提供释义,官方词表只列词形，不列例句,1,全国大学英语四、六级考试大纲（2016年修订版）,https://cet.neea.edu.cn/res/Home/1704/55b02330ac17274664f06d9d3db8249d.pdf,85
kind kindness,官方词表未提供读音,官方《全国大学英语四、六级考试大纲（2016年修订版）》词表词目；官方未提供释义,官方词表只列词形，不列例句,1,全国大学英语四、六级考试大纲（2016年修订版）,https://cet.neea.edu.cn/res/Home/1704/55b02330ac17274664f06d9d3db8249d.pdf,85
kindergarten,官方词表未提供读音,官方《全国大学英语四、六级考试大纲（2016年修订版）》词表词目；官方未提供释义,官方词表只列词形，不列例句,1,全国大学英语四、六级考试大纲（2016年修订版）,https://cet.neea.edu.cn/res/Home/1704/55b02330ac17274664f06d9d3db8249d.pdf,85
king,官方词表未提供读音,官方《全国大学英语四、六级考试大纲（2016年修订版）》词表词目；官方未提供释义,官方词表只列词形，不列例句,1,全国大学英语四、六级考试大纲（2016年修订版）,https://cet.neea.edu.cn/res/Home/1704/55b02330ac17274664f06d9d3db8249d.pdf,85
kingdom,官方词表未提供读音,官方《全国大学英语四、六级考试大纲（2016年修订版）》词表词目；官方未提供释义,官方词表只列词形，不列例句,1,全国大学英语四、六级考试大纲（2016年修订版）,https://cet.neea.edu.cn/res/Home/1704/55b02330ac17274664f06d9d3db8249d.pdf,85
kiss,官方词表未提供读音,官方《全国大学英语四、六级考试大纲（2016年修订版）》词表词目；官方未提供释义,官方词表只列词形，不列例句,1,全国大学英语四、六级考试大纲（2016年修订版）,https://cet.neea.edu.cn/res/Home/1704/55b02330ac17274664f06d9d3db8249d.pdf,85
kit,官方词表未提供读音,官方《全国大学英语四、六级考试大纲（2016年修订版）》词表词目；官方未提供释义,官方词表只列词形，不列例句,1,全国大学英语四、六级考试大纲（2016年修订版）,https://cet.neea.edu.cn/res/Home/1704/55b02330ac17274664f06d9d3db8249d.pdf,85
kitchen,官方词表未提供读音,官方《全国大学英语四、六级考试大纲（2016年修订版）》词表词目；官方未提供释义,官方词表只列词形，不列例句,1,全国大学英语四、六级考试大纲（2016年修订版）,https://cet.neea.edu.cn/res/Home/1704/55b02330ac17274664f06d9d3db8249d.pdf,85
kite,官方词表未提供读音,官方《全国大学英语四、六级考试大纲（2016年修订版）》词表词目；官方未提供释义,官方词表只列词形，不列例句,1,全国大学英语四、六级考试大纲（2016年修订版）,https://cet.neea.edu.cn/res/Home/1704/55b02330ac17274664f06d9d3db8249d.pdf,85
knee,官方词表未提供读音,官方《全国大学英语四、六级考试大纲（2016年修订版）》词表词目；官方未提供释义,官方词表只列词形，不列例句,1,全国大学英语四、六级考试大纲（2016年修订版）,https://cet.neea.edu.cn/res/Home/1704/55b02330ac17274664f06d9d3db8249d.pdf,85
kneel,官方词表未提供读音,官方《全国大学英语四、六级考试大纲（2016年修订版）》词表词目；官方未提供释义,官方词表只列词形，不列例句,1,全国大学英语四、六级考试大纲（2016年修订版）,https://cet.neea.edu.cn/res/Home/1704/55b02330ac17274664f06d9d3db8249d.pdf,85
knife,官方词表未提供读音,官方《全国大学英语四、六级考试大纲（2016年修订版）》词表词目；官方未提供释义,官方词表只列词形，不列例句,1,全国大学英语四、六级考试大纲（2016年修订版）,https://cet.neea.edu.cn/res/Home/1704/55b02330ac17274664f06d9d3db8249d.pdf,85
knit,官方词表未提供读音,官方《全国大学英语四、六级考试大纲（2016年修订版）》词表词目；官方未提供释义,官方词表只列词形，不列例句,1,全国大学英语四、六级考试大纲（2016年修订版）,https://cet.neea.edu.cn/res/Home/1704/55b02330ac17274664f06d9d3db8249d.pdf,85
knock,官方词表未提供读音,官方《全国大学英语四、六级考试大纲（2016年修订版）》词表词目；官方未提供释义,官方词表只列词形，不列例句,1,全国大学英语四、六级考试大纲（2016年修订版）,https://cet.neea.edu.cn/res/Home/1704/55b02330ac17274664f06d9d3db8249d.pdf,85
knot knotty,官方词表未提供读音,官方《全国大学英语四、六级考试大纲（2016年修订版）》词表词目；官方未提供释义,官方词表只列词形，不列例句,1,全国大学英语四、六级考试大纲（2016年修订版）,https://cet.neea.edu.cn/res/Home/1704/55b02330ac17274664f06d9d3db8249d.pdf,85
know knowledge knowledgeable,官方词表未提供读音,官方《全国大学英语四、六级考试大纲（2016年修订版）》词表词目；官方未提供释义,官方词表只列词形，不列例句,1,全国大学英语四、六级考试大纲（2016年修订版）,https://cet.neea.edu.cn/res/Home/1704/55b02330ac17274664f06d9d3db8249d.pdf,86
knowhow,官方词表未提供读音,官方《全国大学英语四、六级考试大纲（2016年修订版）》词表词目；官方未提供释义,官方词表只列词形，不列例句,1,全国大学英语四、六级考试大纲（2016年修订版）,https://cet.neea.edu.cn/res/Home/1704/55b02330ac17274664f06d9d3db8249d.pdf,86
label,官方词表未提供读音,官方《全国大学英语四、六级考试大纲（2016年修订版）》词表词目；官方未提供释义,官方词表只列词形，不列例句,1,全国大学英语四、六级考试大纲（2016年修订版）,https://cet.neea.edu.cn/res/Home/1704/55b02330ac17274664f06d9d3db8249d.pdf,86
labo(u)r laborious,官方词表未提供读音,官方《全国大学英语四、六级考试大纲（2016年修订版）》词表词目；官方未提供释义,官方词表只列词形，不列例句,1,全国大学英语四、六级考试大纲（2016年修订版）,https://cet.neea.edu.cn/res/Home/1704/55b02330ac17274664f06d9d3db8249d.pdf,86
laboratory/lab,官方词表未提供读音,官方《全国大学英语四、六级考试大纲（2016年修订版）》词表词目；官方未提供释义,官方词表只列词形，不列例句,1,全国大学英语四、六级考试大纲（2016年修订版）,https://cet.neea.edu.cn/res/Home/1704/55b02330ac17274664f06d9d3db8249d.pdf,86
lace,官方词表未提供读音,官方《全国大学英语四、六级考试大纲（2016年修订版）》词表词目；官方未提供释义,官方词表只列词形，不列例句,1,全国大学英语四、六级考试大纲（2016年修订版）,https://cet.neea.edu.cn/res/Home/1704/55b02330ac17274664f06d9d3db8249d.pdf,86
lack,官方词表未提供读音,官方《全国大学英语四、六级考试大纲（2016年修订版）》词表词目；官方未提供释义,官方词表只列词形，不列例句,1,全国大学英语四、六级考试大纲（2016年修订版）,https://cet.neea.edu.cn/res/Home/1704/55b02330ac17274664f06d9d3db8249d.pdf,86
ladder,官方词表未提供读音,官方《全国大学英语四、六级考试大纲（2016年修订版）》词表词目；官方未提供释义,官方词表只列词形，不列例句,1,全国大学英语四、六级考试大纲（2016年修订版）,https://cet.neea.edu.cn/res/Home/1704/55b02330ac17274664f06d9d3db8249d.pdf,86
lady,官方词表未提供读音,官方《全国大学英语四、六级考试大纲（2016年修订版）》词表词目；官方未提供释义,官方词表只列词形，不列例句,1,全国大学英语四、六级考试大纲（2016年修订版）,https://cet.neea.edu.cn/res/Home/1704/55b02330ac17274664f06d9d3db8249d.pdf,86
lag,官方词表未提供读音,官方《全国大学英语四、六级考试大纲（2016年修订版）》词表词目；官方未提供释义,官方词表只列词形，不列例句,1,全国大学英语四、六级考试大纲（2016年修订版）,https://cet.neea.edu.cn/res/Home/1704/55b02330ac17274664f06d9d3db8249d.pdf,86
lake,官方词表未提供读音,官方《全国大学英语四、六级考试大纲（2016年修订版）》词表词目；官方未提供释义,官方词表只列词形，不列例句,1,全国大学英语四、六级考试大纲（2016年修订版）,https://cet.neea.edu.cn/res/Home/1704/55b02330ac17274664f06d9d3db8249d.pdf,86
lamb,官方词表未提供读音,官方《全国大学英语四、六级考试大纲（2016年修订版）》词表词目；官方未提供释义,官方词表只列词形，不列例句,1,全国大学英语四、六级考试大纲（2016年修订版）,https://cet.neea.edu.cn/res/Home/1704/55b02330ac17274664f06d9d3db8249d.pdf,86
lame,官方词表未提供读音,官方《全国大学英语四、六级考试大纲（2016年修订版）》词表词目；官方未提供释义,官方词表只列词形，不列例句,1,全国大学英语四、六级考试大纲（2016年修订版）,https://cet.neea.edu.cn/res/Home/1704/55b02330ac17274664f06d9d3db8249d.pdf,86
lamp,官方词表未提供读音,官方《全国大学英语四、六级考试大纲（2016年修订版）》词表词目；官方未提供释义,官方词表只列词形，不列例句,1,全国大学英语四、六级考试大纲（2016年修订版）,https://cet.neea.edu.cn/res/Home/1704/55b02330ac17274664f06d9d3db8249d.pdf,86
land landing,官方词表未提供读音,官方《全国大学英语四、六级考试大纲（2016年修订版）》词表词目；官方未提供释义,官方词表只列词形，不列例句,1,全国大学英语四、六级考试大纲（2016年修订版）,https://cet.neea.edu.cn/res/Home/1704/55b02330ac17274664f06d9d3db8249d.pdf,86
landlord/landlady,官方词表未提供读音,官方《全国大学英语四、六级考试大纲（2016年修订版）》词表词目；官方未提供释义,官方词表只列词形，不列例句,1,全国大学英语四、六级考试大纲（2016年修订版）,https://cet.neea.edu.cn/res/Home/1704/55b02330ac17274664f06d9d3db8249d.pdf,86
landscape,官方词表未提供读音,官方《全国大学英语四、六级考试大纲（2016年修订版）》词表词目；官方未提供释义,官方词表只列词形，不列例句,1,全国大学英语四、六级考试大纲（2016年修订版）,https://cet.neea.edu.cn/res/Home/1704/55b02330ac17274664f06d9d3db8249d.pdf,86
lane,官方词表未提供读音,官方《全国大学英语四、六级考试大纲（2016年修订版）》词表词目；官方未提供释义,官方词表只列词形，不列例句,1,全国大学英语四、六级考试大纲（2016年修订版）,https://cet.neea.edu.cn/res/Home/1704/55b02330ac17274664f06d9d3db8249d.pdf,86
language,官方词表未提供读音,官方《全国大学英语四、六级考试大纲（2016年修订版）》词表词目；官方未提供释义,官方词表只列词形，不列例句,1,全国大学英语四、六级考试大纲（2016年修订版）,https://cet.neea.edu.cn/res/Home/1704/55b02330ac17274664f06d9d3db8249d.pdf,86
lap,官方词表未提供读音,官方《全国大学英语四、六级考试大纲（2016年修订版）》词表词目；官方未提供释义,官方词表只列词形，不列例句,1,全国大学英语四、六级考试大纲（2016年修订版）,https://cet.neea.edu.cn/res/Home/1704/55b02330ac17274664f06d9d3db8249d.pdf,86
laptop,官方词表未提供读音,官方《全国大学英语四、六级考试大纲（2016年修订版）》词表词目；官方未提供释义,官方词表只列词形，不列例句,1,全国大学英语四、六级考试大纲（2016年修订版）,https://cet.neea.edu.cn/res/Home/1704/55b02330ac17274664f06d9d3db8249d.pdf,86
large largely,官方词表未提供读音,官方《全国大学英语四、六级考试大纲（2016年修订版）》词表词目；官方未提供释义,官方词表只列词形，不列例句,1,全国大学英语四、六级考试大纲（2016年修订版）,https://cet.neea.edu.cn/res/Home/1704/55b02330ac17274664f06d9d3db8249d.pdf,86
laser,官方词表未提供读音,官方《全国大学英语四、六级考试大纲（2016年修订版）》词表词目；官方未提供释义,官方词表只列词形，不列例句,1,全国大学英语四、六级考试大纲（2016年修订版）,https://cet.neea.edu.cn/res/Home/1704/55b02330ac17274664f06d9d3db8249d.pdf,86
lass,官方词表未提供读音,官方《全国大学英语四、六级考试大纲（2016年修订版）》词表词目；官方未提供释义,官方词表只列词形，不列例句,1,全国大学英语四、六级考试大纲（2016年修订版）,https://cet.neea.edu.cn/res/Home/1704/55b02330ac17274664f06d9d3db8249d.pdf,86
last lastly,官方词表未提供读音,官方《全国大学英语四、六级考试大纲（2016年修订版）》词表词目；官方未提供释义,官方词表只列词形，不列例句,1,全国大学英语四、六级考试大纲（2016年修订版）,https://cet.neea.edu.cn/res/Home/1704/55b02330ac17274664f06d9d3db8249d.pdf,86
late later,官方词表未提供读音,官方《全国大学英语四、六级考试大纲（2016年修订版）》词表词目；官方未提供释义,官方词表只列词形，不列例句,1,全国大学英语四、六级考试大纲（2016年修订版）,https://cet.neea.edu.cn/res/Home/1704/55b02330ac17274664f06d9d3db8249d.pdf,86
lately,官方词表未提供读音,官方《全国大学英语四、六级考试大纲（2016年修订版）》词表词目；官方未提供释义,官方词表只列词形，不列例句,1,全国大学英语四、六级考试大纲（2016年修订版）,https://cet.neea.edu.cn/res/Home/1704/55b02330ac17274664f06d9d3db8249d.pdf,86
latter,官方词表未提供读音,官方《全国大学英语四、六级考试大纲（2016年修订版）》词表词目；官方未提供释义,官方词表只列词形，不列例句,1,全国大学英语四、六级考试大纲（2016年修订版）,https://cet.neea.edu.cn/res/Home/1704/55b02330ac17274664f06d9d3db8249d.pdf,86
laugh laughter,官方词表未提供读音,官方《全国大学英语四、六级考试大纲（2016年修订版）》词表词目；官方未提供释义,官方词表只列词形，不列例句,1,全国大学英语四、六级考试大纲（2016年修订版）,https://cet.neea.edu.cn/res/Home/1704/55b02330ac17274664f06d9d3db8249d.pdf,86
launch,官方词表未提供读音,官方《全国大学英语四、六级考试大纲（2016年修订版）》词表词目；官方未提供释义,官方词表只列词形，不列例句,1,全国大学英语四、六级考试大纲（2016年修订版）,https://cet.neea.edu.cn/res/Home/1704/55b02330ac17274664f06d9d3db8249d.pdf,86
laundry,官方词表未提供读音,官方《全国大学英语四、六级考试大纲（2016年修订版）》词表词目；官方未提供释义,官方词表只列词形，不列例句,1,全国大学英语四、六级考试大纲（2016年修订版）,https://cet.neea.edu.cn/res/Home/1704/55b02330ac17274664f06d9d3db8249d.pdf,86
lavatory,官方词表未提供读音,官方《全国大学英语四、六级考试大纲（2016年修订版）》词表词目；官方未提供释义,官方词表只列词形，不列例句,1,全国大学英语四、六级考试大纲（2016年修订版）,https://cet.neea.edu.cn/res/Home/1704/55b02330ac17274664f06d9d3db8249d.pdf,86
law lawful,官方词表未提供读音,官方《全国大学英语四、六级考试大纲（2016年修订版）》词表词目；官方未提供释义,官方词表只列词形，不列例句,1,全国大学英语四、六级考试大纲（2016年修订版）,https://cet.neea.edu.cn/res/Home/1704/55b02330ac17274664f06d9d3db8249d.pdf,86
lawn,官方词表未提供读音,官方《全国大学英语四、六级考试大纲（2016年修订版）》词表词目；官方未提供释义,官方词表只列词形，不列例句,1,全国大学英语四、六级考试大纲（2016年修订版）,https://cet.neea.edu.cn/res/Home/1704/55b02330ac17274664f06d9d3db8249d.pdf,86
lawyer,官方词表未提供读音,官方《全国大学英语四、六级考试大纲（2016年修订版）》词表词目；官方未提供释义,官方词表只列词形，不列例句,1,全国大学英语四、六级考试大纲（2016年修订版）,https://cet.neea.edu.cn/res/Home/1704/55b02330ac17274664f06d9d3db8249d.pdf,86
lay,官方词表未提供读音,官方《全国大学英语四、六级考试大纲（2016年修订版）》词表词目；官方未提供释义,官方词表只列词形，不列例句,1,全国大学英语四、六级考试大纲（2016年修订版）,https://cet.neea.edu.cn/res/Home/1704/55b02330ac17274664f06d9d3db8249d.pdf,86
layer,官方词表未提供读音,官方《全国大学英语四、六级考试大纲（2016年修订版）》词表词目；官方未提供释义,官方词表只列词形，不列例句,1,全国大学英语四、六级考试大纲（2016年修订版）,https://cet.neea.edu.cn/res/Home/1704/55b02330ac17274664f06d9d3db8249d.pdf,87
layoff,官方词表未提供读音,官方《全国大学英语四、六级考试大纲（2016年修订版）》词表词目；官方未提供释义,官方词表只列词形，不列例句,1,全国大学英语四、六级考试大纲（2016年修订版）,https://cet.neea.edu.cn/res/Home/1704/55b02330ac17274664f06d9d3db8249d.pdf,87
layout,官方词表未提供读音,官方《全国大学英语四、六级考试大纲（2016年修订版）》词表词目；官方未提供释义,官方词表只列词形，不列例句,1,全国大学英语四、六级考试大纲（2016年修订版）,https://cet.neea.edu.cn/res/Home/1704/55b02330ac17274664f06d9d3db8249d.pdf,87
lazy laziness,官方词表未提供读音,官方《全国大学英语四、六级考试大纲（2016年修订版）》词表词目；官方未提供释义,官方词表只列词形，不列例句,1,全国大学英语四、六级考试大纲（2016年修订版）,https://cet.neea.edu.cn/res/Home/1704/55b02330ac17274664f06d9d3db8249d.pdf,87
lead,官方词表未提供读音,官方《全国大学英语四、六级考试大纲（2016年修订版）》词表词目；官方未提供释义,官方词表只列词形，不列例句,1,全国大学英语四、六级考试大纲（2016年修订版）,https://cet.neea.edu.cn/res/Home/1704/55b02330ac17274664f06d9d3db8249d.pdf,87
leader leadership leading,官方词表未提供读音,官方《全国大学英语四、六级考试大纲（2016年修订版）》词表词目；官方未提供释义,官方词表只列词形，不列例句,1,全国大学英语四、六级考试大纲（2016年修订版）,https://cet.neea.edu.cn/res/Home/1704/55b02330ac17274664f06d9d3db8249d.pdf,87
leaf,官方词表未提供读音,官方《全国大学英语四、六级考试大纲（2016年修订版）》词表词目；官方未提供释义,官方词表只列词形，不列例句,1,全国大学英语四、六级考试大纲（2016年修订版）,https://cet.neea.edu.cn/res/Home/1704/55b02330ac17274664f06d9d3db8249d.pdf,87
league,官方词表未提供读音,官方《全国大学英语四、六级考试大纲（2016年修订版）》词表词目；官方未提供释义,官方词表只列词形，不列例句,1,全国大学英语四、六级考试大纲（2016年修订版）,https://cet.neea.edu.cn/res/Home/1704/55b02330ac17274664f06d9d3db8249d.pdf,87
leak,官方词表未提供读音,官方《全国大学英语四、六级考试大纲（2016年修订版）》词表词目；官方未提供释义,官方词表只列词形，不列例句,1,全国大学英语四、六级考试大纲（2016年修订版）,https://cet.neea.edu.cn/res/Home/1704/55b02330ac17274664f06d9d3db8249d.pdf,87
lean,官方词表未提供读音,官方《全国大学英语四、六级考试大纲（2016年修订版）》词表词目；官方未提供释义,官方词表只列词形，不列例句,1,全国大学英语四、六级考试大纲（2016年修订版）,https://cet.neea.edu.cn/res/Home/1704/55b02330ac17274664f06d9d3db8249d.pdf,87
leap,官方词表未提供读音,官方《全国大学英语四、六级考试大纲（2016年修订版）》词表词目；官方未提供释义,官方词表只列词形，不列例句,1,全国大学英语四、六级考试大纲（2016年修订版）,https://cet.neea.edu.cn/res/Home/1704/55b02330ac17274664f06d9d3db8249d.pdf,87
learn learned learning learner,官方词表未提供读音,官方《全国大学英语四、六级考试大纲（2016年修订版）》词表词目；官方未提供释义,官方词表只列词形，不列例句,1,全国大学英语四、六级考试大纲（2016年修订版）,https://cet.neea.edu.cn/res/Home/1704/55b02330ac17274664f06d9d3db8249d.pdf,87
lease,官方词表未提供读音,官方《全国大学英语四、六级考试大纲（2016年修订版）》词表词目；官方未提供释义,官方词表只列词形，不列例句,1,全国大学英语四、六级考试大纲（2016年修订版）,https://cet.neea.edu.cn/res/Home/1704/55b02330ac17274664f06d9d3db8249d.pdf,87
least,官方词表未提供读音,官方《全国大学英语四、六级考试大纲（2016年修订版）》词表词目；官方未提供释义,官方词表只列词形，不列例句,1,全国大学英语四、六级考试大纲（2016年修订版）,https://cet.neea.edu.cn/res/Home/1704/55b02330ac17274664f06d9d3db8249d.pdf,87
leather,官方词表未提供读音,官方《全国大学英语四、六级考试大纲（2016年修订版）》词表词目；官方未提供释义,官方词表只列词形，不列例句,1,全国大学英语四、六级考试大纲（2016年修订版）,https://cet.neea.edu.cn/res/Home/1704/55b02330ac17274664f06d9d3db8249d.pdf,87
leave,官方词表未提供读音,官方《全国大学英语四、六级考试大纲（2016年修订版）》词表词目；官方未提供释义,官方词表只列词形，不列例句,1,全国大学英语四、六级考试大纲（2016年修订版）,https://cet.neea.edu.cn/res/Home/1704/55b02330ac17274664f06d9d3db8249d.pdf,87
lecture lecturer,官方词表未提供读音,官方《全国大学英语四、六级考试大纲（2016年修订版）》词表词目；官方未提供释义,官方词表只列词形，不列例句,1,全国大学英语四、六级考试大纲（2016年修订版）,https://cet.neea.edu.cn/res/Home/1704/55b02330ac17274664f06d9d3db8249d.pdf,87
left leftist,官方词表未提供读音,官方《全国大学英语四、六级考试大纲（2016年修订版）》词表词目；官方未提供释义,官方词表只列词形，不列例句,1,全国大学英语四、六级考试大纲（2016年修订版）,https://cet.neea.edu.cn/res/Home/1704/55b02330ac17274664f06d9d3db8249d.pdf,87
leg,官方词表未提供读音,官方《全国大学英语四、六级考试大纲（2016年修订版）》词表词目；官方未提供释义,官方词表只列词形，不列例句,1,全国大学英语四、六级考试大纲（2016年修订版）,https://cet.neea.edu.cn/res/Home/1704/55b02330ac17274664f06d9d3db8249d.pdf,87
legal legalize/-ise,官方词表未提供读音,官方《全国大学英语四、六级考试大纲（2016年修订版）》词表词目；官方未提供释义,官方词表只列词形，不列例句,1,全国大学英语四、六级考试大纲（2016年修订版）,https://cet.neea.edu.cn/res/Home/1704/55b02330ac17274664f06d9d3db8249d.pdf,87
legend legendary,官方词表未提供读音,官方《全国大学英语四、六级考试大纲（2016年修订版）》词表词目；官方未提供释义,官方词表只列词形，不列例句,1,全国大学英语四、六级考试大纲（2016年修订版）,https://cet.neea.edu.cn/res/Home/1704/55b02330ac17274664f06d9d3db8249d.pdf,87
legislate legislation legislative legislator,官方词表未提供读音,官方《全国大学英语四、六级考试大纲（2016年修订版）》词表词目；官方未提供释义,官方词表只列词形，不列例句,1,全国大学英语四、六级考试大纲（2016年修订版）,https://cet.neea.edu.cn/res/Home/1704/55b02330ac17274664f06d9d3db8249d.pdf,87
leisure leisurely,官方词表未提供读音,官方《全国大学英语四、六级考试大纲（2016年修订版）》词表词目；官方未提供释义,官方词表只列词形，不列例句,1,全国大学英语四、六级考试大纲（2016年修订版）,https://cet.neea.edu.cn/res/Home/1704/55b02330ac17274664f06d9d3db8249d.pdf,87
lemon lemonade,官方词表未提供读音,官方《全国大学英语四、六级考试大纲（2016年修订版）》词表词目；官方未提供释义,官方词表只列词形，不列例句,1,全国大学英语四、六级考试大纲（2016年修订版）,https://cet.neea.edu.cn/res/Home/1704/55b02330ac17274664f06d9d3db8249d.pdf,87
lend,官方词表未提供读音,官方《全国大学英语四、六级考试大纲（2016年修订版）》词表词目；官方未提供释义,官方词表只列词形，不列例句,1,全国大学英语四、六级考试大纲（2016年修订版）,https://cet.neea.edu.cn/res/Home/1704/55b02330ac17274664f06d9d3db8249d.pdf,87
lens,官方词表未提供读音,官方《全国大学英语四、六级考试大纲（2016年修订版）》词表词目；官方未提供释义,官方词表只列词形，不列例句,1,全国大学英语四、六级考试大纲（2016年修订版）,https://cet.neea.edu.cn/res/Home/1704/55b02330ac17274664f06d9d3db8249d.pdf,87
less,官方词表未提供读音,官方《全国大学英语四、六级考试大纲（2016年修订版）》词表词目；官方未提供释义,官方词表只列词形，不列例句,1,全国大学英语四、六级考试大纲（2016年修订版）,https://cet.neea.edu.cn/res/Home/1704/55b02330ac17274664f06d9d3db8249d.pdf,87
lesson,官方词表未提供读音,官方《全国大学英语四、六级考试大纲（2016年修订版）》词表词目；官方未提供释义,官方词表只列词形，不列例句,1,全国大学英语四、六级考试大纲（2016年修订版）,https://cet.neea.edu.cn/res/Home/1704/55b02330ac17274664f06d9d3db8249d.pdf,87
lest,官方词表未提供读音,官方《全国大学英语四、六级考试大纲（2016年修订版）》词表词目；官方未提供释义,官方词表只列词形，不列例句,1,全国大学英语四、六级考试大纲（2016年修订版）,https://cet.neea.edu.cn/res/Home/1704/55b02330ac17274664f06d9d3db8249d.pdf,87
let,官方词表未提供读音,官方《全国大学英语四、六级考试大纲（2016年修订版）》词表词目；官方未提供释义,官方词表只列词形，不列例句,1,全国大学英语四、六级考试大纲（2016年修订版）,https://cet.neea.edu.cn/res/Home/1704/55b02330ac17274664f06d9d3db8249d.pdf,87
letter,官方词表未提供读音,官方《全国大学英语四、六级考试大纲（2016年修订版）》词表词目；官方未提供释义,官方词表只列词形，不列例句,1,全国大学英语四、六级考试大纲（2016年修订版）,https://cet.neea.edu.cn/res/Home/1704/55b02330ac17274664f06d9d3db8249d.pdf,87
level,官方词表未提供读音,官方《全国大学英语四、六级考试大纲（2016年修订版）》词表词目；官方未提供释义,官方词表只列词形，不列例句,1,全国大学英语四、六级考试大纲（2016年修订版）,https://cet.neea.edu.cn/res/Home/1704/55b02330ac17274664f06d9d3db8249d.pdf,87
liable liability,官方词表未提供读音,官方《全国大学英语四、六级考试大纲（2016年修订版）》词表词目；官方未提供释义,官方词表只列词形，不列例句,1,全国大学英语四、六级考试大纲（2016年修订版）,https://cet.neea.edu.cn/res/Home/1704/55b02330ac17274664f06d9d3db8249d.pdf,87
liberal,官方词表未提供读音,官方《全国大学英语四、六级考试大纲（2016年修订版）》词表词目；官方未提供释义,官方词表只列词形，不列例句,1,全国大学英语四、六级考试大纲（2016年修订版）,https://cet.neea.edu.cn/res/Home/1704/55b02330ac17274664f06d9d3db8249d.pdf,87
liberate liberation,官方词表未提供读音,官方《全国大学英语四、六级考试大纲（2016年修订版）》词表词目；官方未提供释义,官方词表只列词形，不列例句,1,全国大学英语四、六级考试大纲（2016年修订版）,https://cet.neea.edu.cn/res/Home/1704/55b02330ac17274664f06d9d3db8249d.pdf,88
liberty,官方词表未提供读音,官方《全国大学英语四、六级考试大纲（2016年修订版）》词表词目；官方未提供释义,官方词表只列词形，不列例句,1,全国大学英语四、六级考试大纲（2016年修订版）,https://cet.neea.edu.cn/res/Home/1704/55b02330ac17274664f06d9d3db8249d.pdf,88
library librarian,官方词表未提供读音,官方《全国大学英语四、六级考试大纲（2016年修订版）》词表词目；官方未提供释义,官方词表只列词形，不列例句,1,全国大学英语四、六级考试大纲（2016年修订版）,https://cet.neea.edu.cn/res/Home/1704/55b02330ac17274664f06d9d3db8249d.pdf,88
license/-ce,官方词表未提供读音,官方《全国大学英语四、六级考试大纲（2016年修订版）》词表词目；官方未提供释义,官方词表只列词形，不列例句,1,全国大学英语四、六级考试大纲（2016年修订版）,https://cet.neea.edu.cn/res/Home/1704/55b02330ac17274664f06d9d3db8249d.pdf,88
lick,官方词表未提供读音,官方《全国大学英语四、六级考试大纲（2016年修订版）》词表词目；官方未提供释义,官方词表只列词形，不列例句,1,全国大学英语四、六级考试大纲（2016年修订版）,https://cet.neea.edu.cn/res/Home/1704/55b02330ac17274664f06d9d3db8249d.pdf,88
lid,官方词表未提供读音,官方《全国大学英语四、六级考试大纲（2016年修订版）》词表词目；官方未提供释义,官方词表只列词形，不列例句,1,全国大学英语四、六级考试大纲（2016年修订版）,https://cet.neea.edu.cn/res/Home/1704/55b02330ac17274664f06d9d3db8249d.pdf,88
lie,官方词表未提供读音,官方《全国大学英语四、六级考试大纲（2016年修订版）》词表词目；官方未提供释义,官方词表只列词形，不列例句,1,全国大学英语四、六级考试大纲（2016年修订版）,https://cet.neea.edu.cn/res/Home/1704/55b02330ac17274664f06d9d3db8249d.pdf,88
liar,官方词表未提供读音,官方《全国大学英语四、六级考试大纲（2016年修订版）》词表词目；官方未提供释义,官方词表只列词形，不列例句,1,全国大学英语四、六级考试大纲（2016年修订版）,https://cet.neea.edu.cn/res/Home/1704/55b02330ac17274664f06d9d3db8249d.pdf,88
life,官方词表未提供读音,官方《全国大学英语四、六级考试大纲（2016年修订版）》词表词目；官方未提供释义,官方词表只列词形，不列例句,1,全国大学英语四、六级考试大纲（2016年修订版）,https://cet.neea.edu.cn/res/Home/1704/55b02330ac17274664f06d9d3db8249d.pdf,88
lift,官方词表未提供读音,官方《全国大学英语四、六级考试大纲（2016年修订版）》词表词目；官方未提供释义,官方词表只列词形，不列例句,1,全国大学英语四、六级考试大纲（2016年修订版）,https://cet.neea.edu.cn/res/Home/1704/55b02330ac17274664f06d9d3db8249d.pdf,88
light,官方词表未提供读音,官方《全国大学英语四、六级考试大纲（2016年修订版）》词表词目；官方未提供释义,官方词表只列词形，不列例句,1,全国大学英语四、六级考试大纲（2016年修订版）,https://cet.neea.edu.cn/res/Home/1704/55b02330ac17274664f06d9d3db8249d.pdf,88
lighting,官方词表未提供读音,官方《全国大学英语四、六级考试大纲（2016年修订版）》词表词目；官方未提供释义,官方词表只列词形，不列例句,1,全国大学英语四、六级考试大纲（2016年修订版）,https://cet.neea.edu.cn/res/Home/1704/55b02330ac17274664f06d9d3db8249d.pdf,88
lightning,官方词表未提供读音,官方《全国大学英语四、六级考试大纲（2016年修订版）》词表词目；官方未提供释义,官方词表只列词形，不列例句,1,全国大学英语四、六级考试大纲（2016年修订版）,https://cet.neea.edu.cn/res/Home/1704/55b02330ac17274664f06d9d3db8249d.pdf,88
like,官方词表未提供读音,官方《全国大学英语四、六级考试大纲（2016年修订版）》词表词目；官方未提供释义,官方词表只列词形，不列例句,1,全国大学英语四、六级考试大纲（2016年修订版）,https://cet.neea.edu.cn/res/Home/1704/55b02330ac17274664f06d9d3db8249d.pdf,88
likely likelihood,官方词表未提供读音,官方《全国大学英语四、六级考试大纲（2016年修订版）》词表词目；官方未提供释义,官方词表只列词形，不列例句,1,全国大学英语四、六级考试大纲（2016年修订版）,https://cet.neea.edu.cn/res/Home/1704/55b02330ac17274664f06d9d3db8249d.pdf,88
likewise,官方词表未提供读音,官方《全国大学英语四、六级考试大纲（2016年修订版）》词表词目；官方未提供释义,官方词表只列词形，不列例句,1,全国大学英语四、六级考试大纲（2016年修订版）,https://cet.neea.edu.cn/res/Home/1704/55b02330ac17274664f06d9d3db8249d.pdf,88
lily,官方词表未提供读音,官方《全国大学英语四、六级考试大纲（2016年修订版）》词表词目；官方未提供释义,官方词表只列词形，不列例句,1,全国大学英语四、六级考试大纲（2016年修订版）,https://cet.neea.edu.cn/res/Home/1704/55b02330ac17274664f06d9d3db8249d.pdf,88
limb,官方词表未提供读音,官方《全国大学英语四、六级考试大纲（2016年修订版）》词表词目；官方未提供释义,官方词表只列词形，不列例句,1,全国大学英语四、六级考试大纲（2016年修订版）,https://cet.neea.edu.cn/res/Home/1704/55b02330ac17274664f06d9d3db8249d.pdf,88
limit limitation limited,官方词表未提供读音,官方《全国大学英语四、六级考试大纲（2016年修订版）》词表词目；官方未提供释义,官方词表只列词形，不列例句,1,全国大学英语四、六级考试大纲（2016年修订版）,https://cet.neea.edu.cn/res/Home/1704/55b02330ac17274664f06d9d3db8249d.pdf,88
line linear,官方词表未提供读音,官方《全国大学英语四、六级考试大纲（2016年修订版）》词表词目；官方未提供释义,官方词表只列词形，不列例句,1,全国大学英语四、六级考试大纲（2016年修订版）,https://cet.neea.edu.cn/res/Home/1704/55b02330ac17274664f06d9d3db8249d.pdf,88
link linkage,官方词表未提供读音,官方《全国大学英语四、六级考试大纲（2016年修订版）》词表词目；官方未提供释义,官方词表只列词形，不列例句,1,全国大学英语四、六级考试大纲（2016年修订版）,https://cet.neea.edu.cn/res/Home/1704/55b02330ac17274664f06d9d3db8249d.pdf,88
lion lioness,官方词表未提供读音,官方《全国大学英语四、六级考试大纲（2016年修订版）》词表词目；官方未提供释义,官方词表只列词形，不列例句,1,全国大学英语四、六级考试大纲（2016年修订版）,https://cet.neea.edu.cn/res/Home/1704/55b02330ac17274664f06d9d3db8249d.pdf,88
lip,官方词表未提供读音,官方《全国大学英语四、六级考试大纲（2016年修订版）》词表词目；官方未提供释义,官方词表只列词形，不列例句,1,全国大学英语四、六级考试大纲（2016年修订版）,https://cet.neea.edu.cn/res/Home/1704/55b02330ac17274664f06d9d3db8249d.pdf,88
liquid,官方词表未提供读音,官方《全国大学英语四、六级考试大纲（2016年修订版）》词表词目；官方未提供释义,官方词表只列词形，不列例句,1,全国大学英语四、六级考试大纲（2016年修订版）,https://cet.neea.edu.cn/res/Home/1704/55b02330ac17274664f06d9d3db8249d.pdf,88
liquor,官方词表未提供读音,官方《全国大学英语四、六级考试大纲（2016年修订版）》词表词目；官方未提供释义,官方词表只列词形，不列例句,1,全国大学英语四、六级考试大纲（2016年修订版）,https://cet.neea.edu.cn/res/Home/1704/55b02330ac17274664f06d9d3db8249d.pdf,88
list,官方词表未提供读音,官方《全国大学英语四、六级考试大纲（2016年修订版）》词表词目；官方未提供释义,官方词表只列词形，不列例句,1,全国大学英语四、六级考试大纲（2016年修订版）,https://cet.neea.edu.cn/res/Home/1704/55b02330ac17274664f06d9d3db8249d.pdf,88
listen listener,官方词表未提供读音,官方《全国大学英语四、六级考试大纲（2016年修订版）》词表词目；官方未提供释义,官方词表只列词形，不列例句,1,全国大学英语四、六级考试大纲（2016年修订版）,https://cet.neea.edu.cn/res/Home/1704/55b02330ac17274664f06d9d3db8249d.pdf,88
liter/-tre,官方词表未提供读音,官方《全国大学英语四、六级考试大纲（2016年修订版）》词表词目；官方未提供释义,官方词表只列词形，不列例句,1,全国大学英语四、六级考试大纲（2016年修订版）,https://cet.neea.edu.cn/res/Home/1704/55b02330ac17274664f06d9d3db8249d.pdf,88
literal literally,官方词表未提供读音,官方《全国大学英语四、六级考试大纲（2016年修订版）》词表词目；官方未提供释义,官方词表只列词形，不列例句,1,全国大学英语四、六级考试大纲（2016年修订版）,https://cet.neea.edu.cn/res/Home/1704/55b02330ac17274664f06d9d3db8249d.pdf,88
literary literature literate literacy,官方词表未提供读音,官方《全国大学英语四、六级考试大纲（2016年修订版）》词表词目；官方未提供释义,官方词表只列词形，不列例句,1,全国大学英语四、六级考试大纲（2016年修订版）,https://cet.neea.edu.cn/res/Home/1704/55b02330ac17274664f06d9d3db8249d.pdf,88
litter,官方词表未提供读音,官方《全国大学英语四、六级考试大纲（2016年修订版）》词表词目；官方未提供释义,官方词表只列词形，不列例句,1,全国大学英语四、六级考试大纲（2016年修订版）,https://cet.neea.edu.cn/res/Home/1704/55b02330ac17274664f06d9d3db8249d.pdf,88
little,官方词表未提供读音,官方《全国大学英语四、六级考试大纲（2016年修订版）》词表词目；官方未提供释义,官方词表只列词形，不列例句,1,全国大学英语四、六级考试大纲（2016年修订版）,https://cet.neea.edu.cn/res/Home/1704/55b02330ac17274664f06d9d3db8249d.pdf,88
live,官方词表未提供读音,官方《全国大学英语四、六级考试大纲（2016年修订版）》词表词目；官方未提供释义,官方词表只列词形，不列例句,1,全国大学英语四、六级考试大纲（2016年修订版）,https://cet.neea.edu.cn/res/Home/1704/55b02330ac17274664f06d9d3db8249d.pdf,88
living,官方词表未提供读音,官方《全国大学英语四、六级考试大纲（2016年修订版）》词表词目；官方未提供释义,官方词表只列词形，不列例句,1,全国大学英语四、六级考试大纲（2016年修订版）,https://cet.neea.edu.cn/res/Home/1704/55b02330ac17274664f06d9d3db8249d.pdf,88
livelihood,官方词表未提供读音,官方《全国大学英语四、六级考试大纲（2016年修订版）》词表词目；官方未提供释义,官方词表只列词形，不列例句,1,全国大学英语四、六级考试大纲（2016年修订版）,https://cet.neea.edu.cn/res/Home/1704/55b02330ac17274664f06d9d3db8249d.pdf,89
lively,官方词表未提供读音,官方《全国大学英语四、六级考试大纲（2016年修订版）》词表词目；官方未提供释义,官方词表只列词形，不列例句,1,全国大学英语四、六级考试大纲（2016年修订版）,https://cet.neea.edu.cn/res/Home/1704/55b02330ac17274664f06d9d3db8249d.pdf,89
liver,官方词表未提供读音,官方《全国大学英语四、六级考试大纲（2016年修订版）》词表词目；官方未提供释义,官方词表只列词形，不列例句,1,全国大学英语四、六级考试大纲（2016年修订版）,https://cet.neea.edu.cn/res/Home/1704/55b02330ac17274664f06d9d3db8249d.pdf,89
living-room,官方词表未提供读音,官方《全国大学英语四、六级考试大纲（2016年修订版）》词表词目；官方未提供释义,官方词表只列词形，不列例句,1,全国大学英语四、六级考试大纲（2016年修订版）,https://cet.neea.edu.cn/res/Home/1704/55b02330ac17274664f06d9d3db8249d.pdf,89
load,官方词表未提供读音,官方《全国大学英语四、六级考试大纲（2016年修订版）》词表词目；官方未提供释义,官方词表只列词形，不列例句,1,全国大学英语四、六级考试大纲（2016年修订版）,https://cet.neea.edu.cn/res/Home/1704/55b02330ac17274664f06d9d3db8249d.pdf,89
loaf,官方词表未提供读音,官方《全国大学英语四、六级考试大纲（2016年修订版）》词表词目；官方未提供释义,官方词表只列词形，不列例句,1,全国大学英语四、六级考试大纲（2016年修订版）,https://cet.neea.edu.cn/res/Home/1704/55b02330ac17274664f06d9d3db8249d.pdf,89
loan,官方词表未提供读音,官方《全国大学英语四、六级考试大纲（2016年修订版）》词表词目；官方未提供释义,官方词表只列词形，不列例句,1,全国大学英语四、六级考试大纲（2016年修订版）,https://cet.neea.edu.cn/res/Home/1704/55b02330ac17274664f06d9d3db8249d.pdf,89
lobby lobbyist,官方词表未提供读音,官方《全国大学英语四、六级考试大纲（2016年修订版）》词表词目；官方未提供释义,官方词表只列词形，不列例句,1,全国大学英语四、六级考试大纲（2016年修订版）,https://cet.neea.edu.cn/res/Home/1704/55b02330ac17274664f06d9d3db8249d.pdf,89
local locality,官方词表未提供读音,官方《全国大学英语四、六级考试大纲（2016年修订版）》词表词目；官方未提供释义,官方词表只列词形，不列例句,1,全国大学英语四、六级考试大纲（2016年修订版）,https://cet.neea.edu.cn/res/Home/1704/55b02330ac17274664f06d9d3db8249d.pdf,89
locate location,官方词表未提供读音,官方《全国大学英语四、六级考试大纲（2016年修订版）》词表词目；官方未提供释义,官方词表只列词形，不列例句,1,全国大学英语四、六级考试大纲（2016年修订版）,https://cet.neea.edu.cn/res/Home/1704/55b02330ac17274664f06d9d3db8249d.pdf,89
lock locker,官方词表未提供读音,官方《全国大学英语四、六级考试大纲（2016年修订版）》词表词目；官方未提供释义,官方词表只列词形，不列例句,1,全国大学英语四、六级考试大纲（2016年修订版）,https://cet.neea.edu.cn/res/Home/1704/55b02330ac17274664f06d9d3db8249d.pdf,89
lodge lodging,官方词表未提供读音,官方《全国大学英语四、六级考试大纲（2016年修订版）》词表词目；官方未提供释义,官方词表只列词形，不列例句,1,全国大学英语四、六级考试大纲（2016年修订版）,https://cet.neea.edu.cn/res/Home/1704/55b02330ac17274664f06d9d3db8249d.pdf,89
log,官方词表未提供读音,官方《全国大学英语四、六级考试大纲（2016年修订版）》词表词目；官方未提供释义,官方词表只列词形，不列例句,1,全国大学英语四、六级考试大纲（2016年修订版）,https://cet.neea.edu.cn/res/Home/1704/55b02330ac17274664f06d9d3db8249d.pdf,89
logic logical,官方词表未提供读音,官方《全国大学英语四、六级考试大纲（2016年修订版）》词表词目；官方未提供释义,官方词表只列词形，不列例句,1,全国大学英语四、六级考试大纲（2016年修订版）,https://cet.neea.edu.cn/res/Home/1704/55b02330ac17274664f06d9d3db8249d.pdf,89
logo,官方词表未提供读音,官方《全国大学英语四、六级考试大纲（2016年修订版）》词表词目；官方未提供释义,官方词表只列词形，不列例句,1,全国大学英语四、六级考试大纲（2016年修订版）,https://cet.neea.edu.cn/res/Home/1704/55b02330ac17274664f06d9d3db8249d.pdf,89
lonely loneliness,官方词表未提供读音,官方《全国大学英语四、六级考试大纲（2016年修订版）》词表词目；官方未提供释义,官方词表只列词形，不列例句,1,全国大学英语四、六级考试大纲（2016年修订版）,https://cet.neea.edu.cn/res/Home/1704/55b02330ac17274664f06d9d3db8249d.pdf,89
long,官方词表未提供读音,官方《全国大学英语四、六级考试大纲（2016年修订版）》词表词目；官方未提供释义,官方词表只列词形，不列例句,1,全国大学英语四、六级考试大纲（2016年修订版）,https://cet.neea.edu.cn/res/Home/1704/55b02330ac17274664f06d9d3db8249d.pdf,89
length lengthy,官方词表未提供读音,官方《全国大学英语四、六级考试大纲（2016年修订版）》词表词目；官方未提供释义,官方词表只列词形，不列例句,1,全国大学英语四、六级考试大纲（2016年修订版）,https://cet.neea.edu.cn/res/Home/1704/55b02330ac17274664f06d9d3db8249d.pdf,89
look,官方词表未提供读音,官方《全国大学英语四、六级考试大纲（2016年修订版）》词表词目；官方未提供释义,官方词表只列词形，不列例句,1,全国大学英语四、六级考试大纲（2016年修订版）,https://cet.neea.edu.cn/res/Home/1704/55b02330ac17274664f06d9d3db8249d.pdf,89
loophole,官方词表未提供读音,官方《全国大学英语四、六级考试大纲（2016年修订版）》词表词目；官方未提供释义,官方词表只列词形，不列例句,1,全国大学英语四、六级考试大纲（2016年修订版）,https://cet.neea.edu.cn/res/Home/1704/55b02330ac17274664f06d9d3db8249d.pdf,89
loose loosen,官方词表未提供读音,官方《全国大学英语四、六级考试大纲（2016年修订版）》词表词目；官方未提供释义,官方词表只列词形，不列例句,1,全国大学英语四、六级考试大纲（2016年修订版）,https://cet.neea.edu.cn/res/Home/1704/55b02330ac17274664f06d9d3db8249d.pdf,89
lord,官方词表未提供读音,官方《全国大学英语四、六级考试大纲（2016年修订版）》词表词目；官方未提供释义,官方词表只列词形，不列例句,1,全国大学英语四、六级考试大纲（2016年修订版）,https://cet.neea.edu.cn/res/Home/1704/55b02330ac17274664f06d9d3db8249d.pdf,89
lorry,官方词表未提供读音,官方《全国大学英语四、六级考试大纲（2016年修订版）》词表词目；官方未提供释义,官方词表只列词形，不列例句,1,全国大学英语四、六级考试大纲（2016年修订版）,https://cet.neea.edu.cn/res/Home/1704/55b02330ac17274664f06d9d3db8249d.pdf,89
lose loss,官方词表未提供读音,官方《全国大学英语四、六级考试大纲（2016年修订版）》词表词目；官方未提供释义,官方词表只列词形，不列例句,1,全国大学英语四、六级考试大纲（2016年修订版）,https://cet.neea.edu.cn/res/Home/1704/55b02330ac17274664f06d9d3db8249d.pdf,89
lot,官方词表未提供读音,官方《全国大学英语四、六级考试大纲（2016年修订版）》词表词目；官方未提供释义,官方词表只列词形，不列例句,1,全国大学英语四、六级考试大纲（2016年修订版）,https://cet.neea.edu.cn/res/Home/1704/55b02330ac17274664f06d9d3db8249d.pdf,89
loud loudly,官方词表未提供读音,官方《全国大学英语四、六级考试大纲（2016年修订版）》词表词目；官方未提供释义,官方词表只列词形，不列例句,1,全国大学英语四、六级考试大纲（2016年修订版）,https://cet.neea.edu.cn/res/Home/1704/55b02330ac17274664f06d9d3db8249d.pdf,89
love lovely lover,官方词表未提供读音,官方《全国大学英语四、六级考试大纲（2016年修订版）》词表词目；官方未提供释义,官方词表只列词形，不列例句,1,全国大学英语四、六级考试大纲（2016年修订版）,https://cet.neea.edu.cn/res/Home/1704/55b02330ac17274664f06d9d3db8249d.pdf,89
low lower,官方词表未提供读音,官方《全国大学英语四、六级考试大纲（2016年修订版）》词表词目；官方未提供释义,官方词表只列词形，不列例句,1,全国大学英语四、六级考试大纲（2016年修订版）,https://cet.neea.edu.cn/res/Home/1704/55b02330ac17274664f06d9d3db8249d.pdf,89
loyal loyalty,官方词表未提供读音,官方《全国大学英语四、六级考试大纲（2016年修订版）》词表词目；官方未提供释义,官方词表只列词形，不列例句,1,全国大学英语四、六级考试大纲（2016年修订版）,https://cet.neea.edu.cn/res/Home/1704/55b02330ac17274664f06d9d3db8249d.pdf,89
luck lucky,官方词表未提供读音,官方《全国大学英语四、六级考试大纲（2016年修订版）》词表词目；官方未提供释义,官方词表只列词形，不列例句,1,全国大学英语四、六级考试大纲（2016年修订版）,https://cet.neea.edu.cn/res/Home/1704/55b02330ac17274664f06d9d3db8249d.pdf,90
luggage,官方词表未提供读音,官方《全国大学英语四、六级考试大纲（2016年修订版）》词表词目；官方未提供释义,官方词表只列词形，不列例句,1,全国大学英语四、六级考试大纲（2016年修订版）,https://cet.neea.edu.cn/res/Home/1704/55b02330ac17274664f06d9d3db8249d.pdf,90
lump,官方词表未提供读音,官方《全国大学英语四、六级考试大纲（2016年修订版）》词表词目；官方未提供释义,官方词表只列词形，不列例句,1,全国大学英语四、六级考试大纲（2016年修订版）,https://cet.neea.edu.cn/res/Home/1704/55b02330ac17274664f06d9d3db8249d.pdf,90
lunar,官方词表未提供读音,官方《全国大学英语四、六级考试大纲（2016年修订版）》词表词目；官方未提供释义,官方词表只列词形，不列例句,1,全国大学英语四、六级考试大纲（2016年修订版）,https://cet.neea.edu.cn/res/Home/1704/55b02330ac17274664f06d9d3db8249d.pdf,90
lunch luncheon,官方词表未提供读音,官方《全国大学英语四、六级考试大纲（2016年修订版）》词表词目；官方未提供释义,官方词表只列词形，不列例句,1,全国大学英语四、六级考试大纲（2016年修订版）,https://cet.neea.edu.cn/res/Home/1704/55b02330ac17274664f06d9d3db8249d.pdf,90
lung,官方词表未提供读音,官方《全国大学英语四、六级考试大纲（2016年修订版）》词表词目；官方未提供释义,官方词表只列词形，不列例句,1,全国大学英语四、六级考试大纲（2016年修订版）,https://cet.neea.edu.cn/res/Home/1704/55b02330ac17274664f06d9d3db8249d.pdf,90
luxury luxurious,官方词表未提供读音,官方《全国大学英语四、六级考试大纲（2016年修订版）》词表词目；官方未提供释义,官方词表只列词形，不列例句,1,全国大学英语四、六级考试大纲（2016年修订版）,https://cet.neea.edu.cn/res/Home/1704/55b02330ac17274664f06d9d3db8249d.pdf,90
machine machinery,官方词表未提供读音,官方《全国大学英语四、六级考试大纲（2016年修订版）》词表词目；官方未提供释义,官方词表只列词形，不列例句,1,全国大学英语四、六级考试大纲（2016年修订版）,https://cet.neea.edu.cn/res/Home/1704/55b02330ac17274664f06d9d3db8249d.pdf,90
mad madden,官方词表未提供读音,官方《全国大学英语四、六级考试大纲（2016年修订版）》词表词目；官方未提供释义,官方词表只列词形，不列例句,1,全国大学英语四、六级考试大纲（2016年修订版）,https://cet.neea.edu.cn/res/Home/1704/55b02330ac17274664f06d9d3db8249d.pdf,90
madam,官方词表未提供读音,官方《全国大学英语四、六级考试大纲（2016年修订版）》词表词目；官方未提供释义,官方词表只列词形，不列例句,1,全国大学英语四、六级考试大纲（2016年修订版）,https://cet.neea.edu.cn/res/Home/1704/55b02330ac17274664f06d9d3db8249d.pdf,90
magazine,官方词表未提供读音,官方《全国大学英语四、六级考试大纲（2016年修订版）》词表词目；官方未提供释义,官方词表只列词形，不列例句,1,全国大学英语四、六级考试大纲（2016年修订版）,https://cet.neea.edu.cn/res/Home/1704/55b02330ac17274664f06d9d3db8249d.pdf,90
magic magical,官方词表未提供读音,官方《全国大学英语四、六级考试大纲（2016年修订版）》词表词目；官方未提供释义,官方词表只列词形，不列例句,1,全国大学英语四、六级考试大纲（2016年修订版）,https://cet.neea.edu.cn/res/Home/1704/55b02330ac17274664f06d9d3db8249d.pdf,90
magnet magnetic,官方词表未提供读音,官方《全国大学英语四、六级考试大纲（2016年修订版）》词表词目；官方未提供释义,官方词表只列词形，不列例句,1,全国大学英语四、六级考试大纲（2016年修订版）,https://cet.neea.edu.cn/res/Home/1704/55b02330ac17274664f06d9d3db8249d.pdf,90
magnificent magnificence,官方词表未提供读音,官方《全国大学英语四、六级考试大纲（2016年修订版）》词表词目；官方未提供释义,官方词表只列词形，不列例句,1,全国大学英语四、六级考试大纲（2016年修订版）,https://cet.neea.edu.cn/res/Home/1704/55b02330ac17274664f06d9d3db8249d.pdf,90
maid,官方词表未提供读音,官方《全国大学英语四、六级考试大纲（2016年修订版）》词表词目；官方未提供释义,官方词表只列词形，不列例句,1,全国大学英语四、六级考试大纲（2016年修订版）,https://cet.neea.edu.cn/res/Home/1704/55b02330ac17274664f06d9d3db8249d.pdf,90
maiden,官方词表未提供读音,官方《全国大学英语四、六级考试大纲（2016年修订版）》词表词目；官方未提供释义,官方词表只列词形，不列例句,1,全国大学英语四、六级考试大纲（2016年修订版）,https://cet.neea.edu.cn/res/Home/1704/55b02330ac17274664f06d9d3db8249d.pdf,90
mail,官方词表未提供读音,官方《全国大学英语四、六级考试大纲（2016年修订版）》词表词目；官方未提供释义,官方词表只列词形，不列例句,1,全国大学英语四、六级考试大纲（2016年修订版）,https://cet.neea.edu.cn/res/Home/1704/55b02330ac17274664f06d9d3db8249d.pdf,90
main,官方词表未提供读音,官方《全国大学英语四、六级考试大纲（2016年修订版）》词表词目；官方未提供释义,官方词表只列词形，不列例句,1,全国大学英语四、六级考试大纲（2016年修订版）,https://cet.neea.edu.cn/res/Home/1704/55b02330ac17274664f06d9d3db8249d.pdf,90
mainland,官方词表未提供读音,官方《全国大学英语四、六级考试大纲（2016年修订版）》词表词目；官方未提供释义,官方词表只列词形，不列例句,1,全国大学英语四、六级考试大纲（2016年修订版）,https://cet.neea.edu.cn/res/Home/1704/55b02330ac17274664f06d9d3db8249d.pdf,90
mainstream,官方词表未提供读音,官方《全国大学英语四、六级考试大纲（2016年修订版）》词表词目；官方未提供释义,官方词表只列词形，不列例句,1,全国大学英语四、六级考试大纲（2016年修订版）,https://cet.neea.edu.cn/res/Home/1704/55b02330ac17274664f06d9d3db8249d.pdf,90
maintain maintenance,官方词表未提供读音,官方《全国大学英语四、六级考试大纲（2016年修订版）》词表词目；官方未提供释义,官方词表只列词形，不列例句,1,全国大学英语四、六级考试大纲（2016年修订版）,https://cet.neea.edu.cn/res/Home/1704/55b02330ac17274664f06d9d3db8249d.pdf,90
major majority,官方词表未提供读音,官方《全国大学英语四、六级考试大纲（2016年修订版）》词表词目；官方未提供释义,官方词表只列词形，不列例句,1,全国大学英语四、六级考试大纲（2016年修订版）,https://cet.neea.edu.cn/res/Home/1704/55b02330ac17274664f06d9d3db8249d.pdf,90
make,官方词表未提供读音,官方《全国大学英语四、六级考试大纲（2016年修订版）》词表词目；官方未提供释义,官方词表只列词形，不列例句,1,全国大学英语四、六级考试大纲（2016年修订版）,https://cet.neea.edu.cn/res/Home/1704/55b02330ac17274664f06d9d3db8249d.pdf,90
makeup,官方词表未提供读音,官方《全国大学英语四、六级考试大纲（2016年修订版）》词表词目；官方未提供释义,官方词表只列词形，不列例句,1,全国大学英语四、六级考试大纲（2016年修订版）,https://cet.neea.edu.cn/res/Home/1704/55b02330ac17274664f06d9d3db8249d.pdf,90
male,官方词表未提供读音,官方《全国大学英语四、六级考试大纲（2016年修订版）》词表词目；官方未提供释义,官方词表只列词形，不列例句,1,全国大学英语四、六级考试大纲（2016年修订版）,https://cet.neea.edu.cn/res/Home/1704/55b02330ac17274664f06d9d3db8249d.pdf,90
mall,官方词表未提供读音,官方《全国大学英语四、六级考试大纲（2016年修订版）》词表词目；官方未提供释义,官方词表只列词形，不列例句,1,全国大学英语四、六级考试大纲（2016年修订版）,https://cet.neea.edu.cn/res/Home/1704/55b02330ac17274664f06d9d3db8249d.pdf,90
mammal,官方词表未提供读音,官方《全国大学英语四、六级考试大纲（2016年修订版）》词表词目；官方未提供释义,官方词表只列词形，不列例句,1,全国大学英语四、六级考试大纲（2016年修订版）,https://cet.neea.edu.cn/res/Home/1704/55b02330ac17274664f06d9d3db8249d.pdf,90
man manly manhood,官方词表未提供读音,官方《全国大学英语四、六级考试大纲（2016年修订版）》词表词目；官方未提供释义,官方词表只列词形，不列例句,1,全国大学英语四、六级考试大纲（2016年修订版）,https://cet.neea.edu.cn/res/Home/1704/55b02330ac17274664f06d9d3db8249d.pdf,90
manage management manager managerial,官方词表未提供读音,官方《全国大学英语四、六级考试大纲（2016年修订版）》词表词目；官方未提供释义,官方词表只列词形，不列例句,1,全国大学英语四、六级考试大纲（2016年修订版）,https://cet.neea.edu.cn/res/Home/1704/55b02330ac17274664f06d9d3db8249d.pdf,90
manipulate manipulation manipulative,官方词表未提供读音,官方《全国大学英语四、六级考试大纲（2016年修订版）》词表词目；官方未提供释义,官方词表只列词形，不列例句,1,全国大学英语四、六级考试大纲（2016年修订版）,https://cet.neea.edu.cn/res/Home/1704/55b02330ac17274664f06d9d3db8249d.pdf,91
mankind,官方词表未提供读音,官方《全国大学英语四、六级考试大纲（2016年修订版）》词表词目；官方未提供释义,官方词表只列词形，不列例句,1,全国大学英语四、六级考试大纲（2016年修订版）,https://cet.neea.edu.cn/res/Home/1704/55b02330ac17274664f06d9d3db8249d.pdf,91
manner,官方词表未提供读音,官方《全国大学英语四、六级考试大纲（2016年修订版）》词表词目；官方未提供释义,官方词表只列词形，不列例句,1,全国大学英语四、六级考试大纲（2016年修订版）,https://cet.neea.edu.cn/res/Home/1704/55b02330ac17274664f06d9d3db8249d.pdf,91
manual,官方词表未提供读音,官方《全国大学英语四、六级考试大纲（2016年修订版）》词表词目；官方未提供释义,官方词表只列词形，不列例句,1,全国大学英语四、六级考试大纲（2016年修订版）,https://cet.neea.edu.cn/res/Home/1704/55b02330ac17274664f06d9d3db8249d.pdf,91
manufacture manufacturer,官方词表未提供读音,官方《全国大学英语四、六级考试大纲（2016年修订版）》词表词目；官方未提供释义,官方词表只列词形，不列例句,1,全国大学英语四、六级考试大纲（2016年修订版）,https://cet.neea.edu.cn/res/Home/1704/55b02330ac17274664f06d9d3db8249d.pdf,91
many,官方词表未提供读音,官方《全国大学英语四、六级考试大纲（2016年修订版）》词表词目；官方未提供释义,官方词表只列词形，不列例句,1,全国大学英语四、六级考试大纲（2016年修订版）,https://cet.neea.edu.cn/res/Home/1704/55b02330ac17274664f06d9d3db8249d.pdf,91
map,官方词表未提供读音,官方《全国大学英语四、六级考试大纲（2016年修订版）》词表词目；官方未提供释义,官方词表只列词形，不列例句,1,全国大学英语四、六级考试大纲（2016年修订版）,https://cet.neea.edu.cn/res/Home/1704/55b02330ac17274664f06d9d3db8249d.pdf,91
marathon,官方词表未提供读音,官方《全国大学英语四、六级考试大纲（2016年修订版）》词表词目；官方未提供释义,官方词表只列词形，不列例句,1,全国大学英语四、六级考试大纲（2016年修订版）,https://cet.neea.edu.cn/res/Home/1704/55b02330ac17274664f06d9d3db8249d.pdf,91
March,官方词表未提供读音,官方《全国大学英语四、六级考试大纲（2016年修订版）》词表词目；官方未提供释义,官方词表只列词形，不列例句,1,全国大学英语四、六级考试大纲（2016年修订版）,https://cet.neea.edu.cn/res/Home/1704/55b02330ac17274664f06d9d3db8249d.pdf,91
margin marginal,官方词表未提供读音,官方《全国大学英语四、六级考试大纲（2016年修订版）》词表词目；官方未提供释义,官方词表只列词形，不列例句,1,全国大学英语四、六级考试大纲（2016年修订版）,https://cet.neea.edu.cn/res/Home/1704/55b02330ac17274664f06d9d3db8249d.pdf,91
marine,官方词表未提供读音,官方《全国大学英语四、六级考试大纲（2016年修订版）》词表词目；官方未提供释义,官方词表只列词形，不列例句,1,全国大学英语四、六级考试大纲（2016年修订版）,https://cet.neea.edu.cn/res/Home/1704/55b02330ac17274664f06d9d3db8249d.pdf,91
mark,官方词表未提供读音,官方《全国大学英语四、六级考试大纲（2016年修订版）》词表词目；官方未提供释义,官方词表只列词形，不列例句,1,全国大学英语四、六级考试大纲（2016年修订版）,https://cet.neea.edu.cn/res/Home/1704/55b02330ac17274664f06d9d3db8249d.pdf,91
market marketing,官方词表未提供读音,官方《全国大学英语四、六级考试大纲（2016年修订版）》词表词目；官方未提供释义,官方词表只列词形，不列例句,1,全国大学英语四、六级考试大纲（2016年修订版）,https://cet.neea.edu.cn/res/Home/1704/55b02330ac17274664f06d9d3db8249d.pdf,91
marry marriage marital,官方词表未提供读音,官方《全国大学英语四、六级考试大纲（2016年修订版）》词表词目；官方未提供释义,官方词表只列词形，不列例句,1,全国大学英语四、六级考试大纲（2016年修订版）,https://cet.neea.edu.cn/res/Home/1704/55b02330ac17274664f06d9d3db8249d.pdf,91
marsh,官方词表未提供读音,官方《全国大学英语四、六级考试大纲（2016年修订版）》词表词目；官方未提供释义,官方词表只列词形，不列例句,1,全国大学英语四、六级考试大纲（2016年修订版）,https://cet.neea.edu.cn/res/Home/1704/55b02330ac17274664f06d9d3db8249d.pdf,91
marshal,官方词表未提供读音,官方《全国大学英语四、六级考试大纲（2016年修订版）》词表词目；官方未提供释义,官方词表只列词形，不列例句,1,全国大学英语四、六级考试大纲（2016年修订版）,https://cet.neea.edu.cn/res/Home/1704/55b02330ac17274664f06d9d3db8249d.pdf,91
marvel marvel(l)ous,官方词表未提供读音,官方《全国大学英语四、六级考试大纲（2016年修订版）》词表词目；官方未提供释义,官方词表只列词形，不列例句,1,全国大学英语四、六级考试大纲（2016年修订版）,https://cet.neea.edu.cn/res/Home/1704/55b02330ac17274664f06d9d3db8249d.pdf,91
Marxism Marxist,官方词表未提供读音,官方《全国大学英语四、六级考试大纲（2016年修订版）》词表词目；官方未提供释义,官方词表只列词形，不列例句,1,全国大学英语四、六级考试大纲（2016年修订版）,https://cet.neea.edu.cn/res/Home/1704/55b02330ac17274664f06d9d3db8249d.pdf,91
mask,官方词表未提供读音,官方《全国大学英语四、六级考试大纲（2016年修订版）》词表词目；官方未提供释义,官方词表只列词形，不列例句,1,全国大学英语四、六级考试大纲（2016年修订版）,https://cet.neea.edu.cn/res/Home/1704/55b02330ac17274664f06d9d3db8249d.pdf,91
mass massive,官方词表未提供读音,官方《全国大学英语四、六级考试大纲（2016年修订版）》词表词目；官方未提供释义,官方词表只列词形，不列例句,1,全国大学英语四、六级考试大纲（2016年修订版）,https://cet.neea.edu.cn/res/Home/1704/55b02330ac17274664f06d9d3db8249d.pdf,91
massage,官方词表未提供读音,官方《全国大学英语四、六级考试大纲（2016年修订版）》词表词目；官方未提供释义,官方词表只列词形，不列例句,1,全国大学英语四、六级考试大纲（2016年修订版）,https://cet.neea.edu.cn/res/Home/1704/55b02330ac17274664f06d9d3db8249d.pdf,91
master mastery,官方词表未提供读音,官方《全国大学英语四、六级考试大纲（2016年修订版）》词表词目；官方未提供释义,官方词表只列词形，不列例句,1,全国大学英语四、六级考试大纲（2016年修订版）,https://cet.neea.edu.cn/res/Home/1704/55b02330ac17274664f06d9d3db8249d.pdf,91
masterpiece,官方词表未提供读音,官方《全国大学英语四、六级考试大纲（2016年修订版）》词表词目；官方未提供释义,官方词表只列词形，不列例句,1,全国大学英语四、六级考试大纲（2016年修订版）,https://cet.neea.edu.cn/res/Home/1704/55b02330ac17274664f06d9d3db8249d.pdf,91
mat,官方词表未提供读音,官方《全国大学英语四、六级考试大纲（2016年修订版）》词表词目；官方未提供释义,官方词表只列词形，不列例句,1,全国大学英语四、六级考试大纲（2016年修订版）,https://cet.neea.edu.cn/res/Home/1704/55b02330ac17274664f06d9d3db8249d.pdf,91
match,官方词表未提供读音,官方《全国大学英语四、六级考试大纲（2016年修订版）》词表词目；官方未提供释义,官方词表只列词形，不列例句,1,全国大学英语四、六级考试大纲（2016年修订版）,https://cet.neea.edu.cn/res/Home/1704/55b02330ac17274664f06d9d3db8249d.pdf,91
mate,官方词表未提供读音,官方《全国大学英语四、六级考试大纲（2016年修订版）》词表词目；官方未提供释义,官方词表只列词形，不列例句,1,全国大学英语四、六级考试大纲（2016年修订版）,https://cet.neea.edu.cn/res/Home/1704/55b02330ac17274664f06d9d3db8249d.pdf,91
material materialism materialist materialize/-ise,官方词表未提供读音,官方《全国大学英语四、六级考试大纲（2016年修订版）》词表词目；官方未提供释义,官方词表只列词形，不列例句,1,全国大学英语四、六级考试大纲（2016年修订版）,https://cet.neea.edu.cn/res/Home/1704/55b02330ac17274664f06d9d3db8249d.pdf,91
math(ematics)/maths mathematical,官方词表未提供读音,官方《全国大学英语四、六级考试大纲（2016年修订版）》词表词目；官方未提供释义,官方词表只列词形，不列例句,1,全国大学英语四、六级考试大纲（2016年修订版）,https://cet.neea.edu.cn/res/Home/1704/55b02330ac17274664f06d9d3db8249d.pdf,91
matter,官方词表未提供读音,官方《全国大学英语四、六级考试大纲（2016年修订版）》词表词目；官方未提供释义,官方词表只列词形，不列例句,1,全国大学英语四、六级考试大纲（2016年修订版）,https://cet.neea.edu.cn/res/Home/1704/55b02330ac17274664f06d9d3db8249d.pdf,91
mature maturity,官方词表未提供读音,官方《全国大学英语四、六级考试大纲（2016年修订版）》词表词目；官方未提供释义,官方词表只列词形，不列例句,1,全国大学英语四、六级考试大纲（2016年修订版）,https://cet.neea.edu.cn/res/Home/1704/55b02330ac17274664f06d9d3db8249d.pdf,91
maximum maximize/-ise maximal,官方词表未提供读音,官方《全国大学英语四、六级考试大纲（2016年修订版）》词表词目；官方未提供释义,官方词表只列词形，不列例句,1,全国大学英语四、六级考试大纲（2016年修订版）,https://cet.neea.edu.cn/res/Home/1704/55b02330ac17274664f06d9d3db8249d.pdf,92
May,官方词表未提供读音,官方《全国大学英语四、六级考试大纲（2016年修订版）》词表词目；官方未提供释义,官方词表只列词形，不列例句,1,全国大学英语四、六级考试大纲（2016年修订版）,https://cet.neea.edu.cn/res/Home/1704/55b02330ac17274664f06d9d3db8249d.pdf,92
maybe,官方词表未提供读音,官方《全国大学英语四、六级考试大纲（2016年修订版）》词表词目；官方未提供释义,官方词表只列词形，不列例句,1,全国大学英语四、六级考试大纲（2016年修订版）,https://cet.neea.edu.cn/res/Home/1704/55b02330ac17274664f06d9d3db8249d.pdf,92
mayor,官方词表未提供读音,官方《全国大学英语四、六级考试大纲（2016年修订版）》词表词目；官方未提供释义,官方词表只列词形，不列例句,1,全国大学英语四、六级考试大纲（2016年修订版）,https://cet.neea.edu.cn/res/Home/1704/55b02330ac17274664f06d9d3db8249d.pdf,92
me,官方词表未提供读音,官方《全国大学英语四、六级考试大纲（2016年修订版）》词表词目；官方未提供释义,官方词表只列词形，不列例句,1,全国大学英语四、六级考试大纲（2016年修订版）,https://cet.neea.edu.cn/res/Home/1704/55b02330ac17274664f06d9d3db8249d.pdf,92
meal,官方词表未提供读音,官方《全国大学英语四、六级考试大纲（2016年修订版）》词表词目；官方未提供释义,官方词表只列词形，不列例句,1,全国大学英语四、六级考试大纲（2016年修订版）,https://cet.neea.edu.cn/res/Home/1704/55b02330ac17274664f06d9d3db8249d.pdf,92
mean,官方词表未提供读音,官方《全国大学英语四、六级考试大纲（2016年修订版）》词表词目；官方未提供释义,官方词表只列词形，不列例句,1,全国大学英语四、六级考试大纲（2016年修订版）,https://cet.neea.edu.cn/res/Home/1704/55b02330ac17274664f06d9d3db8249d.pdf,92
meaning meaningful,官方词表未提供读音,官方《全国大学英语四、六级考试大纲（2016年修订版）》词表词目；官方未提供释义,官方词表只列词形，不列例句,1,全国大学英语四、六级考试大纲（2016年修订版）,https://cet.neea.edu.cn/res/Home/1704/55b02330ac17274664f06d9d3db8249d.pdf,92
means,官方词表未提供读音,官方《全国大学英语四、六级考试大纲（2016年修订版）》词表词目；官方未提供释义,官方词表只列词形，不列例句,1,全国大学英语四、六级考试大纲（2016年修订版）,https://cet.neea.edu.cn/res/Home/1704/55b02330ac17274664f06d9d3db8249d.pdf,92
meantime,官方词表未提供读音,官方《全国大学英语四、六级考试大纲（2016年修订版）》词表词目；官方未提供释义,官方词表只列词形，不列例句,1,全国大学英语四、六级考试大纲（2016年修订版）,https://cet.neea.edu.cn/res/Home/1704/55b02330ac17274664f06d9d3db8249d.pdf,92
meanwhile,官方词表未提供读音,官方《全国大学英语四、六级考试大纲（2016年修订版）》词表词目；官方未提供释义,官方词表只列词形，不列例句,1,全国大学英语四、六级考试大纲（2016年修订版）,https://cet.neea.edu.cn/res/Home/1704/55b02330ac17274664f06d9d3db8249d.pdf,92
measure measurement measurable,官方词表未提供读音,官方《全国大学英语四、六级考试大纲（2016年修订版）》词表词目；官方未提供释义,官方词表只列词形，不列例句,1,全国大学英语四、六级考试大纲（2016年修订版）,https://cet.neea.edu.cn/res/Home/1704/55b02330ac17274664f06d9d3db8249d.pdf,92
meat meaty,官方词表未提供读音,官方《全国大学英语四、六级考试大纲（2016年修订版）》词表词目；官方未提供释义,官方词表只列词形，不列例句,1,全国大学英语四、六级考试大纲（2016年修订版）,https://cet.neea.edu.cn/res/Home/1704/55b02330ac17274664f06d9d3db8249d.pdf,92
mechanic mechanical mechanics mechanism,官方词表未提供读音,官方《全国大学英语四、六级考试大纲（2016年修订版）》词表词目；官方未提供释义,官方词表只列词形，不列例句,1,全国大学英语四、六级考试大纲（2016年修订版）,https://cet.neea.edu.cn/res/Home/1704/55b02330ac17274664f06d9d3db8249d.pdf,92
mechanize/-ise mechanization/-sation,官方词表未提供读音,官方《全国大学英语四、六级考试大纲（2016年修订版）》词表词目；官方未提供释义,官方词表只列词形，不列例句,1,全国大学英语四、六级考试大纲（2016年修订版）,https://cet.neea.edu.cn/res/Home/1704/55b02330ac17274664f06d9d3db8249d.pdf,92
medal,官方词表未提供读音,官方《全国大学英语四、六级考试大纲（2016年修订版）》词表词目；官方未提供释义,官方词表只列词形，不列例句,1,全国大学英语四、六级考试大纲（2016年修订版）,https://cet.neea.edu.cn/res/Home/1704/55b02330ac17274664f06d9d3db8249d.pdf,92
medical,官方词表未提供读音,官方《全国大学英语四、六级考试大纲（2016年修订版）》词表词目；官方未提供释义,官方词表只列词形，不列例句,1,全国大学英语四、六级考试大纲（2016年修订版）,https://cet.neea.edu.cn/res/Home/1704/55b02330ac17274664f06d9d3db8249d.pdf,92
Medicare,官方词表未提供读音,官方《全国大学英语四、六级考试大纲（2016年修订版）》词表词目；官方未提供释义,官方词表只列词形，不列例句,1,全国大学英语四、六级考试大纲（2016年修订版）,https://cet.neea.edu.cn/res/Home/1704/55b02330ac17274664f06d9d3db8249d.pdf,92
medicine medicinal,官方词表未提供读音,官方《全国大学英语四、六级考试大纲（2016年修订版）》词表词目；官方未提供释义,官方词表只列词形，不列例句,1,全国大学英语四、六级考试大纲（2016年修订版）,https://cet.neea.edu.cn/res/Home/1704/55b02330ac17274664f06d9d3db8249d.pdf,92
medium media,官方词表未提供读音,官方《全国大学英语四、六级考试大纲（2016年修订版）》词表词目；官方未提供释义,官方词表只列词形，不列例句,1,全国大学英语四、六级考试大纲（2016年修订版）,https://cet.neea.edu.cn/res/Home/1704/55b02330ac17274664f06d9d3db8249d.pdf,92
meet,官方词表未提供读音,官方《全国大学英语四、六级考试大纲（2016年修订版）》词表词目；官方未提供释义,官方词表只列词形，不列例句,1,全国大学英语四、六级考试大纲（2016年修订版）,https://cet.neea.edu.cn/res/Home/1704/55b02330ac17274664f06d9d3db8249d.pdf,92
meeting,官方词表未提供读音,官方《全国大学英语四、六级考试大纲（2016年修订版）》词表词目；官方未提供释义,官方词表只列词形，不列例句,1,全国大学英语四、六级考试大纲（2016年修订版）,https://cet.neea.edu.cn/res/Home/1704/55b02330ac17274664f06d9d3db8249d.pdf,92
melon,官方词表未提供读音,官方《全国大学英语四、六级考试大纲（2016年修订版）》词表词目；官方未提供释义,官方词表只列词形，不列例句,1,全国大学英语四、六级考试大纲（2016年修订版）,https://cet.neea.edu.cn/res/Home/1704/55b02330ac17274664f06d9d3db8249d.pdf,92
melt,官方词表未提供读音,官方《全国大学英语四、六级考试大纲（2016年修订版）》词表词目；官方未提供释义,官方词表只列词形，不列例句,1,全国大学英语四、六级考试大纲（2016年修订版）,https://cet.neea.edu.cn/res/Home/1704/55b02330ac17274664f06d9d3db8249d.pdf,92
member membership,官方词表未提供读音,官方《全国大学英语四、六级考试大纲（2016年修订版）》词表词目；官方未提供释义,官方词表只列词形，不列例句,1,全国大学英语四、六级考试大纲（2016年修订版）,https://cet.neea.edu.cn/res/Home/1704/55b02330ac17274664f06d9d3db8249d.pdf,92
memorandum/memo,官方词表未提供读音,官方《全国大学英语四、六级考试大纲（2016年修订版）》词表词目；官方未提供释义,官方词表只列词形，不列例句,1,全国大学英语四、六级考试大纲（2016年修订版）,https://cet.neea.edu.cn/res/Home/1704/55b02330ac17274664f06d9d3db8249d.pdf,92
memorial,官方词表未提供读音,官方《全国大学英语四、六级考试大纲（2016年修订版）》词表词目；官方未提供释义,官方词表只列词形，不列例句,1,全国大学英语四、六级考试大纲（2016年修订版）,https://cet.neea.edu.cn/res/Home/1704/55b02330ac17274664f06d9d3db8249d.pdf,92
memory memorize/-ise,官方词表未提供读音,官方《全国大学英语四、六级考试大纲（2016年修订版）》词表词目；官方未提供释义,官方词表只列词形，不列例句,1,全国大学英语四、六级考试大纲（2016年修订版）,https://cet.neea.edu.cn/res/Home/1704/55b02330ac17274664f06d9d3db8249d.pdf,92
mend,官方词表未提供读音,官方《全国大学英语四、六级考试大纲（2016年修订版）》词表词目；官方未提供释义,官方词表只列词形，不列例句,1,全国大学英语四、六级考试大纲（2016年修订版）,https://cet.neea.edu.cn/res/Home/1704/55b02330ac17274664f06d9d3db8249d.pdf,92
mental mentality,官方词表未提供读音,官方《全国大学英语四、六级考试大纲（2016年修订版）》词表词目；官方未提供释义,官方词表只列词形，不列例句,1,全国大学英语四、六级考试大纲（2016年修订版）,https://cet.neea.edu.cn/res/Home/1704/55b02330ac17274664f06d9d3db8249d.pdf,92
mention,官方词表未提供读音,官方《全国大学英语四、六级考试大纲（2016年修订版）》词表词目；官方未提供释义,官方词表只列词形，不列例句,1,全国大学英语四、六级考试大纲（2016年修订版）,https://cet.neea.edu.cn/res/Home/1704/55b02330ac17274664f06d9d3db8249d.pdf,92
menu,官方词表未提供读音,官方《全国大学英语四、六级考试大纲（2016年修订版）》词表词目；官方未提供释义,官方词表只列词形，不列例句,1,全国大学英语四、六级考试大纲（2016年修订版）,https://cet.neea.edu.cn/res/Home/1704/55b02330ac17274664f06d9d3db8249d.pdf,92
merchant,官方词表未提供读音,官方《全国大学英语四、六级考试大纲（2016年修订版）》词表词目；官方未提供释义,官方词表只列词形，不列例句,1,全国大学英语四、六级考试大纲（2016年修订版）,https://cet.neea.edu.cn/res/Home/1704/55b02330ac17274664f06d9d3db8249d.pdf,93
mercy merciful,官方词表未提供读音,官方《全国大学英语四、六级考试大纲（2016年修订版）》词表词目；官方未提供释义,官方词表只列词形，不列例句,1,全国大学英语四、六级考试大纲（2016年修订版）,https://cet.neea.edu.cn/res/Home/1704/55b02330ac17274664f06d9d3db8249d.pdf,93
mere merely,官方词表未提供读音,官方《全国大学英语四、六级考试大纲（2016年修订版）》词表词目；官方未提供释义,官方词表只列词形，不列例句,1,全国大学英语四、六级考试大纲（2016年修订版）,https://cet.neea.edu.cn/res/Home/1704/55b02330ac17274664f06d9d3db8249d.pdf,93
merit meritorious,官方词表未提供读音,官方《全国大学英语四、六级考试大纲（2016年修订版）》词表词目；官方未提供释义,官方词表只列词形，不列例句,1,全国大学英语四、六级考试大纲（2016年修订版）,https://cet.neea.edu.cn/res/Home/1704/55b02330ac17274664f06d9d3db8249d.pdf,93
merry merriment,官方词表未提供读音,官方《全国大学英语四、六级考试大纲（2016年修订版）》词表词目；官方未提供释义,官方词表只列词形，不列例句,1,全国大学英语四、六级考试大纲（2016年修订版）,https://cet.neea.edu.cn/res/Home/1704/55b02330ac17274664f06d9d3db8249d.pdf,93
mess messy,官方词表未提供读音,官方《全国大学英语四、六级考试大纲（2016年修订版）》词表词目；官方未提供释义,官方词表只列词形，不列例句,1,全国大学英语四、六级考试大纲（2016年修订版）,https://cet.neea.edu.cn/res/Home/1704/55b02330ac17274664f06d9d3db8249d.pdf,93
message messenger,官方词表未提供读音,官方《全国大学英语四、六级考试大纲（2016年修订版）》词表词目；官方未提供释义,官方词表只列词形，不列例句,1,全国大学英语四、六级考试大纲（2016年修订版）,https://cet.neea.edu.cn/res/Home/1704/55b02330ac17274664f06d9d3db8249d.pdf,93
metal metallic,官方词表未提供读音,官方《全国大学英语四、六级考试大纲（2016年修订版）》词表词目；官方未提供释义,官方词表只列词形，不列例句,1,全国大学英语四、六级考试大纲（2016年修订版）,https://cet.neea.edu.cn/res/Home/1704/55b02330ac17274664f06d9d3db8249d.pdf,93
meter/-tre metric,官方词表未提供读音,官方《全国大学英语四、六级考试大纲（2016年修订版）》词表词目；官方未提供释义,官方词表只列词形，不列例句,1,全国大学英语四、六级考试大纲（2016年修订版）,https://cet.neea.edu.cn/res/Home/1704/55b02330ac17274664f06d9d3db8249d.pdf,93
method methodical methodology,官方词表未提供读音,官方《全国大学英语四、六级考试大纲（2016年修订版）》词表词目；官方未提供释义,官方词表只列词形，不列例句,1,全国大学英语四、六级考试大纲（2016年修订版）,https://cet.neea.edu.cn/res/Home/1704/55b02330ac17274664f06d9d3db8249d.pdf,93
metro,官方词表未提供读音,官方《全国大学英语四、六级考试大纲（2016年修订版）》词表词目；官方未提供释义,官方词表只列词形，不列例句,1,全国大学英语四、六级考试大纲（2016年修订版）,https://cet.neea.edu.cn/res/Home/1704/55b02330ac17274664f06d9d3db8249d.pdf,93
microphone,官方词表未提供读音,官方《全国大学英语四、六级考试大纲（2016年修订版）》词表词目；官方未提供释义,官方词表只列词形，不列例句,1,全国大学英语四、六级考试大纲（2016年修订版）,https://cet.neea.edu.cn/res/Home/1704/55b02330ac17274664f06d9d3db8249d.pdf,93
microscope microscopic,官方词表未提供读音,官方《全国大学英语四、六级考试大纲（2016年修订版）》词表词目；官方未提供释义,官方词表只列词形，不列例句,1,全国大学英语四、六级考试大纲（2016年修订版）,https://cet.neea.edu.cn/res/Home/1704/55b02330ac17274664f06d9d3db8249d.pdf,93
microwave microwavable,官方词表未提供读音,官方《全国大学英语四、六级考试大纲（2016年修订版）》词表词目；官方未提供释义,官方词表只列词形，不列例句,1,全国大学英语四、六级考试大纲（2016年修订版）,https://cet.neea.edu.cn/res/Home/1704/55b02330ac17274664f06d9d3db8249d.pdf,93
midday,官方词表未提供读音,官方《全国大学英语四、六级考试大纲（2016年修订版）》词表词目；官方未提供释义,官方词表只列词形，不列例句,1,全国大学英语四、六级考试大纲（2016年修订版）,https://cet.neea.edu.cn/res/Home/1704/55b02330ac17274664f06d9d3db8249d.pdf,93
middle,官方词表未提供读音,官方《全国大学英语四、六级考试大纲（2016年修订版）》词表词目；官方未提供释义,官方词表只列词形，不列例句,1,全国大学英语四、六级考试大纲（2016年修订版）,https://cet.neea.edu.cn/res/Home/1704/55b02330ac17274664f06d9d3db8249d.pdf,93
middle-class,官方词表未提供读音,官方《全国大学英语四、六级考试大纲（2016年修订版）》词表词目；官方未提供释义,官方词表只列词形，不列例句,1,全国大学英语四、六级考试大纲（2016年修订版）,https://cet.neea.edu.cn/res/Home/1704/55b02330ac17274664f06d9d3db8249d.pdf,93
midnight,官方词表未提供读音,官方《全国大学英语四、六级考试大纲（2016年修订版）》词表词目；官方未提供释义,官方词表只列词形，不列例句,1,全国大学英语四、六级考试大纲（2016年修订版）,https://cet.neea.edu.cn/res/Home/1704/55b02330ac17274664f06d9d3db8249d.pdf,93
might mighty,官方词表未提供读音,官方《全国大学英语四、六级考试大纲（2016年修订版）》词表词目；官方未提供释义,官方词表只列词形，不列例句,1,全国大学英语四、六级考试大纲（2016年修订版）,https://cet.neea.edu.cn/res/Home/1704/55b02330ac17274664f06d9d3db8249d.pdf,93
migrate migration migrant,官方词表未提供读音,官方《全国大学英语四、六级考试大纲（2016年修订版）》词表词目；官方未提供释义,官方词表只列词形，不列例句,1,全国大学英语四、六级考试大纲（2016年修订版）,https://cet.neea.edu.cn/res/Home/1704/55b02330ac17274664f06d9d3db8249d.pdf,93
mild,官方词表未提供读音,官方《全国大学英语四、六级考试大纲（2016年修订版）》词表词目；官方未提供释义,官方词表只列词形，不列例句,1,全国大学英语四、六级考试大纲（2016年修订版）,https://cet.neea.edu.cn/res/Home/1704/55b02330ac17274664f06d9d3db8249d.pdf,93
mile mileage,官方词表未提供读音,官方《全国大学英语四、六级考试大纲（2016年修订版）》词表词目；官方未提供释义,官方词表只列词形，不列例句,1,全国大学英语四、六级考试大纲（2016年修订版）,https://cet.neea.edu.cn/res/Home/1704/55b02330ac17274664f06d9d3db8249d.pdf,93
military,官方词表未提供读音,官方《全国大学英语四、六级考试大纲（2016年修订版）》词表词目；官方未提供释义,官方词表只列词形，不列例句,1,全国大学英语四、六级考试大纲（2016年修订版）,https://cet.neea.edu.cn/res/Home/1704/55b02330ac17274664f06d9d3db8249d.pdf,93
milk milky,官方词表未提供读音,官方《全国大学英语四、六级考试大纲（2016年修订版）》词表词目；官方未提供释义,官方词表只列词形，不列例句,1,全国大学英语四、六级考试大纲（2016年修订版）,https://cet.neea.edu.cn/res/Home/1704/55b02330ac17274664f06d9d3db8249d.pdf,93
mill,官方词表未提供读音,官方《全国大学英语四、六级考试大纲（2016年修订版）》词表词目；官方未提供释义,官方词表只列词形，不列例句,1,全国大学英语四、六级考试大纲（2016年修订版）,https://cet.neea.edu.cn/res/Home/1704/55b02330ac17274664f06d9d3db8249d.pdf,93
millimeter/-tre,官方词表未提供读音,官方《全国大学英语四、六级考试大纲（2016年修订版）》词表词目；官方未提供释义,官方词表只列词形，不列例句,1,全国大学英语四、六级考试大纲（2016年修订版）,https://cet.neea.edu.cn/res/Home/1704/55b02330ac17274664f06d9d3db8249d.pdf,93
million millionaire,官方词表未提供读音,官方《全国大学英语四、六级考试大纲（2016年修订版）》词表词目；官方未提供释义,官方词表只列词形，不列例句,1,全国大学英语四、六级考试大纲（2016年修订版）,https://cet.neea.edu.cn/res/Home/1704/55b02330ac17274664f06d9d3db8249d.pdf,93
mind,官方词表未提供读音,官方《全国大学英语四、六级考试大纲（2016年修订版）》词表词目；官方未提供释义,官方词表只列词形，不列例句,1,全国大学英语四、六级考试大纲（2016年修订版）,https://cet.neea.edu.cn/res/Home/1704/55b02330ac17274664f06d9d3db8249d.pdf,93
mine,官方词表未提供读音,官方《全国大学英语四、六级考试大纲（2016年修订版）》词表词目；官方未提供释义,官方词表只列词形，不列例句,1,全国大学英语四、六级考试大纲（2016年修订版）,https://cet.neea.edu.cn/res/Home/1704/55b02330ac17274664f06d9d3db8249d.pdf,93
mineral mining,官方词表未提供读音,官方《全国大学英语四、六级考试大纲（2016年修订版）》词表词目；官方未提供释义,官方词表只列词形，不列例句,1,全国大学英语四、六级考试大纲（2016年修订版）,https://cet.neea.edu.cn/res/Home/1704/55b02330ac17274664f06d9d3db8249d.pdf,93
minimum minimal minimize/-ise,官方词表未提供读音,官方《全国大学英语四、六级考试大纲（2016年修订版）》词表词目；官方未提供释义,官方词表只列词形，不列例句,1,全国大学英语四、六级考试大纲（2016年修订版）,https://cet.neea.edu.cn/res/Home/1704/55b02330ac17274664f06d9d3db8249d.pdf,94
minister ministry ministerial,官方词表未提供读音,官方《全国大学英语四、六级考试大纲（2016年修订版）》词表词目；官方未提供释义,官方词表只列词形，不列例句,1,全国大学英语四、六级考试大纲（2016年修订版）,https://cet.neea.edu.cn/res/Home/1704/55b02330ac17274664f06d9d3db8249d.pdf,94
minor minority,官方词表未提供读音,官方《全国大学英语四、六级考试大纲（2016年修订版）》词表词目；官方未提供释义,官方词表只列词形，不列例句,1,全国大学英语四、六级考试大纲（2016年修订版）,https://cet.neea.edu.cn/res/Home/1704/55b02330ac17274664f06d9d3db8249d.pdf,94
minus,官方词表未提供读音,官方《全国大学英语四、六级考试大纲（2016年修订版）》词表词目；官方未提供释义,官方词表只列词形，不列例句,1,全国大学英语四、六级考试大纲（2016年修订版）,https://cet.neea.edu.cn/res/Home/1704/55b02330ac17274664f06d9d3db8249d.pdf,94
minute,官方词表未提供读音,官方《全国大学英语四、六级考试大纲（2016年修订版）》词表词目；官方未提供释义,官方词表只列词形，不列例句,1,全国大学英语四、六级考试大纲（2016年修订版）,https://cet.neea.edu.cn/res/Home/1704/55b02330ac17274664f06d9d3db8249d.pdf,94
miracle miraculous,官方词表未提供读音,官方《全国大学英语四、六级考试大纲（2016年修订版）》词表词目；官方未提供释义,官方词表只列词形，不列例句,1,全国大学英语四、六级考试大纲（2016年修订版）,https://cet.neea.edu.cn/res/Home/1704/55b02330ac17274664f06d9d3db8249d.pdf,94
mirror,官方词表未提供读音,官方《全国大学英语四、六级考试大纲（2016年修订版）》词表词目；官方未提供释义,官方词表只列词形，不列例句,1,全国大学英语四、六级考试大纲（2016年修订版）,https://cet.neea.edu.cn/res/Home/1704/55b02330ac17274664f06d9d3db8249d.pdf,94
miserable misery,官方词表未提供读音,官方《全国大学英语四、六级考试大纲（2016年修订版）》词表词目；官方未提供释义,官方词表只列词形，不列例句,1,全国大学英语四、六级考试大纲（2016年修订版）,https://cet.neea.edu.cn/res/Home/1704/55b02330ac17274664f06d9d3db8249d.pdf,94
misfortune,官方词表未提供读音,官方《全国大学英语四、六级考试大纲（2016年修订版）》词表词目；官方未提供释义,官方词表只列词形，不列例句,1,全国大学英语四、六级考试大纲（2016年修订版）,https://cet.neea.edu.cn/res/Home/1704/55b02330ac17274664f06d9d3db8249d.pdf,94
mislead misleading,官方词表未提供读音,官方《全国大学英语四、六级考试大纲（2016年修订版）》词表词目；官方未提供释义,官方词表只列词形，不列例句,1,全国大学英语四、六级考试大纲（2016年修订版）,https://cet.neea.edu.cn/res/Home/1704/55b02330ac17274664f06d9d3db8249d.pdf,94
miss,官方词表未提供读音,官方《全国大学英语四、六级考试大纲（2016年修订版）》词表词目；官方未提供释义,官方词表只列词形，不列例句,1,全国大学英语四、六级考试大纲（2016年修订版）,https://cet.neea.edu.cn/res/Home/1704/55b02330ac17274664f06d9d3db8249d.pdf,94
missile,官方词表未提供读音,官方《全国大学英语四、六级考试大纲（2016年修订版）》词表词目；官方未提供释义,官方词表只列词形，不列例句,1,全国大学英语四、六级考试大纲（2016年修订版）,https://cet.neea.edu.cn/res/Home/1704/55b02330ac17274664f06d9d3db8249d.pdf,94
missing,官方词表未提供读音,官方《全国大学英语四、六级考试大纲（2016年修订版）》词表词目；官方未提供释义,官方词表只列词形，不列例句,1,全国大学英语四、六级考试大纲（2016年修订版）,https://cet.neea.edu.cn/res/Home/1704/55b02330ac17274664f06d9d3db8249d.pdf,94
mission,官方词表未提供读音,官方《全国大学英语四、六级考试大纲（2016年修订版）》词表词目；官方未提供释义,官方词表只列词形，不列例句,1,全国大学英语四、六级考试大纲（2016年修订版）,https://cet.neea.edu.cn/res/Home/1704/55b02330ac17274664f06d9d3db8249d.pdf,94
mist misty,官方词表未提供读音,官方《全国大学英语四、六级考试大纲（2016年修订版）》词表词目；官方未提供释义,官方词表只列词形，不列例句,1,全国大学英语四、六级考试大纲（2016年修订版）,https://cet.neea.edu.cn/res/Home/1704/55b02330ac17274664f06d9d3db8249d.pdf,94
mistake mistaken,官方词表未提供读音,官方《全国大学英语四、六级考试大纲（2016年修订版）》词表词目；官方未提供释义,官方词表只列词形，不列例句,1,全国大学英语四、六级考试大纲（2016年修订版）,https://cet.neea.edu.cn/res/Home/1704/55b02330ac17274664f06d9d3db8249d.pdf,94
mister,官方词表未提供读音,官方《全国大学英语四、六级考试大纲（2016年修订版）》词表词目；官方未提供释义,官方词表只列词形，不列例句,1,全国大学英语四、六级考试大纲（2016年修订版）,https://cet.neea.edu.cn/res/Home/1704/55b02330ac17274664f06d9d3db8249d.pdf,94
mistress,官方词表未提供读音,官方《全国大学英语四、六级考试大纲（2016年修订版）》词表词目；官方未提供释义,官方词表只列词形，不列例句,1,全国大学英语四、六级考试大纲（2016年修订版）,https://cet.neea.edu.cn/res/Home/1704/55b02330ac17274664f06d9d3db8249d.pdf,94
misunderstand misunderstanding,官方词表未提供读音,官方《全国大学英语四、六级考试大纲（2016年修订版）》词表词目；官方未提供释义,官方词表只列词形，不列例句,1,全国大学英语四、六级考试大纲（2016年修订版）,https://cet.neea.edu.cn/res/Home/1704/55b02330ac17274664f06d9d3db8249d.pdf,94
mix mixture mixer,官方词表未提供读音,官方《全国大学英语四、六级考试大纲（2016年修订版）》词表词目；官方未提供释义,官方词表只列词形，不列例句,1,全国大学英语四、六级考试大纲（2016年修订版）,https://cet.neea.edu.cn/res/Home/1704/55b02330ac17274664f06d9d3db8249d.pdf,94
mobile,官方词表未提供读音,官方《全国大学英语四、六级考试大纲（2016年修订版）》词表词目；官方未提供释义,官方词表只列词形，不列例句,1,全国大学英语四、六级考试大纲（2016年修订版）,https://cet.neea.edu.cn/res/Home/1704/55b02330ac17274664f06d9d3db8249d.pdf,94
mode,官方词表未提供读音,官方《全国大学英语四、六级考试大纲（2016年修订版）》词表词目；官方未提供释义,官方词表只列词形，不列例句,1,全国大学英语四、六级考试大纲（2016年修订版）,https://cet.neea.edu.cn/res/Home/1704/55b02330ac17274664f06d9d3db8249d.pdf,94
model,官方词表未提供读音,官方《全国大学英语四、六级考试大纲（2016年修订版）》词表词目；官方未提供释义,官方词表只列词形，不列例句,1,全国大学英语四、六级考试大纲（2016年修订版）,https://cet.neea.edu.cn/res/Home/1704/55b02330ac17274664f06d9d3db8249d.pdf,94
moderate moderation moderator,官方词表未提供读音,官方《全国大学英语四、六级考试大纲（2016年修订版）》词表词目；官方未提供释义,官方词表只列词形，不列例句,1,全国大学英语四、六级考试大纲（2016年修订版）,https://cet.neea.edu.cn/res/Home/1704/55b02330ac17274664f06d9d3db8249d.pdf,94
modern modernize/-ise modernization/-sation,官方词表未提供读音,官方《全国大学英语四、六级考试大纲（2016年修订版）》词表词目；官方未提供释义,官方词表只列词形，不列例句,1,全国大学英语四、六级考试大纲（2016年修订版）,https://cet.neea.edu.cn/res/Home/1704/55b02330ac17274664f06d9d3db8249d.pdf,94
modest modesty,官方词表未提供读音,官方《全国大学英语四、六级考试大纲（2016年修订版）》词表词目；官方未提供释义,官方词表只列词形，不列例句,1,全国大学英语四、六级考试大纲（2016年修订版）,https://cet.neea.edu.cn/res/Home/1704/55b02330ac17274664f06d9d3db8249d.pdf,94
modify modification modifier,官方词表未提供读音,官方《全国大学英语四、六级考试大纲（2016年修订版）》词表词目；官方未提供释义,官方词表只列词形，不列例句,1,全国大学英语四、六级考试大纲（2016年修订版）,https://cet.neea.edu.cn/res/Home/1704/55b02330ac17274664f06d9d3db8249d.pdf,94
moist moisture,官方词表未提供读音,官方《全国大学英语四、六级考试大纲（2016年修订版）》词表词目；官方未提供释义,官方词表只列词形，不列例句,1,全国大学英语四、六级考试大纲（2016年修订版）,https://cet.neea.edu.cn/res/Home/1704/55b02330ac17274664f06d9d3db8249d.pdf,94
mo(u)ld mo(u)ldy,官方词表未提供读音,官方《全国大学英语四、六级考试大纲（2016年修订版）》词表词目；官方未提供释义,官方词表只列词形，不列例句,1,全国大学英语四、六级考试大纲（2016年修订版）,https://cet.neea.edu.cn/res/Home/1704/55b02330ac17274664f06d9d3db8249d.pdf,94
mom(my),官方词表未提供读音,官方《全国大学英语四、六级考试大纲（2016年修订版）》词表词目；官方未提供释义,官方词表只列词形，不列例句,1,全国大学英语四、六级考试大纲（2016年修订版）,https://cet.neea.edu.cn/res/Home/1704/55b02330ac17274664f06d9d3db8249d.pdf,94
moment momentary momentarily,官方词表未提供读音,官方《全国大学英语四、六级考试大纲（2016年修订版）》词表词目；官方未提供释义,官方词表只列词形，不列例句,1,全国大学英语四、六级考试大纲（2016年修订版）,https://cet.neea.edu.cn/res/Home/1704/55b02330ac17274664f06d9d3db8249d.pdf,94
Monday,官方词表未提供读音,官方《全国大学英语四、六级考试大纲（2016年修订版）》词表词目；官方未提供释义,官方词表只列词形，不列例句,1,全国大学英语四、六级考试大纲（2016年修订版）,https://cet.neea.edu.cn/res/Home/1704/55b02330ac17274664f06d9d3db8249d.pdf,95
money monetary,官方词表未提供读音,官方《全国大学英语四、六级考试大纲（2016年修订版）》词表词目；官方未提供释义,官方词表只列词形，不列例句,1,全国大学英语四、六级考试大纲（2016年修订版）,https://cet.neea.edu.cn/res/Home/1704/55b02330ac17274664f06d9d3db8249d.pdf,95
monitor,官方词表未提供读音,官方《全国大学英语四、六级考试大纲（2016年修订版）》词表词目；官方未提供释义,官方词表只列词形，不列例句,1,全国大学英语四、六级考试大纲（2016年修订版）,https://cet.neea.edu.cn/res/Home/1704/55b02330ac17274664f06d9d3db8249d.pdf,95
monkey,官方词表未提供读音,官方《全国大学英语四、六级考试大纲（2016年修订版）》词表词目；官方未提供释义,官方词表只列词形，不列例句,1,全国大学英语四、六级考试大纲（2016年修订版）,https://cet.neea.edu.cn/res/Home/1704/55b02330ac17274664f06d9d3db8249d.pdf,95
monster monstrous,官方词表未提供读音,官方《全国大学英语四、六级考试大纲（2016年修订版）》词表词目；官方未提供释义,官方词表只列词形，不列例句,1,全国大学英语四、六级考试大纲（2016年修订版）,https://cet.neea.edu.cn/res/Home/1704/55b02330ac17274664f06d9d3db8249d.pdf,95
month monthly,官方词表未提供读音,官方《全国大学英语四、六级考试大纲（2016年修订版）》词表词目；官方未提供释义,官方词表只列词形，不列例句,1,全国大学英语四、六级考试大纲（2016年修订版）,https://cet.neea.edu.cn/res/Home/1704/55b02330ac17274664f06d9d3db8249d.pdf,95
monument monumental,官方词表未提供读音,官方《全国大学英语四、六级考试大纲（2016年修订版）》词表词目；官方未提供释义,官方词表只列词形，不列例句,1,全国大学英语四、六级考试大纲（2016年修订版）,https://cet.neea.edu.cn/res/Home/1704/55b02330ac17274664f06d9d3db8249d.pdf,95
mood moody,官方词表未提供读音,官方《全国大学英语四、六级考试大纲（2016年修订版）》词表词目；官方未提供释义,官方词表只列词形，不列例句,1,全国大学英语四、六级考试大纲（2016年修订版）,https://cet.neea.edu.cn/res/Home/1704/55b02330ac17274664f06d9d3db8249d.pdf,95
moon,官方词表未提供读音,官方《全国大学英语四、六级考试大纲（2016年修订版）》词表词目；官方未提供释义,官方词表只列词形，不列例句,1,全国大学英语四、六级考试大纲（2016年修订版）,https://cet.neea.edu.cn/res/Home/1704/55b02330ac17274664f06d9d3db8249d.pdf,95
mop,官方词表未提供读音,官方《全国大学英语四、六级考试大纲（2016年修订版）》词表词目；官方未提供释义,官方词表只列词形，不列例句,1,全国大学英语四、六级考试大纲（2016年修订版）,https://cet.neea.edu.cn/res/Home/1704/55b02330ac17274664f06d9d3db8249d.pdf,95
moral morality,官方词表未提供读音,官方《全国大学英语四、六级考试大纲（2016年修订版）》词表词目；官方未提供释义,官方词表只列词形，不列例句,1,全国大学英语四、六级考试大纲（2016年修订版）,https://cet.neea.edu.cn/res/Home/1704/55b02330ac17274664f06d9d3db8249d.pdf,95
more,官方词表未提供读音,官方《全国大学英语四、六级考试大纲（2016年修订版）》词表词目；官方未提供释义,官方词表只列词形，不列例句,1,全国大学英语四、六级考试大纲（2016年修订版）,https://cet.neea.edu.cn/res/Home/1704/55b02330ac17274664f06d9d3db8249d.pdf,95
moreover,官方词表未提供读音,官方《全国大学英语四、六级考试大纲（2016年修订版）》词表词目；官方未提供释义,官方词表只列词形，不列例句,1,全国大学英语四、六级考试大纲（2016年修订版）,https://cet.neea.edu.cn/res/Home/1704/55b02330ac17274664f06d9d3db8249d.pdf,95
morning,官方词表未提供读音,官方《全国大学英语四、六级考试大纲（2016年修订版）》词表词目；官方未提供释义,官方词表只列词形，不列例句,1,全国大学英语四、六级考试大纲（2016年修订版）,https://cet.neea.edu.cn/res/Home/1704/55b02330ac17274664f06d9d3db8249d.pdf,95
mortgage,官方词表未提供读音,官方《全国大学英语四、六级考试大纲（2016年修订版）》词表词目；官方未提供释义,官方词表只列词形，不列例句,1,全国大学英语四、六级考试大纲（2016年修订版）,https://cet.neea.edu.cn/res/Home/1704/55b02330ac17274664f06d9d3db8249d.pdf,95
most mostly,官方词表未提供读音,官方《全国大学英语四、六级考试大纲（2016年修订版）》词表词目；官方未提供释义,官方词表只列词形，不列例句,1,全国大学英语四、六级考试大纲（2016年修订版）,https://cet.neea.edu.cn/res/Home/1704/55b02330ac17274664f06d9d3db8249d.pdf,95
motel,官方词表未提供读音,官方《全国大学英语四、六级考试大纲（2016年修订版）》词表词目；官方未提供释义,官方词表只列词形，不列例句,1,全国大学英语四、六级考试大纲（2016年修订版）,https://cet.neea.edu.cn/res/Home/1704/55b02330ac17274664f06d9d3db8249d.pdf,95
mother motherly,官方词表未提供读音,官方《全国大学英语四、六级考试大纲（2016年修订版）》词表词目；官方未提供释义,官方词表只列词形，不列例句,1,全国大学英语四、六级考试大纲（2016年修订版）,https://cet.neea.edu.cn/res/Home/1704/55b02330ac17274664f06d9d3db8249d.pdf,95
motion,官方词表未提供读音,官方《全国大学英语四、六级考试大纲（2016年修订版）》词表词目；官方未提供释义,官方词表只列词形，不列例句,1,全国大学英语四、六级考试大纲（2016年修订版）,https://cet.neea.edu.cn/res/Home/1704/55b02330ac17274664f06d9d3db8249d.pdf,95
motivate motivation,官方词表未提供读音,官方《全国大学英语四、六级考试大纲（2016年修订版）》词表词目；官方未提供释义,官方词表只列词形，不列例句,1,全国大学英语四、六级考试大纲（2016年修订版）,https://cet.neea.edu.cn/res/Home/1704/55b02330ac17274664f06d9d3db8249d.pdf,95
motive,官方词表未提供读音,官方《全国大学英语四、六级考试大纲（2016年修订版）》词表词目；官方未提供释义,官方词表只列词形，不列例句,1,全国大学英语四、六级考试大纲（2016年修订版）,https://cet.neea.edu.cn/res/Home/1704/55b02330ac17274664f06d9d3db8249d.pdf,95
motor,官方词表未提供读音,官方《全国大学英语四、六级考试大纲（2016年修订版）》词表词目；官方未提供释义,官方词表只列词形，不列例句,1,全国大学英语四、六级考试大纲（2016年修订版）,https://cet.neea.edu.cn/res/Home/1704/55b02330ac17274664f06d9d3db8249d.pdf,95
motorway,官方词表未提供读音,官方《全国大学英语四、六级考试大纲（2016年修订版）》词表词目；官方未提供释义,官方词表只列词形，不列例句,1,全国大学英语四、六级考试大纲（2016年修订版）,https://cet.neea.edu.cn/res/Home/1704/55b02330ac17274664f06d9d3db8249d.pdf,95
mount,官方词表未提供读音,官方《全国大学英语四、六级考试大纲（2016年修订版）》词表词目；官方未提供释义,官方词表只列词形，不列例句,1,全国大学英语四、六级考试大纲（2016年修订版）,https://cet.neea.edu.cn/res/Home/1704/55b02330ac17274664f06d9d3db8249d.pdf,95
mounting,官方词表未提供读音,官方《全国大学英语四、六级考试大纲（2016年修订版）》词表词目；官方未提供释义,官方词表只列词形，不列例句,1,全国大学英语四、六级考试大纲（2016年修订版）,https://cet.neea.edu.cn/res/Home/1704/55b02330ac17274664f06d9d3db8249d.pdf,95
mountain mountainous,官方词表未提供读音,官方《全国大学英语四、六级考试大纲（2016年修订版）》词表词目；官方未提供释义,官方词表只列词形，不列例句,1,全国大学英语四、六级考试大纲（2016年修订版）,https://cet.neea.edu.cn/res/Home/1704/55b02330ac17274664f06d9d3db8249d.pdf,95
mouse,官方词表未提供读音,官方《全国大学英语四、六级考试大纲（2016年修订版）》词表词目；官方未提供释义,官方词表只列词形，不列例句,1,全国大学英语四、六级考试大纲（2016年修订版）,https://cet.neea.edu.cn/res/Home/1704/55b02330ac17274664f06d9d3db8249d.pdf,95
mouth mouthful,官方词表未提供读音,官方《全国大学英语四、六级考试大纲（2016年修订版）》词表词目；官方未提供释义,官方词表只列词形，不列例句,1,全国大学英语四、六级考试大纲（2016年修订版）,https://cet.neea.edu.cn/res/Home/1704/55b02330ac17274664f06d9d3db8249d.pdf,95
move movement,官方词表未提供读音,官方《全国大学英语四、六级考试大纲（2016年修订版）》词表词目；官方未提供释义,官方词表只列词形，不列例句,1,全国大学英语四、六级考试大纲（2016年修订版）,https://cet.neea.edu.cn/res/Home/1704/55b02330ac17274664f06d9d3db8249d.pdf,95
movie,官方词表未提供读音,官方《全国大学英语四、六级考试大纲（2016年修订版）》词表词目；官方未提供释义,官方词表只列词形，不列例句,1,全国大学英语四、六级考试大纲（2016年修订版）,https://cet.neea.edu.cn/res/Home/1704/55b02330ac17274664f06d9d3db8249d.pdf,95
much,官方词表未提供读音,官方《全国大学英语四、六级考试大纲（2016年修订版）》词表词目；官方未提供释义,官方词表只列词形，不列例句,1,全国大学英语四、六级考试大纲（2016年修订版）,https://cet.neea.edu.cn/res/Home/1704/55b02330ac17274664f06d9d3db8249d.pdf,95
mud muddy,官方词表未提供读音,官方《全国大学英语四、六级考试大纲（2016年修订版）》词表词目；官方未提供释义,官方词表只列词形，不列例句,1,全国大学英语四、六级考试大纲（2016年修订版）,https://cet.neea.edu.cn/res/Home/1704/55b02330ac17274664f06d9d3db8249d.pdf,95
mug,官方词表未提供读音,官方《全国大学英语四、六级考试大纲（2016年修订版）》词表词目；官方未提供释义,官方词表只列词形，不列例句,1,全国大学英语四、六级考试大纲（2016年修订版）,https://cet.neea.edu.cn/res/Home/1704/55b02330ac17274664f06d9d3db8249d.pdf,95
mule,官方词表未提供读音,官方《全国大学英语四、六级考试大纲（2016年修订版）》词表词目；官方未提供释义,官方词表只列词形，不列例句,1,全国大学英语四、六级考试大纲（2016年修订版）,https://cet.neea.edu.cn/res/Home/1704/55b02330ac17274664f06d9d3db8249d.pdf,96
multiple multiply multiplication,官方词表未提供读音,官方《全国大学英语四、六级考试大纲（2016年修订版）》词表词目；官方未提供释义,官方词表只列词形，不列例句,1,全国大学英语四、六级考试大纲（2016年修订版）,https://cet.neea.edu.cn/res/Home/1704/55b02330ac17274664f06d9d3db8249d.pdf,96
municipal municipality,官方词表未提供读音,官方《全国大学英语四、六级考试大纲（2016年修订版）》词表词目；官方未提供释义,官方词表只列词形，不列例句,1,全国大学英语四、六级考试大纲（2016年修订版）,https://cet.neea.edu.cn/res/Home/1704/55b02330ac17274664f06d9d3db8249d.pdf,96
murder murderous,官方词表未提供读音,官方《全国大学英语四、六级考试大纲（2016年修订版）》词表词目；官方未提供释义,官方词表只列词形，不列例句,1,全国大学英语四、六级考试大纲（2016年修订版）,https://cet.neea.edu.cn/res/Home/1704/55b02330ac17274664f06d9d3db8249d.pdf,96
muscle muscular,官方词表未提供读音,官方《全国大学英语四、六级考试大纲（2016年修订版）》词表词目；官方未提供释义,官方词表只列词形，不列例句,1,全国大学英语四、六级考试大纲（2016年修订版）,https://cet.neea.edu.cn/res/Home/1704/55b02330ac17274664f06d9d3db8249d.pdf,96
museum,官方词表未提供读音,官方《全国大学英语四、六级考试大纲（2016年修订版）》词表词目；官方未提供释义,官方词表只列词形，不列例句,1,全国大学英语四、六级考试大纲（2016年修订版）,https://cet.neea.edu.cn/res/Home/1704/55b02330ac17274664f06d9d3db8249d.pdf,96
mushroom,官方词表未提供读音,官方《全国大学英语四、六级考试大纲（2016年修订版）》词表词目；官方未提供释义,官方词表只列词形，不列例句,1,全国大学英语四、六级考试大纲（2016年修订版）,https://cet.neea.edu.cn/res/Home/1704/55b02330ac17274664f06d9d3db8249d.pdf,96
music musical musician,官方词表未提供读音,官方《全国大学英语四、六级考试大纲（2016年修订版）》词表词目；官方未提供释义,官方词表只列词形，不列例句,1,全国大学英语四、六级考试大纲（2016年修订版）,https://cet.neea.edu.cn/res/Home/1704/55b02330ac17274664f06d9d3db8249d.pdf,96
must,官方词表未提供读音,官方《全国大学英语四、六级考试大纲（2016年修订版）》词表词目；官方未提供释义,官方词表只列词形，不列例句,1,全国大学英语四、六级考试大纲（2016年修订版）,https://cet.neea.edu.cn/res/Home/1704/55b02330ac17274664f06d9d3db8249d.pdf,96
mutual,官方词表未提供读音,官方《全国大学英语四、六级考试大纲（2016年修订版）》词表词目；官方未提供释义,官方词表只列词形，不列例句,1,全国大学英语四、六级考试大纲（2016年修订版）,https://cet.neea.edu.cn/res/Home/1704/55b02330ac17274664f06d9d3db8249d.pdf,96
my,官方词表未提供读音,官方《全国大学英语四、六级考试大纲（2016年修订版）》词表词目；官方未提供释义,官方词表只列词形，不列例句,1,全国大学英语四、六级考试大纲（2016年修订版）,https://cet.neea.edu.cn/res/Home/1704/55b02330ac17274664f06d9d3db8249d.pdf,96
myself,官方词表未提供读音,官方《全国大学英语四、六级考试大纲（2016年修订版）》词表词目；官方未提供释义,官方词表只列词形，不列例句,1,全国大学英语四、六级考试大纲（2016年修订版）,https://cet.neea.edu.cn/res/Home/1704/55b02330ac17274664f06d9d3db8249d.pdf,96
mystery mysterious,官方词表未提供读音,官方《全国大学英语四、六级考试大纲（2016年修订版）》词表词目；官方未提供释义,官方词表只列词形，不列例句,1,全国大学英语四、六级考试大纲（2016年修订版）,https://cet.neea.edu.cn/res/Home/1704/55b02330ac17274664f06d9d3db8249d.pdf,96
myth mythical mythology,官方词表未提供读音,官方《全国大学英语四、六级考试大纲（2016年修订版）》词表词目；官方未提供释义,官方词表只列词形，不列例句,1,全国大学英语四、六级考试大纲（2016年修订版）,https://cet.neea.edu.cn/res/Home/1704/55b02330ac17274664f06d9d3db8249d.pdf,96
nail,官方词表未提供读音,官方《全国大学英语四、六级考试大纲（2016年修订版）》词表词目；官方未提供释义,官方词表只列词形，不列例句,1,全国大学英语四、六级考试大纲（2016年修订版）,https://cet.neea.edu.cn/res/Home/1704/55b02330ac17274664f06d9d3db8249d.pdf,96
naked,官方词表未提供读音,官方《全国大学英语四、六级考试大纲（2016年修订版）》词表词目；官方未提供释义,官方词表只列词形，不列例句,1,全国大学英语四、六级考试大纲（2016年修订版）,https://cet.neea.edu.cn/res/Home/1704/55b02330ac17274664f06d9d3db8249d.pdf,96
name,官方词表未提供读音,官方《全国大学英语四、六级考试大纲（2016年修订版）》词表词目；官方未提供释义,官方词表只列词形，不列例句,1,全国大学英语四、六级考试大纲（2016年修订版）,https://cet.neea.edu.cn/res/Home/1704/55b02330ac17274664f06d9d3db8249d.pdf,96
namely,官方词表未提供读音,官方《全国大学英语四、六级考试大纲（2016年修订版）》词表词目；官方未提供释义,官方词表只列词形，不列例句,1,全国大学英语四、六级考试大纲（2016年修订版）,https://cet.neea.edu.cn/res/Home/1704/55b02330ac17274664f06d9d3db8249d.pdf,96
nap,官方词表未提供读音,官方《全国大学英语四、六级考试大纲（2016年修订版）》词表词目；官方未提供释义,官方词表只列词形，不列例句,1,全国大学英语四、六级考试大纲（2016年修订版）,https://cet.neea.edu.cn/res/Home/1704/55b02330ac17274664f06d9d3db8249d.pdf,96
napkin,官方词表未提供读音,官方《全国大学英语四、六级考试大纲（2016年修订版）》词表词目；官方未提供释义,官方词表只列词形，不列例句,1,全国大学英语四、六级考试大纲（2016年修订版）,https://cet.neea.edu.cn/res/Home/1704/55b02330ac17274664f06d9d3db8249d.pdf,96
narrate narration narrative narrator,官方词表未提供读音,官方《全国大学英语四、六级考试大纲（2016年修订版）》词表词目；官方未提供释义,官方词表只列词形，不列例句,1,全国大学英语四、六级考试大纲（2016年修订版）,https://cet.neea.edu.cn/res/Home/1704/55b02330ac17274664f06d9d3db8249d.pdf,96
narrow narrowly,官方词表未提供读音,官方《全国大学英语四、六级考试大纲（2016年修订版）》词表词目；官方未提供释义,官方词表只列词形，不列例句,1,全国大学英语四、六级考试大纲（2016年修订版）,https://cet.neea.edu.cn/res/Home/1704/55b02330ac17274664f06d9d3db8249d.pdf,96
nasty,官方词表未提供读音,官方《全国大学英语四、六级考试大纲（2016年修订版）》词表词目；官方未提供释义,官方词表只列词形，不列例句,1,全国大学英语四、六级考试大纲（2016年修订版）,https://cet.neea.edu.cn/res/Home/1704/55b02330ac17274664f06d9d3db8249d.pdf,96
nation national nationality nationalist nationalism,官方词表未提供读音,官方《全国大学英语四、六级考试大纲（2016年修订版）》词表词目；官方未提供释义,官方词表只列词形，不列例句,1,全国大学英语四、六级考试大纲（2016年修订版）,https://cet.neea.edu.cn/res/Home/1704/55b02330ac17274664f06d9d3db8249d.pdf,96
nationwide,官方词表未提供读音,官方《全国大学英语四、六级考试大纲（2016年修订版）》词表词目；官方未提供释义,官方词表只列词形，不列例句,1,全国大学英语四、六级考试大纲（2016年修订版）,https://cet.neea.edu.cn/res/Home/1704/55b02330ac17274664f06d9d3db8249d.pdf,96
native,官方词表未提供读音,官方《全国大学英语四、六级考试大纲（2016年修订版）》词表词目；官方未提供释义,官方词表只列词形，不列例句,1,全国大学英语四、六级考试大纲（2016年修订版）,https://cet.neea.edu.cn/res/Home/1704/55b02330ac17274664f06d9d3db8249d.pdf,96
nature natural naturally,官方词表未提供读音,官方《全国大学英语四、六级考试大纲（2016年修订版）》词表词目；官方未提供释义,官方词表只列词形，不列例句,1,全国大学英语四、六级考试大纲（2016年修订版）,https://cet.neea.edu.cn/res/Home/1704/55b02330ac17274664f06d9d3db8249d.pdf,96
naughty,官方词表未提供读音,官方《全国大学英语四、六级考试大纲（2016年修订版）》词表词目；官方未提供释义,官方词表只列词形，不列例句,1,全国大学英语四、六级考试大纲（2016年修订版）,https://cet.neea.edu.cn/res/Home/1704/55b02330ac17274664f06d9d3db8249d.pdf,96
navy naval,官方词表未提供读音,官方《全国大学英语四、六级考试大纲（2016年修订版）》词表词目；官方未提供释义,官方词表只列词形，不列例句,1,全国大学英语四、六级考试大纲（2016年修订版）,https://cet.neea.edu.cn/res/Home/1704/55b02330ac17274664f06d9d3db8249d.pdf,96
near nearly,官方词表未提供读音,官方《全国大学英语四、六级考试大纲（2016年修订版）》词表词目；官方未提供释义,官方词表只列词形，不列例句,1,全国大学英语四、六级考试大纲（2016年修订版）,https://cet.neea.edu.cn/res/Home/1704/55b02330ac17274664f06d9d3db8249d.pdf,96
nearby,官方词表未提供读音,官方《全国大学英语四、六级考试大纲（2016年修订版）》词表词目；官方未提供释义,官方词表只列词形，不列例句,1,全国大学英语四、六级考试大纲（2016年修订版）,https://cet.neea.edu.cn/res/Home/1704/55b02330ac17274664f06d9d3db8249d.pdf,96
neat,官方词表未提供读音,官方《全国大学英语四、六级考试大纲（2016年修订版）》词表词目；官方未提供释义,官方词表只列词形，不列例句,1,全国大学英语四、六级考试大纲（2016年修订版）,https://cet.neea.edu.cn/res/Home/1704/55b02330ac17274664f06d9d3db8249d.pdf,96
necessary necessarily,官方词表未提供读音,官方《全国大学英语四、六级考试大纲（2016年修订版）》词表词目；官方未提供释义,官方词表只列词形，不列例句,1,全国大学英语四、六级考试大纲（2016年修订版）,https://cet.neea.edu.cn/res/Home/1704/55b02330ac17274664f06d9d3db8249d.pdf,96
necessity necessitate,官方词表未提供读音,官方《全国大学英语四、六级考试大纲（2016年修订版）》词表词目；官方未提供释义,官方词表只列词形，不列例句,1,全国大学英语四、六级考试大纲（2016年修订版）,https://cet.neea.edu.cn/res/Home/1704/55b02330ac17274664f06d9d3db8249d.pdf,96
neck,官方词表未提供读音,官方《全国大学英语四、六级考试大纲（2016年修订版）》词表词目；官方未提供释义,官方词表只列词形，不列例句,1,全国大学英语四、六级考试大纲（2016年修订版）,https://cet.neea.edu.cn/res/Home/1704/55b02330ac17274664f06d9d3db8249d.pdf,96
necklace,官方词表未提供读音,官方《全国大学英语四、六级考试大纲（2016年修订版）》词表词目；官方未提供释义,官方词表只列词形，不列例句,1,全国大学英语四、六级考试大纲（2016年修订版）,https://cet.neea.edu.cn/res/Home/1704/55b02330ac17274664f06d9d3db8249d.pdf,97
need needy,官方词表未提供读音,官方《全国大学英语四、六级考试大纲（2016年修订版）》词表词目；官方未提供释义,官方词表只列词形，不列例句,1,全国大学英语四、六级考试大纲（2016年修订版）,https://cet.neea.edu.cn/res/Home/1704/55b02330ac17274664f06d9d3db8249d.pdf,97
needle,官方词表未提供读音,官方《全国大学英语四、六级考试大纲（2016年修订版）》词表词目；官方未提供释义,官方词表只列词形，不列例句,1,全国大学英语四、六级考试大纲（2016年修订版）,https://cet.neea.edu.cn/res/Home/1704/55b02330ac17274664f06d9d3db8249d.pdf,97
negate negation negative,官方词表未提供读音,官方《全国大学英语四、六级考试大纲（2016年修订版）》词表词目；官方未提供释义,官方词表只列词形，不列例句,1,全国大学英语四、六级考试大纲（2016年修订版）,https://cet.neea.edu.cn/res/Home/1704/55b02330ac17274664f06d9d3db8249d.pdf,97
neglect neglectful,官方词表未提供读音,官方《全国大学英语四、六级考试大纲（2016年修订版）》词表词目；官方未提供释义,官方词表只列词形，不列例句,1,全国大学英语四、六级考试大纲（2016年修订版）,https://cet.neea.edu.cn/res/Home/1704/55b02330ac17274664f06d9d3db8249d.pdf,97
negotiate negotiation negotiable,官方词表未提供读音,官方《全国大学英语四、六级考试大纲（2016年修订版）》词表词目；官方未提供释义,官方词表只列词形，不列例句,1,全国大学英语四、六级考试大纲（2016年修订版）,https://cet.neea.edu.cn/res/Home/1704/55b02330ac17274664f06d9d3db8249d.pdf,97
neighbo(u)r neighbo(u)rhood,官方词表未提供读音,官方《全国大学英语四、六级考试大纲（2016年修订版）》词表词目；官方未提供释义,官方词表只列词形，不列例句,1,全国大学英语四、六级考试大纲（2016年修订版）,https://cet.neea.edu.cn/res/Home/1704/55b02330ac17274664f06d9d3db8249d.pdf,97
neither,官方词表未提供读音,官方《全国大学英语四、六级考试大纲（2016年修订版）》词表词目；官方未提供释义,官方词表只列词形，不列例句,1,全国大学英语四、六级考试大纲（2016年修订版）,https://cet.neea.edu.cn/res/Home/1704/55b02330ac17274664f06d9d3db8249d.pdf,97
nephew,官方词表未提供读音,官方《全国大学英语四、六级考试大纲（2016年修订版）》词表词目；官方未提供释义,官方词表只列词形，不列例句,1,全国大学英语四、六级考试大纲（2016年修订版）,https://cet.neea.edu.cn/res/Home/1704/55b02330ac17274664f06d9d3db8249d.pdf,97
nerve nervous,官方词表未提供读音,官方《全国大学英语四、六级考试大纲（2016年修订版）》词表词目；官方未提供释义,官方词表只列词形，不列例句,1,全国大学英语四、六级考试大纲（2016年修订版）,https://cet.neea.edu.cn/res/Home/1704/55b02330ac17274664f06d9d3db8249d.pdf,97
nest,官方词表未提供读音,官方《全国大学英语四、六级考试大纲（2016年修订版）》词表词目；官方未提供释义,官方词表只列词形，不列例句,1,全国大学英语四、六级考试大纲（2016年修订版）,https://cet.neea.edu.cn/res/Home/1704/55b02330ac17274664f06d9d3db8249d.pdf,97
net,官方词表未提供读音,官方《全国大学英语四、六级考试大纲（2016年修订版）》词表词目；官方未提供释义,官方词表只列词形，不列例句,1,全国大学英语四、六级考试大纲（2016年修订版）,https://cet.neea.edu.cn/res/Home/1704/55b02330ac17274664f06d9d3db8249d.pdf,97
network networking,官方词表未提供读音,官方《全国大学英语四、六级考试大纲（2016年修订版）》词表词目；官方未提供释义,官方词表只列词形，不列例句,1,全国大学英语四、六级考试大纲（2016年修订版）,https://cet.neea.edu.cn/res/Home/1704/55b02330ac17274664f06d9d3db8249d.pdf,97
neutral neutrality neutralize/-ise,官方词表未提供读音,官方《全国大学英语四、六级考试大纲（2016年修订版）》词表词目；官方未提供释义,官方词表只列词形，不列例句,1,全国大学英语四、六级考试大纲（2016年修订版）,https://cet.neea.edu.cn/res/Home/1704/55b02330ac17274664f06d9d3db8249d.pdf,97
never,官方词表未提供读音,官方《全国大学英语四、六级考试大纲（2016年修订版）》词表词目；官方未提供释义,官方词表只列词形，不列例句,1,全国大学英语四、六级考试大纲（2016年修订版）,https://cet.neea.edu.cn/res/Home/1704/55b02330ac17274664f06d9d3db8249d.pdf,97
nevertheless,官方词表未提供读音,官方《全国大学英语四、六级考试大纲（2016年修订版）》词表词目；官方未提供释义,官方词表只列词形，不列例句,1,全国大学英语四、六级考试大纲（2016年修订版）,https://cet.neea.edu.cn/res/Home/1704/55b02330ac17274664f06d9d3db8249d.pdf,97
new,官方词表未提供读音,官方《全国大学英语四、六级考试大纲（2016年修订版）》词表词目；官方未提供释义,官方词表只列词形，不列例句,1,全国大学英语四、六级考试大纲（2016年修订版）,https://cet.neea.edu.cn/res/Home/1704/55b02330ac17274664f06d9d3db8249d.pdf,97
news,官方词表未提供读音,官方《全国大学英语四、六级考试大纲（2016年修订版）》词表词目；官方未提供释义,官方词表只列词形，不列例句,1,全国大学英语四、六级考试大纲（2016年修订版）,https://cet.neea.edu.cn/res/Home/1704/55b02330ac17274664f06d9d3db8249d.pdf,97
newspaper,官方词表未提供读音,官方《全国大学英语四、六级考试大纲（2016年修订版）》词表词目；官方未提供释义,官方词表只列词形，不列例句,1,全国大学英语四、六级考试大纲（2016年修订版）,https://cet.neea.edu.cn/res/Home/1704/55b02330ac17274664f06d9d3db8249d.pdf,97
next,官方词表未提供读音,官方《全国大学英语四、六级考试大纲（2016年修订版）》词表词目；官方未提供释义,官方词表只列词形，不列例句,1,全国大学英语四、六级考试大纲（2016年修订版）,https://cet.neea.edu.cn/res/Home/1704/55b02330ac17274664f06d9d3db8249d.pdf,97
nice nicety,官方词表未提供读音,官方《全国大学英语四、六级考试大纲（2016年修订版）》词表词目；官方未提供释义,官方词表只列词形，不列例句,1,全国大学英语四、六级考试大纲（2016年修订版）,https://cet.neea.edu.cn/res/Home/1704/55b02330ac17274664f06d9d3db8249d.pdf,97
nickel,官方词表未提供读音,官方《全国大学英语四、六级考试大纲（2016年修订版）》词表词目；官方未提供释义,官方词表只列词形，不列例句,1,全国大学英语四、六级考试大纲（2016年修订版）,https://cet.neea.edu.cn/res/Home/1704/55b02330ac17274664f06d9d3db8249d.pdf,97
niece,官方词表未提供读音,官方《全国大学英语四、六级考试大纲（2016年修订版）》词表词目；官方未提供释义,官方词表只列词形，不列例句,1,全国大学英语四、六级考试大纲（2016年修订版）,https://cet.neea.edu.cn/res/Home/1704/55b02330ac17274664f06d9d3db8249d.pdf,97
night nightly,官方词表未提供读音,官方《全国大学英语四、六级考试大纲（2016年修订版）》词表词目；官方未提供释义,官方词表只列词形，不列例句,1,全国大学英语四、六级考试大纲（2016年修订版）,https://cet.neea.edu.cn/res/Home/1704/55b02330ac17274664f06d9d3db8249d.pdf,97
nightmare,官方词表未提供读音,官方《全国大学英语四、六级考试大纲（2016年修订版）》词表词目；官方未提供释义,官方词表只列词形，不列例句,1,全国大学英语四、六级考试大纲（2016年修订版）,https://cet.neea.edu.cn/res/Home/1704/55b02330ac17274664f06d9d3db8249d.pdf,97
nine,官方词表未提供读音,官方《全国大学英语四、六级考试大纲（2016年修订版）》词表词目；官方未提供释义,官方词表只列词形，不列例句,1,全国大学英语四、六级考试大纲（2016年修订版）,https://cet.neea.edu.cn/res/Home/1704/55b02330ac17274664f06d9d3db8249d.pdf,97
nineteen,官方词表未提供读音,官方《全国大学英语四、六级考试大纲（2016年修订版）》词表词目；官方未提供释义,官方词表只列词形，不列例句,1,全国大学英语四、六级考试大纲（2016年修订版）,https://cet.neea.edu.cn/res/Home/1704/55b02330ac17274664f06d9d3db8249d.pdf,97
ninety,官方词表未提供读音,官方《全国大学英语四、六级考试大纲（2016年修订版）》词表词目；官方未提供释义,官方词表只列词形，不列例句,1,全国大学英语四、六级考试大纲（2016年修订版）,https://cet.neea.edu.cn/res/Home/1704/55b02330ac17274664f06d9d3db8249d.pdf,97
ninth,官方词表未提供读音,官方《全国大学英语四、六级考试大纲（2016年修订版）》词表词目；官方未提供释义,官方词表只列词形，不列例句,1,全国大学英语四、六级考试大纲（2016年修订版）,https://cet.neea.edu.cn/res/Home/1704/55b02330ac17274664f06d9d3db8249d.pdf,97
no,官方词表未提供读音,官方《全国大学英语四、六级考试大纲（2016年修订版）》词表词目；官方未提供释义,官方词表只列词形，不列例句,1,全国大学英语四、六级考试大纲（2016年修订版）,https://cet.neea.edu.cn/res/Home/1704/55b02330ac17274664f06d9d3db8249d.pdf,97
noble nobility,官方词表未提供读音,官方《全国大学英语四、六级考试大纲（2016年修订版）》词表词目；官方未提供释义,官方词表只列词形，不列例句,1,全国大学英语四、六级考试大纲（2016年修订版）,https://cet.neea.edu.cn/res/Home/1704/55b02330ac17274664f06d9d3db8249d.pdf,97
nobody,官方词表未提供读音,官方《全国大学英语四、六级考试大纲（2016年修订版）》词表词目；官方未提供释义,官方词表只列词形，不列例句,1,全国大学英语四、六级考试大纲（2016年修订版）,https://cet.neea.edu.cn/res/Home/1704/55b02330ac17274664f06d9d3db8249d.pdf,97
nod,官方词表未提供读音,官方《全国大学英语四、六级考试大纲（2016年修订版）》词表词目；官方未提供释义,官方词表只列词形，不列例句,1,全国大学英语四、六级考试大纲（2016年修订版）,https://cet.neea.edu.cn/res/Home/1704/55b02330ac17274664f06d9d3db8249d.pdf,97
noise noisy,官方词表未提供读音,官方《全国大学英语四、六级考试大纲（2016年修订版）》词表词目；官方未提供释义,官方词表只列词形，不列例句,1,全国大学英语四、六级考试大纲（2016年修订版）,https://cet.neea.edu.cn/res/Home/1704/55b02330ac17274664f06d9d3db8249d.pdf,97
none,官方词表未提供读音,官方《全国大学英语四、六级考试大纲（2016年修订版）》词表词目；官方未提供释义,官方词表只列词形，不列例句,1,全国大学英语四、六级考试大纲（2016年修订版）,https://cet.neea.edu.cn/res/Home/1704/55b02330ac17274664f06d9d3db8249d.pdf,97
nonsense,官方词表未提供读音,官方《全国大学英语四、六级考试大纲（2016年修订版）》词表词目；官方未提供释义,官方词表只列词形，不列例句,1,全国大学英语四、六级考试大纲（2016年修订版）,https://cet.neea.edu.cn/res/Home/1704/55b02330ac17274664f06d9d3db8249d.pdf,98
noodle,官方词表未提供读音,官方《全国大学英语四、六级考试大纲（2016年修订版）》词表词目；官方未提供释义,官方词表只列词形，不列例句,1,全国大学英语四、六级考试大纲（2016年修订版）,https://cet.neea.edu.cn/res/Home/1704/55b02330ac17274664f06d9d3db8249d.pdf,98
noon,官方词表未提供读音,官方《全国大学英语四、六级考试大纲（2016年修订版）》词表词目；官方未提供释义,官方词表只列词形，不列例句,1,全国大学英语四、六级考试大纲（2016年修订版）,https://cet.neea.edu.cn/res/Home/1704/55b02330ac17274664f06d9d3db8249d.pdf,98
nor,官方词表未提供读音,官方《全国大学英语四、六级考试大纲（2016年修订版）》词表词目；官方未提供释义,官方词表只列词形，不列例句,1,全国大学英语四、六级考试大纲（2016年修订版）,https://cet.neea.edu.cn/res/Home/1704/55b02330ac17274664f06d9d3db8249d.pdf,98
norm,官方词表未提供读音,官方《全国大学英语四、六级考试大纲（2016年修订版）》词表词目；官方未提供释义,官方词表只列词形，不列例句,1,全国大学英语四、六级考试大纲（2016年修订版）,https://cet.neea.edu.cn/res/Home/1704/55b02330ac17274664f06d9d3db8249d.pdf,98
normal normally normalize/-ise normalization/-sation,官方词表未提供读音,官方《全国大学英语四、六级考试大纲（2016年修订版）》词表词目；官方未提供释义,官方词表只列词形，不列例句,1,全国大学英语四、六级考试大纲（2016年修订版）,https://cet.neea.edu.cn/res/Home/1704/55b02330ac17274664f06d9d3db8249d.pdf,98
north northern,官方词表未提供读音,官方《全国大学英语四、六级考试大纲（2016年修订版）》词表词目；官方未提供释义,官方词表只列词形，不列例句,1,全国大学英语四、六级考试大纲（2016年修订版）,https://cet.neea.edu.cn/res/Home/1704/55b02330ac17274664f06d9d3db8249d.pdf,98
northeast northeastern,官方词表未提供读音,官方《全国大学英语四、六级考试大纲（2016年修订版）》词表词目；官方未提供释义,官方词表只列词形，不列例句,1,全国大学英语四、六级考试大纲（2016年修订版）,https://cet.neea.edu.cn/res/Home/1704/55b02330ac17274664f06d9d3db8249d.pdf,98
northwest northwestern,官方词表未提供读音,官方《全国大学英语四、六级考试大纲（2016年修订版）》词表词目；官方未提供释义,官方词表只列词形，不列例句,1,全国大学英语四、六级考试大纲（2016年修订版）,https://cet.neea.edu.cn/res/Home/1704/55b02330ac17274664f06d9d3db8249d.pdf,98
nose nosy,官方词表未提供读音,官方《全国大学英语四、六级考试大纲（2016年修订版）》词表词目；官方未提供释义,官方词表只列词形，不列例句,1,全国大学英语四、六级考试大纲（2016年修订版）,https://cet.neea.edu.cn/res/Home/1704/55b02330ac17274664f06d9d3db8249d.pdf,98
not,官方词表未提供读音,官方《全国大学英语四、六级考试大纲（2016年修订版）》词表词目；官方未提供释义,官方词表只列词形，不列例句,1,全国大学英语四、六级考试大纲（2016年修订版）,https://cet.neea.edu.cn/res/Home/1704/55b02330ac17274664f06d9d3db8249d.pdf,98
note notation notable,官方词表未提供读音,官方《全国大学英语四、六级考试大纲（2016年修订版）》词表词目；官方未提供释义,官方词表只列词形，不列例句,1,全国大学英语四、六级考试大纲（2016年修订版）,https://cet.neea.edu.cn/res/Home/1704/55b02330ac17274664f06d9d3db8249d.pdf,98
notebook,官方词表未提供读音,官方《全国大学英语四、六级考试大纲（2016年修订版）》词表词目；官方未提供释义,官方词表只列词形，不列例句,1,全国大学英语四、六级考试大纲（2016年修订版）,https://cet.neea.edu.cn/res/Home/1704/55b02330ac17274664f06d9d3db8249d.pdf,98
nothing,官方词表未提供读音,官方《全国大学英语四、六级考试大纲（2016年修订版）》词表词目；官方未提供释义,官方词表只列词形，不列例句,1,全国大学英语四、六级考试大纲（2016年修订版）,https://cet.neea.edu.cn/res/Home/1704/55b02330ac17274664f06d9d3db8249d.pdf,98
notice noticeable,官方词表未提供读音,官方《全国大学英语四、六级考试大纲（2016年修订版）》词表词目；官方未提供释义,官方词表只列词形，不列例句,1,全国大学英语四、六级考试大纲（2016年修订版）,https://cet.neea.edu.cn/res/Home/1704/55b02330ac17274664f06d9d3db8249d.pdf,98
notify notification,官方词表未提供读音,官方《全国大学英语四、六级考试大纲（2016年修订版）》词表词目；官方未提供释义,官方词表只列词形，不列例句,1,全国大学英语四、六级考试大纲（2016年修订版）,https://cet.neea.edu.cn/res/Home/1704/55b02330ac17274664f06d9d3db8249d.pdf,98
notion notional,官方词表未提供读音,官方《全国大学英语四、六级考试大纲（2016年修订版）》词表词目；官方未提供释义,官方词表只列词形，不列例句,1,全国大学英语四、六级考试大纲（2016年修订版）,https://cet.neea.edu.cn/res/Home/1704/55b02330ac17274664f06d9d3db8249d.pdf,98
noun,官方词表未提供读音,官方《全国大学英语四、六级考试大纲（2016年修订版）》词表词目；官方未提供释义,官方词表只列词形，不列例句,1,全国大学英语四、六级考试大纲（2016年修订版）,https://cet.neea.edu.cn/res/Home/1704/55b02330ac17274664f06d9d3db8249d.pdf,98
nourish nourishment,官方词表未提供读音,官方《全国大学英语四、六级考试大纲（2016年修订版）》词表词目；官方未提供释义,官方词表只列词形，不列例句,1,全国大学英语四、六级考试大纲（2016年修订版）,https://cet.neea.edu.cn/res/Home/1704/55b02330ac17274664f06d9d3db8249d.pdf,98
novel,官方词表未提供读音,官方《全国大学英语四、六级考试大纲（2016年修订版）》词表词目；官方未提供释义,官方词表只列词形，不列例句,1,全国大学英语四、六级考试大纲（2016年修订版）,https://cet.neea.edu.cn/res/Home/1704/55b02330ac17274664f06d9d3db8249d.pdf,98
novelist,官方词表未提供读音,官方《全国大学英语四、六级考试大纲（2016年修订版）》词表词目；官方未提供释义,官方词表只列词形，不列例句,1,全国大学英语四、六级考试大纲（2016年修订版）,https://cet.neea.edu.cn/res/Home/1704/55b02330ac17274664f06d9d3db8249d.pdf,98
novelty,官方词表未提供读音,官方《全国大学英语四、六级考试大纲（2016年修订版）》词表词目；官方未提供释义,官方词表只列词形，不列例句,1,全国大学英语四、六级考试大纲（2016年修订版）,https://cet.neea.edu.cn/res/Home/1704/55b02330ac17274664f06d9d3db8249d.pdf,98
November,官方词表未提供读音,官方《全国大学英语四、六级考试大纲（2016年修订版）》词表词目；官方未提供释义,官方词表只列词形，不列例句,1,全国大学英语四、六级考试大纲（2016年修订版）,https://cet.neea.edu.cn/res/Home/1704/55b02330ac17274664f06d9d3db8249d.pdf,98
now,官方词表未提供读音,官方《全国大学英语四、六级考试大纲（2016年修订版）》词表词目；官方未提供释义,官方词表只列词形，不列例句,1,全国大学英语四、六级考试大纲（2016年修订版）,https://cet.neea.edu.cn/res/Home/1704/55b02330ac17274664f06d9d3db8249d.pdf,98
nowadays,官方词表未提供读音,官方《全国大学英语四、六级考试大纲（2016年修订版）》词表词目；官方未提供释义,官方词表只列词形，不列例句,1,全国大学英语四、六级考试大纲（2016年修订版）,https://cet.neea.edu.cn/res/Home/1704/55b02330ac17274664f06d9d3db8249d.pdf,98
nowhere,官方词表未提供读音,官方《全国大学英语四、六级考试大纲（2016年修订版）》词表词目；官方未提供释义,官方词表只列词形，不列例句,1,全国大学英语四、六级考试大纲（2016年修订版）,https://cet.neea.edu.cn/res/Home/1704/55b02330ac17274664f06d9d3db8249d.pdf,98
nuclear nucleus,官方词表未提供读音,官方《全国大学英语四、六级考试大纲（2016年修订版）》词表词目；官方未提供释义,官方词表只列词形，不列例句,1,全国大学英语四、六级考试大纲（2016年修订版）,https://cet.neea.edu.cn/res/Home/1704/55b02330ac17274664f06d9d3db8249d.pdf,98
nude nudity,官方词表未提供读音,官方《全国大学英语四、六级考试大纲（2016年修订版）》词表词目；官方未提供释义,官方词表只列词形，不列例句,1,全国大学英语四、六级考试大纲（2016年修订版）,https://cet.neea.edu.cn/res/Home/1704/55b02330ac17274664f06d9d3db8249d.pdf,98
nuisance,官方词表未提供读音,官方《全国大学英语四、六级考试大纲（2016年修订版）》词表词目；官方未提供释义,官方词表只列词形，不列例句,1,全国大学英语四、六级考试大纲（2016年修订版）,https://cet.neea.edu.cn/res/Home/1704/55b02330ac17274664f06d9d3db8249d.pdf,98
number,官方词表未提供读音,官方《全国大学英语四、六级考试大纲（2016年修订版）》词表词目；官方未提供释义,官方词表只列词形，不列例句,1,全国大学英语四、六级考试大纲（2016年修订版）,https://cet.neea.edu.cn/res/Home/1704/55b02330ac17274664f06d9d3db8249d.pdf,98
numerous,官方词表未提供读音,官方《全国大学英语四、六级考试大纲（2016年修订版）》词表词目；官方未提供释义,官方词表只列词形，不列例句,1,全国大学英语四、六级考试大纲（2016年修订版）,https://cet.neea.edu.cn/res/Home/1704/55b02330ac17274664f06d9d3db8249d.pdf,98
nurse,官方词表未提供读音,官方《全国大学英语四、六级考试大纲（2016年修订版）》词表词目；官方未提供释义,官方词表只列词形，不列例句,1,全国大学英语四、六级考试大纲（2016年修订版）,https://cet.neea.edu.cn/res/Home/1704/55b02330ac17274664f06d9d3db8249d.pdf,98
nursery,官方词表未提供读音,官方《全国大学英语四、六级考试大纲（2016年修订版）》词表词目；官方未提供释义,官方词表只列词形，不列例句,1,全国大学英语四、六级考试大纲（2016年修订版）,https://cet.neea.edu.cn/res/Home/1704/55b02330ac17274664f06d9d3db8249d.pdf,98
nut,官方词表未提供读音,官方《全国大学英语四、六级考试大纲（2016年修订版）》词表词目；官方未提供释义,官方词表只列词形，不列例句,1,全国大学英语四、六级考试大纲（2016年修订版）,https://cet.neea.edu.cn/res/Home/1704/55b02330ac17274664f06d9d3db8249d.pdf,98
nutrition nutrient,官方词表未提供读音,官方《全国大学英语四、六级考试大纲（2016年修订版）》词表词目；官方未提供释义,官方词表只列词形，不列例句,1,全国大学英语四、六级考试大纲（2016年修订版）,https://cet.neea.edu.cn/res/Home/1704/55b02330ac17274664f06d9d3db8249d.pdf,98
obese obesity,官方词表未提供读音,官方《全国大学英语四、六级考试大纲（2016年修订版）》词表词目；官方未提供释义,官方词表只列词形，不列例句,1,全国大学英语四、六级考试大纲（2016年修订版）,https://cet.neea.edu.cn/res/Home/1704/55b02330ac17274664f06d9d3db8249d.pdf,99
obey obedient obedience,官方词表未提供读音,官方《全国大学英语四、六级考试大纲（2016年修订版）》词表词目；官方未提供释义,官方词表只列词形，不列例句,1,全国大学英语四、六级考试大纲（2016年修订版）,https://cet.neea.edu.cn/res/Home/1704/55b02330ac17274664f06d9d3db8249d.pdf,99
object,官方词表未提供读音,官方《全国大学英语四、六级考试大纲（2016年修订版）》词表词目；官方未提供释义,官方词表只列词形，不列例句,1,全国大学英语四、六级考试大纲（2016年修订版）,https://cet.neea.edu.cn/res/Home/1704/55b02330ac17274664f06d9d3db8249d.pdf,99
objection,官方词表未提供读音,官方《全国大学英语四、六级考试大纲（2016年修订版）》词表词目；官方未提供释义,官方词表只列词形，不列例句,1,全国大学英语四、六级考试大纲（2016年修订版）,https://cet.neea.edu.cn/res/Home/1704/55b02330ac17274664f06d9d3db8249d.pdf,99
objective,官方词表未提供读音,官方《全国大学英语四、六级考试大纲（2016年修订版）》词表词目；官方未提供释义,官方词表只列词形，不列例句,1,全国大学英语四、六级考试大纲（2016年修订版）,https://cet.neea.edu.cn/res/Home/1704/55b02330ac17274664f06d9d3db8249d.pdf,99
oblige obligation obliged obligatory,官方词表未提供读音,官方《全国大学英语四、六级考试大纲（2016年修订版）》词表词目；官方未提供释义,官方词表只列词形，不列例句,1,全国大学英语四、六级考试大纲（2016年修订版）,https://cet.neea.edu.cn/res/Home/1704/55b02330ac17274664f06d9d3db8249d.pdf,99
observe observation observer observant,官方词表未提供读音,官方《全国大学英语四、六级考试大纲（2016年修订版）》词表词目；官方未提供释义,官方词表只列词形，不列例句,1,全国大学英语四、六级考试大纲（2016年修订版）,https://cet.neea.edu.cn/res/Home/1704/55b02330ac17274664f06d9d3db8249d.pdf,99
obstacle,官方词表未提供读音,官方《全国大学英语四、六级考试大纲（2016年修订版）》词表词目；官方未提供释义,官方词表只列词形，不列例句,1,全国大学英语四、六级考试大纲（2016年修订版）,https://cet.neea.edu.cn/res/Home/1704/55b02330ac17274664f06d9d3db8249d.pdf,99
obtain obtainment,官方词表未提供读音,官方《全国大学英语四、六级考试大纲（2016年修订版）》词表词目；官方未提供释义,官方词表只列词形，不列例句,1,全国大学英语四、六级考试大纲（2016年修订版）,https://cet.neea.edu.cn/res/Home/1704/55b02330ac17274664f06d9d3db8249d.pdf,99
obvious obviously,官方词表未提供读音,官方《全国大学英语四、六级考试大纲（2016年修订版）》词表词目；官方未提供释义,官方词表只列词形，不列例句,1,全国大学英语四、六级考试大纲（2016年修订版）,https://cet.neea.edu.cn/res/Home/1704/55b02330ac17274664f06d9d3db8249d.pdf,99
occasion occasional occasionally,官方词表未提供读音,官方《全国大学英语四、六级考试大纲（2016年修订版）》词表词目；官方未提供释义,官方词表只列词形，不列例句,1,全国大学英语四、六级考试大纲（2016年修订版）,https://cet.neea.edu.cn/res/Home/1704/55b02330ac17274664f06d9d3db8249d.pdf,99
occupation occupational,官方词表未提供读音,官方《全国大学英语四、六级考试大纲（2016年修订版）》词表词目；官方未提供释义,官方词表只列词形，不列例句,1,全国大学英语四、六级考试大纲（2016年修订版）,https://cet.neea.edu.cn/res/Home/1704/55b02330ac17274664f06d9d3db8249d.pdf,99
occupy occupancy occupant,官方词表未提供读音,官方《全国大学英语四、六级考试大纲（2016年修订版）》词表词目；官方未提供释义,官方词表只列词形，不列例句,1,全国大学英语四、六级考试大纲（2016年修订版）,https://cet.neea.edu.cn/res/Home/1704/55b02330ac17274664f06d9d3db8249d.pdf,99
occur occurrence,官方词表未提供读音,官方《全国大学英语四、六级考试大纲（2016年修订版）》词表词目；官方未提供释义,官方词表只列词形，不列例句,1,全国大学英语四、六级考试大纲（2016年修订版）,https://cet.neea.edu.cn/res/Home/1704/55b02330ac17274664f06d9d3db8249d.pdf,99
ocean oceanic,官方词表未提供读音,官方《全国大学英语四、六级考试大纲（2016年修订版）》词表词目；官方未提供释义,官方词表只列词形，不列例句,1,全国大学英语四、六级考试大纲（2016年修订版）,https://cet.neea.edu.cn/res/Home/1704/55b02330ac17274664f06d9d3db8249d.pdf,99
October,官方词表未提供读音,官方《全国大学英语四、六级考试大纲（2016年修订版）》词表词目；官方未提供释义,官方词表只列词形，不列例句,1,全国大学英语四、六级考试大纲（2016年修订版）,https://cet.neea.edu.cn/res/Home/1704/55b02330ac17274664f06d9d3db8249d.pdf,99
odd oddity,官方词表未提供读音,官方《全国大学英语四、六级考试大纲（2016年修订版）》词表词目；官方未提供释义,官方词表只列词形，不列例句,1,全国大学英语四、六级考试大纲（2016年修订版）,https://cet.neea.edu.cn/res/Home/1704/55b02330ac17274664f06d9d3db8249d.pdf,99
odds,官方词表未提供读音,官方《全国大学英语四、六级考试大纲（2016年修订版）》词表词目；官方未提供释义,官方词表只列词形，不列例句,1,全国大学英语四、六级考试大纲（2016年修订版）,https://cet.neea.edu.cn/res/Home/1704/55b02330ac17274664f06d9d3db8249d.pdf,99
odo(u)r odorous,官方词表未提供读音,官方《全国大学英语四、六级考试大纲（2016年修订版）》词表词目；官方未提供释义,官方词表只列词形，不列例句,1,全国大学英语四、六级考试大纲（2016年修订版）,https://cet.neea.edu.cn/res/Home/1704/55b02330ac17274664f06d9d3db8249d.pdf,99
of,官方词表未提供读音,官方《全国大学英语四、六级考试大纲（2016年修订版）》词表词目；官方未提供释义,官方词表只列词形，不列例句,1,全国大学英语四、六级考试大纲（2016年修订版）,https://cet.neea.edu.cn/res/Home/1704/55b02330ac17274664f06d9d3db8249d.pdf,99
off,官方词表未提供读音,官方《全国大学英语四、六级考试大纲（2016年修订版）》词表词目；官方未提供释义,官方词表只列词形，不列例句,1,全国大学英语四、六级考试大纲（2016年修订版）,https://cet.neea.edu.cn/res/Home/1704/55b02330ac17274664f06d9d3db8249d.pdf,99
offend offense/-ce offensive offender,官方词表未提供读音,官方《全国大学英语四、六级考试大纲（2016年修订版）》词表词目；官方未提供释义,官方词表只列词形，不列例句,1,全国大学英语四、六级考试大纲（2016年修订版）,https://cet.neea.edu.cn/res/Home/1704/55b02330ac17274664f06d9d3db8249d.pdf,99
offer offering,官方词表未提供读音,官方《全国大学英语四、六级考试大纲（2016年修订版）》词表词目；官方未提供释义,官方词表只列词形，不列例句,1,全国大学英语四、六级考试大纲（2016年修订版）,https://cet.neea.edu.cn/res/Home/1704/55b02330ac17274664f06d9d3db8249d.pdf,99
office,官方词表未提供读音,官方《全国大学英语四、六级考试大纲（2016年修订版）》词表词目；官方未提供释义,官方词表只列词形，不列例句,1,全国大学英语四、六级考试大纲（2016年修订版）,https://cet.neea.edu.cn/res/Home/1704/55b02330ac17274664f06d9d3db8249d.pdf,99
officer,官方词表未提供读音,官方《全国大学英语四、六级考试大纲（2016年修订版）》词表词目；官方未提供释义,官方词表只列词形，不列例句,1,全国大学英语四、六级考试大纲（2016年修订版）,https://cet.neea.edu.cn/res/Home/1704/55b02330ac17274664f06d9d3db8249d.pdf,99
official,官方词表未提供读音,官方《全国大学英语四、六级考试大纲（2016年修订版）》词表词目；官方未提供释义,官方词表只列词形，不列例句,1,全国大学英语四、六级考试大纲（2016年修订版）,https://cet.neea.edu.cn/res/Home/1704/55b02330ac17274664f06d9d3db8249d.pdf,99
often/oftentimes,官方词表未提供读音,官方《全国大学英语四、六级考试大纲（2016年修订版）》词表词目；官方未提供释义,官方词表只列词形，不列例句,1,全国大学英语四、六级考试大纲（2016年修订版）,https://cet.neea.edu.cn/res/Home/1704/55b02330ac17274664f06d9d3db8249d.pdf,99
oil oily,官方词表未提供读音,官方《全国大学英语四、六级考试大纲（2016年修订版）》词表词目；官方未提供释义,官方词表只列词形，不列例句,1,全国大学英语四、六级考试大纲（2016年修订版）,https://cet.neea.edu.cn/res/Home/1704/55b02330ac17274664f06d9d3db8249d.pdf,99
okay,官方词表未提供读音,官方《全国大学英语四、六级考试大纲（2016年修订版）》词表词目；官方未提供释义,官方词表只列词形，不列例句,1,全国大学英语四、六级考试大纲（2016年修订版）,https://cet.neea.edu.cn/res/Home/1704/55b02330ac17274664f06d9d3db8249d.pdf,99
old,官方词表未提供读音,官方《全国大学英语四、六级考试大纲（2016年修订版）》词表词目；官方未提供释义,官方词表只列词形，不列例句,1,全国大学英语四、六级考试大纲（2016年修订版）,https://cet.neea.edu.cn/res/Home/1704/55b02330ac17274664f06d9d3db8249d.pdf,99
old-fashioned,官方词表未提供读音,官方《全国大学英语四、六级考试大纲（2016年修订版）》词表词目；官方未提供释义,官方词表只列词形，不列例句,1,全国大学英语四、六级考试大纲（2016年修订版）,https://cet.neea.edu.cn/res/Home/1704/55b02330ac17274664f06d9d3db8249d.pdf,99
Olympic Olympics Olympiad,官方词表未提供读音,官方《全国大学英语四、六级考试大纲（2016年修订版）》词表词目；官方未提供释义,官方词表只列词形，不列例句,1,全国大学英语四、六级考试大纲（2016年修订版）,https://cet.neea.edu.cn/res/Home/1704/55b02330ac17274664f06d9d3db8249d.pdf,100
omit omission,官方词表未提供读音,官方《全国大学英语四、六级考试大纲（2016年修订版）》词表词目；官方未提供释义,官方词表只列词形，不列例句,1,全国大学英语四、六级考试大纲（2016年修订版）,https://cet.neea.edu.cn/res/Home/1704/55b02330ac17274664f06d9d3db8249d.pdf,100
on,官方词表未提供读音,官方《全国大学英语四、六级考试大纲（2016年修订版）》词表词目；官方未提供释义,官方词表只列词形，不列例句,1,全国大学英语四、六级考试大纲（2016年修订版）,https://cet.neea.edu.cn/res/Home/1704/55b02330ac17274664f06d9d3db8249d.pdf,100
once,官方词表未提供读音,官方《全国大学英语四、六级考试大纲（2016年修订版）》词表词目；官方未提供释义,官方词表只列词形，不列例句,1,全国大学英语四、六级考试大纲（2016年修订版）,https://cet.neea.edu.cn/res/Home/1704/55b02330ac17274664f06d9d3db8249d.pdf,100
one,官方词表未提供读音,官方《全国大学英语四、六级考试大纲（2016年修订版）》词表词目；官方未提供释义,官方词表只列词形，不列例句,1,全国大学英语四、六级考试大纲（2016年修订版）,https://cet.neea.edu.cn/res/Home/1704/55b02330ac17274664f06d9d3db8249d.pdf,100
oneself,官方词表未提供读音,官方《全国大学英语四、六级考试大纲（2016年修订版）》词表词目；官方未提供释义,官方词表只列词形，不列例句,1,全国大学英语四、六级考试大纲（2016年修订版）,https://cet.neea.edu.cn/res/Home/1704/55b02330ac17274664f06d9d3db8249d.pdf,100
ongoing,官方词表未提供读音,官方《全国大学英语四、六级考试大纲（2016年修订版）》词表词目；官方未提供释义,官方词表只列词形，不列例句,1,全国大学英语四、六级考试大纲（2016年修订版）,https://cet.neea.edu.cn/res/Home/1704/55b02330ac17274664f06d9d3db8249d.pdf,100
onion,官方词表未提供读音,官方《全国大学英语四、六级考试大纲（2016年修订版）》词表词目；官方未提供释义,官方词表只列词形，不列例句,1,全国大学英语四、六级考试大纲（2016年修订版）,https://cet.neea.edu.cn/res/Home/1704/55b02330ac17274664f06d9d3db8249d.pdf,100
online,官方词表未提供读音,官方《全国大学英语四、六级考试大纲（2016年修订版）》词表词目；官方未提供释义,官方词表只列词形，不列例句,1,全国大学英语四、六级考试大纲（2016年修订版）,https://cet.neea.edu.cn/res/Home/1704/55b02330ac17274664f06d9d3db8249d.pdf,100
only,官方词表未提供读音,官方《全国大学英语四、六级考试大纲（2016年修订版）》词表词目；官方未提供释义,官方词表只列词形，不列例句,1,全国大学英语四、六级考试大纲（2016年修订版）,https://cet.neea.edu.cn/res/Home/1704/55b02330ac17274664f06d9d3db8249d.pdf,100
onto,官方词表未提供读音,官方《全国大学英语四、六级考试大纲（2016年修订版）》词表词目；官方未提供释义,官方词表只列词形，不列例句,1,全国大学英语四、六级考试大纲（2016年修订版）,https://cet.neea.edu.cn/res/Home/1704/55b02330ac17274664f06d9d3db8249d.pdf,100
onward,官方词表未提供读音,官方《全国大学英语四、六级考试大纲（2016年修订版）》词表词目；官方未提供释义,官方词表只列词形，不列例句,1,全国大学英语四、六级考试大纲（2016年修订版）,https://cet.neea.edu.cn/res/Home/1704/55b02330ac17274664f06d9d3db8249d.pdf,100
open opener opening openly,官方词表未提供读音,官方《全国大学英语四、六级考试大纲（2016年修订版）》词表词目；官方未提供释义,官方词表只列词形，不列例句,1,全国大学英语四、六级考试大纲（2016年修订版）,https://cet.neea.edu.cn/res/Home/1704/55b02330ac17274664f06d9d3db8249d.pdf,100
opera,官方词表未提供读音,官方《全国大学英语四、六级考试大纲（2016年修订版）》词表词目；官方未提供释义,官方词表只列词形，不列例句,1,全国大学英语四、六级考试大纲（2016年修订版）,https://cet.neea.edu.cn/res/Home/1704/55b02330ac17274664f06d9d3db8249d.pdf,100
operate operation operational operator,官方词表未提供读音,官方《全国大学英语四、六级考试大纲（2016年修订版）》词表词目；官方未提供释义,官方词表只列词形，不列例句,1,全国大学英语四、六级考试大纲（2016年修订版）,https://cet.neea.edu.cn/res/Home/1704/55b02330ac17274664f06d9d3db8249d.pdf,100
opinion,官方词表未提供读音,官方《全国大学英语四、六级考试大纲（2016年修订版）》词表词目；官方未提供释义,官方词表只列词形，不列例句,1,全国大学英语四、六级考试大纲（2016年修订版）,https://cet.neea.edu.cn/res/Home/1704/55b02330ac17274664f06d9d3db8249d.pdf,100
opportunity,官方词表未提供读音,官方《全国大学英语四、六级考试大纲（2016年修订版）》词表词目；官方未提供释义,官方词表只列词形，不列例句,1,全国大学英语四、六级考试大纲（2016年修订版）,https://cet.neea.edu.cn/res/Home/1704/55b02330ac17274664f06d9d3db8249d.pdf,100
oppose opposition opponent,官方词表未提供读音,官方《全国大学英语四、六级考试大纲（2016年修订版）》词表词目；官方未提供释义,官方词表只列词形，不列例句,1,全国大学英语四、六级考试大纲（2016年修订版）,https://cet.neea.edu.cn/res/Home/1704/55b02330ac17274664f06d9d3db8249d.pdf,100
opposite,官方词表未提供读音,官方《全国大学英语四、六级考试大纲（2016年修订版）》词表词目；官方未提供释义,官方词表只列词形，不列例句,1,全国大学英语四、六级考试大纲（2016年修订版）,https://cet.neea.edu.cn/res/Home/1704/55b02330ac17274664f06d9d3db8249d.pdf,100
opt option optional,官方词表未提供读音,官方《全国大学英语四、六级考试大纲（2016年修订版）》词表词目；官方未提供释义,官方词表只列词形，不列例句,1,全国大学英语四、六级考试大纲（2016年修订版）,https://cet.neea.edu.cn/res/Home/1704/55b02330ac17274664f06d9d3db8249d.pdf,100
optimism optimistic optimist,官方词表未提供读音,官方《全国大学英语四、六级考试大纲（2016年修订版）》词表词目；官方未提供释义,官方词表只列词形，不列例句,1,全国大学英语四、六级考试大纲（2016年修订版）,https://cet.neea.edu.cn/res/Home/1704/55b02330ac17274664f06d9d3db8249d.pdf,100
or,官方词表未提供读音,官方《全国大学英语四、六级考试大纲（2016年修订版）》词表词目；官方未提供释义,官方词表只列词形，不列例句,1,全国大学英语四、六级考试大纲（2016年修订版）,https://cet.neea.edu.cn/res/Home/1704/55b02330ac17274664f06d9d3db8249d.pdf,100
oral,官方词表未提供读音,官方《全国大学英语四、六级考试大纲（2016年修订版）》词表词目；官方未提供释义,官方词表只列词形，不列例句,1,全国大学英语四、六级考试大纲（2016年修订版）,https://cet.neea.edu.cn/res/Home/1704/55b02330ac17274664f06d9d3db8249d.pdf,100
orange,官方词表未提供读音,官方《全国大学英语四、六级考试大纲（2016年修订版）》词表词目；官方未提供释义,官方词表只列词形，不列例句,1,全国大学英语四、六级考试大纲（2016年修订版）,https://cet.neea.edu.cn/res/Home/1704/55b02330ac17274664f06d9d3db8249d.pdf,100
orbit orbital,官方词表未提供读音,官方《全国大学英语四、六级考试大纲（2016年修订版）》词表词目；官方未提供释义,官方词表只列词形，不列例句,1,全国大学英语四、六级考试大纲（2016年修订版）,https://cet.neea.edu.cn/res/Home/1704/55b02330ac17274664f06d9d3db8249d.pdf,100
orchestra,官方词表未提供读音,官方《全国大学英语四、六级考试大纲（2016年修订版）》词表词目；官方未提供释义,官方词表只列词形，不列例句,1,全国大学英语四、六级考试大纲（2016年修订版）,https://cet.neea.edu.cn/res/Home/1704/55b02330ac17274664f06d9d3db8249d.pdf,100
order orderly,官方词表未提供读音,官方《全国大学英语四、六级考试大纲（2016年修订版）》词表词目；官方未提供释义,官方词表只列词形，不列例句,1,全国大学英语四、六级考试大纲（2016年修订版）,https://cet.neea.edu.cn/res/Home/1704/55b02330ac17274664f06d9d3db8249d.pdf,100
ordinary,官方词表未提供读音,官方《全国大学英语四、六级考试大纲（2016年修订版）》词表词目；官方未提供释义,官方词表只列词形，不列例句,1,全国大学英语四、六级考试大纲（2016年修订版）,https://cet.neea.edu.cn/res/Home/1704/55b02330ac17274664f06d9d3db8249d.pdf,100
ore,官方词表未提供读音,官方《全国大学英语四、六级考试大纲（2016年修订版）》词表词目；官方未提供释义,官方词表只列词形，不列例句,1,全国大学英语四、六级考试大纲（2016年修订版）,https://cet.neea.edu.cn/res/Home/1704/55b02330ac17274664f06d9d3db8249d.pdf,100
organ,官方词表未提供读音,官方《全国大学英语四、六级考试大纲（2016年修订版）》词表词目；官方未提供释义,官方词表只列词形，不列例句,1,全国大学英语四、六级考试大纲（2016年修订版）,https://cet.neea.edu.cn/res/Home/1704/55b02330ac17274664f06d9d3db8249d.pdf,100
organic,官方词表未提供读音,官方《全国大学英语四、六级考试大纲（2016年修订版）》词表词目；官方未提供释义,官方词表只列词形，不列例句,1,全国大学英语四、六级考试大纲（2016年修订版）,https://cet.neea.edu.cn/res/Home/1704/55b02330ac17274664f06d9d3db8249d.pdf,100
organism,官方词表未提供读音,官方《全国大学英语四、六级考试大纲（2016年修订版）》词表词目；官方未提供释义,官方词表只列词形，不列例句,1,全国大学英语四、六级考试大纲（2016年修订版）,https://cet.neea.edu.cn/res/Home/1704/55b02330ac17274664f06d9d3db8249d.pdf,100
organize/-ise organization/-sation organizational/-sational,官方词表未提供读音,官方《全国大学英语四、六级考试大纲（2016年修订版）》词表词目；官方未提供释义,官方词表只列词形，不列例句,1,全国大学英语四、六级考试大纲（2016年修订版）,https://cet.neea.edu.cn/res/Home/1704/55b02330ac17274664f06d9d3db8249d.pdf,100
orient,官方词表未提供读音,官方《全国大学英语四、六级考试大纲（2016年修订版）》词表词目；官方未提供释义,官方词表只列词形，不列例句,1,全国大学英语四、六级考试大纲（2016年修订版）,https://cet.neea.edu.cn/res/Home/1704/55b02330ac17274664f06d9d3db8249d.pdf,100
orientation,官方词表未提供读音,官方《全国大学英语四、六级考试大纲（2016年修订版）》词表词目；官方未提供释义,官方词表只列词形，不列例句,1,全国大学英语四、六级考试大纲（2016年修订版）,https://cet.neea.edu.cn/res/Home/1704/55b02330ac17274664f06d9d3db8249d.pdf,100
oriental,官方词表未提供读音,官方《全国大学英语四、六级考试大纲（2016年修订版）》词表词目；官方未提供释义,官方词表只列词形，不列例句,1,全国大学英语四、六级考试大纲（2016年修订版）,https://cet.neea.edu.cn/res/Home/1704/55b02330ac17274664f06d9d3db8249d.pdf,100
origin original originality originate,官方词表未提供读音,官方《全国大学英语四、六级考试大纲（2016年修订版）》词表词目；官方未提供释义,官方词表只列词形，不列例句,1,全国大学英语四、六级考试大纲（2016年修订版）,https://cet.neea.edu.cn/res/Home/1704/55b02330ac17274664f06d9d3db8249d.pdf,101
ornament ornamental,官方词表未提供读音,官方《全国大学英语四、六级考试大纲（2016年修订版）》词表词目；官方未提供释义,官方词表只列词形，不列例句,1,全国大学英语四、六级考试大纲（2016年修订版）,https://cet.neea.edu.cn/res/Home/1704/55b02330ac17274664f06d9d3db8249d.pdf,101
orphan orphanage,官方词表未提供读音,官方《全国大学英语四、六级考试大纲（2016年修订版）》词表词目；官方未提供释义,官方词表只列词形，不列例句,1,全国大学英语四、六级考试大纲（2016年修订版）,https://cet.neea.edu.cn/res/Home/1704/55b02330ac17274664f06d9d3db8249d.pdf,101
other,官方词表未提供读音,官方《全国大学英语四、六级考试大纲（2016年修订版）》词表词目；官方未提供释义,官方词表只列词形，不列例句,1,全国大学英语四、六级考试大纲（2016年修订版）,https://cet.neea.edu.cn/res/Home/1704/55b02330ac17274664f06d9d3db8249d.pdf,101
otherwise,官方词表未提供读音,官方《全国大学英语四、六级考试大纲（2016年修订版）》词表词目；官方未提供释义,官方词表只列词形，不列例句,1,全国大学英语四、六级考试大纲（2016年修订版）,https://cet.neea.edu.cn/res/Home/1704/55b02330ac17274664f06d9d3db8249d.pdf,101
oughtto,官方词表未提供读音,官方《全国大学英语四、六级考试大纲（2016年修订版）》词表词目；官方未提供释义,官方词表只列词形，不列例句,1,全国大学英语四、六级考试大纲（2016年修订版）,https://cet.neea.edu.cn/res/Home/1704/55b02330ac17274664f06d9d3db8249d.pdf,101
ounce,官方词表未提供读音,官方《全国大学英语四、六级考试大纲（2016年修订版）》词表词目；官方未提供释义,官方词表只列词形，不列例句,1,全国大学英语四、六级考试大纲（2016年修订版）,https://cet.neea.edu.cn/res/Home/1704/55b02330ac17274664f06d9d3db8249d.pdf,101
our,官方词表未提供读音,官方《全国大学英语四、六级考试大纲（2016年修订版）》词表词目；官方未提供释义,官方词表只列词形，不列例句,1,全国大学英语四、六级考试大纲（2016年修订版）,https://cet.neea.edu.cn/res/Home/1704/55b02330ac17274664f06d9d3db8249d.pdf,101
ours,官方词表未提供读音,官方《全国大学英语四、六级考试大纲（2016年修订版）》词表词目；官方未提供释义,官方词表只列词形，不列例句,1,全国大学英语四、六级考试大纲（2016年修订版）,https://cet.neea.edu.cn/res/Home/1704/55b02330ac17274664f06d9d3db8249d.pdf,101
ourselves,官方词表未提供读音,官方《全国大学英语四、六级考试大纲（2016年修订版）》词表词目；官方未提供释义,官方词表只列词形，不列例句,1,全国大学英语四、六级考试大纲（2016年修订版）,https://cet.neea.edu.cn/res/Home/1704/55b02330ac17274664f06d9d3db8249d.pdf,101
out,官方词表未提供读音,官方《全国大学英语四、六级考试大纲（2016年修订版）》词表词目；官方未提供释义,官方词表只列词形，不列例句,1,全国大学英语四、六级考试大纲（2016年修订版）,https://cet.neea.edu.cn/res/Home/1704/55b02330ac17274664f06d9d3db8249d.pdf,101
outbreak,官方词表未提供读音,官方《全国大学英语四、六级考试大纲（2016年修订版）》词表词目；官方未提供释义,官方词表只列词形，不列例句,1,全国大学英语四、六级考试大纲（2016年修订版）,https://cet.neea.edu.cn/res/Home/1704/55b02330ac17274664f06d9d3db8249d.pdf,101
outcome,官方词表未提供读音,官方《全国大学英语四、六级考试大纲（2016年修订版）》词表词目；官方未提供释义,官方词表只列词形，不列例句,1,全国大学英语四、六级考试大纲（2016年修订版）,https://cet.neea.edu.cn/res/Home/1704/55b02330ac17274664f06d9d3db8249d.pdf,101
outdated,官方词表未提供读音,官方《全国大学英语四、六级考试大纲（2016年修订版）》词表词目；官方未提供释义,官方词表只列词形，不列例句,1,全国大学英语四、六级考试大纲（2016年修订版）,https://cet.neea.edu.cn/res/Home/1704/55b02330ac17274664f06d9d3db8249d.pdf,101
outdoor outdoors,官方词表未提供读音,官方《全国大学英语四、六级考试大纲（2016年修订版）》词表词目；官方未提供释义,官方词表只列词形，不列例句,1,全国大学英语四、六级考试大纲（2016年修订版）,https://cet.neea.edu.cn/res/Home/1704/55b02330ac17274664f06d9d3db8249d.pdf,101
outer,官方词表未提供读音,官方《全国大学英语四、六级考试大纲（2016年修订版）》词表词目；官方未提供释义,官方词表只列词形，不列例句,1,全国大学英语四、六级考试大纲（2016年修订版）,https://cet.neea.edu.cn/res/Home/1704/55b02330ac17274664f06d9d3db8249d.pdf,101
outgoing,官方词表未提供读音,官方《全国大学英语四、六级考试大纲（2016年修订版）》词表词目；官方未提供释义,官方词表只列词形，不列例句,1,全国大学英语四、六级考试大纲（2016年修订版）,https://cet.neea.edu.cn/res/Home/1704/55b02330ac17274664f06d9d3db8249d.pdf,101
outing,官方词表未提供读音,官方《全国大学英语四、六级考试大纲（2016年修订版）》词表词目；官方未提供释义,官方词表只列词形，不列例句,1,全国大学英语四、六级考试大纲（2016年修订版）,https://cet.neea.edu.cn/res/Home/1704/55b02330ac17274664f06d9d3db8249d.pdf,101
outlet,官方词表未提供读音,官方《全国大学英语四、六级考试大纲（2016年修订版）》词表词目；官方未提供释义,官方词表只列词形，不列例句,1,全国大学英语四、六级考试大纲（2016年修订版）,https://cet.neea.edu.cn/res/Home/1704/55b02330ac17274664f06d9d3db8249d.pdf,101
outline,官方词表未提供读音,官方《全国大学英语四、六级考试大纲（2016年修订版）》词表词目；官方未提供释义,官方词表只列词形，不列例句,1,全国大学英语四、六级考试大纲（2016年修订版）,https://cet.neea.edu.cn/res/Home/1704/55b02330ac17274664f06d9d3db8249d.pdf,101
outlook,官方词表未提供读音,官方《全国大学英语四、六级考试大纲（2016年修订版）》词表词目；官方未提供释义,官方词表只列词形，不列例句,1,全国大学英语四、六级考试大纲（2016年修订版）,https://cet.neea.edu.cn/res/Home/1704/55b02330ac17274664f06d9d3db8249d.pdf,101
output,官方词表未提供读音,官方《全国大学英语四、六级考试大纲（2016年修订版）》词表词目；官方未提供释义,官方词表只列词形，不列例句,1,全国大学英语四、六级考试大纲（2016年修订版）,https://cet.neea.edu.cn/res/Home/1704/55b02330ac17274664f06d9d3db8249d.pdf,101
outset,官方词表未提供读音,官方《全国大学英语四、六级考试大纲（2016年修订版）》词表词目；官方未提供释义,官方词表只列词形，不列例句,1,全国大学英语四、六级考试大纲（2016年修订版）,https://cet.neea.edu.cn/res/Home/1704/55b02330ac17274664f06d9d3db8249d.pdf,101
outside outsider,官方词表未提供读音,官方《全国大学英语四、六级考试大纲（2016年修订版）》词表词目；官方未提供释义,官方词表只列词形，不列例句,1,全国大学英语四、六级考试大纲（2016年修订版）,https://cet.neea.edu.cn/res/Home/1704/55b02330ac17274664f06d9d3db8249d.pdf,101
outskirts,官方词表未提供读音,官方《全国大学英语四、六级考试大纲（2016年修订版）》词表词目；官方未提供释义,官方词表只列词形，不列例句,1,全国大学英语四、六级考试大纲（2016年修订版）,https://cet.neea.edu.cn/res/Home/1704/55b02330ac17274664f06d9d3db8249d.pdf,101
outstanding,官方词表未提供读音,官方《全国大学英语四、六级考试大纲（2016年修订版）》词表词目；官方未提供释义,官方词表只列词形，不列例句,1,全国大学英语四、六级考试大纲（2016年修订版）,https://cet.neea.edu.cn/res/Home/1704/55b02330ac17274664f06d9d3db8249d.pdf,101
outward outwards,官方词表未提供读音,官方《全国大学英语四、六级考试大纲（2016年修订版）》词表词目；官方未提供释义,官方词表只列词形，不列例句,1,全国大学英语四、六级考试大纲（2016年修订版）,https://cet.neea.edu.cn/res/Home/1704/55b02330ac17274664f06d9d3db8249d.pdf,101
oval,官方词表未提供读音,官方《全国大学英语四、六级考试大纲（2016年修订版）》词表词目；官方未提供释义,官方词表只列词形，不列例句,1,全国大学英语四、六级考试大纲（2016年修订版）,https://cet.neea.edu.cn/res/Home/1704/55b02330ac17274664f06d9d3db8249d.pdf,101
oven,官方词表未提供读音,官方《全国大学英语四、六级考试大纲（2016年修订版）》词表词目；官方未提供释义,官方词表只列词形，不列例句,1,全国大学英语四、六级考试大纲（2016年修订版）,https://cet.neea.edu.cn/res/Home/1704/55b02330ac17274664f06d9d3db8249d.pdf,101
over,官方词表未提供读音,官方《全国大学英语四、六级考试大纲（2016年修订版）》词表词目；官方未提供释义,官方词表只列词形，不列例句,1,全国大学英语四、六级考试大纲（2016年修订版）,https://cet.neea.edu.cn/res/Home/1704/55b02330ac17274664f06d9d3db8249d.pdf,101
overall,官方词表未提供读音,官方《全国大学英语四、六级考试大纲（2016年修订版）》词表词目；官方未提供释义,官方词表只列词形，不列例句,1,全国大学英语四、六级考试大纲（2016年修订版）,https://cet.neea.edu.cn/res/Home/1704/55b02330ac17274664f06d9d3db8249d.pdf,101
overcoat,官方词表未提供读音,官方《全国大学英语四、六级考试大纲（2016年修订版）》词表词目；官方未提供释义,官方词表只列词形，不列例句,1,全国大学英语四、六级考试大纲（2016年修订版）,https://cet.neea.edu.cn/res/Home/1704/55b02330ac17274664f06d9d3db8249d.pdf,101
overcome,官方词表未提供读音,官方《全国大学英语四、六级考试大纲（2016年修订版）》词表词目；官方未提供释义,官方词表只列词形，不列例句,1,全国大学英语四、六级考试大纲（2016年修订版）,https://cet.neea.edu.cn/res/Home/1704/55b02330ac17274664f06d9d3db8249d.pdf,101
overdue,官方词表未提供读音,官方《全国大学英语四、六级考试大纲（2016年修订版）》词表词目；官方未提供释义,官方词表只列词形，不列例句,1,全国大学英语四、六级考试大纲（2016年修订版）,https://cet.neea.edu.cn/res/Home/1704/55b02330ac17274664f06d9d3db8249d.pdf,101
overhead,官方词表未提供读音,官方《全国大学英语四、六级考试大纲（2016年修订版）》词表词目；官方未提供释义,官方词表只列词形，不列例句,1,全国大学英语四、六级考试大纲（2016年修订版）,https://cet.neea.edu.cn/res/Home/1704/55b02330ac17274664f06d9d3db8249d.pdf,101
overhear,官方词表未提供读音,官方《全国大学英语四、六级考试大纲（2016年修订版）》词表词目；官方未提供释义,官方词表只列词形，不列例句,1,全国大学英语四、六级考试大纲（2016年修订版）,https://cet.neea.edu.cn/res/Home/1704/55b02330ac17274664f06d9d3db8249d.pdf,101
overlook,官方词表未提供读音,官方《全国大学英语四、六级考试大纲（2016年修订版）》词表词目；官方未提供释义,官方词表只列词形，不列例句,1,全国大学英语四、六级考试大纲（2016年修订版）,https://cet.neea.edu.cn/res/Home/1704/55b02330ac17274664f06d9d3db8249d.pdf,102
overnight,官方词表未提供读音,官方《全国大学英语四、六级考试大纲（2016年修订版）》词表词目；官方未提供释义,官方词表只列词形，不列例句,1,全国大学英语四、六级考试大纲（2016年修订版）,https://cet.neea.edu.cn/res/Home/1704/55b02330ac17274664f06d9d3db8249d.pdf,102
overseas,官方词表未提供读音,官方《全国大学英语四、六级考试大纲（2016年修订版）》词表词目；官方未提供释义,官方词表只列词形，不列例句,1,全国大学英语四、六级考试大纲（2016年修订版）,https://cet.neea.edu.cn/res/Home/1704/55b02330ac17274664f06d9d3db8249d.pdf,102
oversee,官方词表未提供读音,官方《全国大学英语四、六级考试大纲（2016年修订版）》词表词目；官方未提供释义,官方词表只列词形，不列例句,1,全国大学英语四、六级考试大纲（2016年修订版）,https://cet.neea.edu.cn/res/Home/1704/55b02330ac17274664f06d9d3db8249d.pdf,102
oversight,官方词表未提供读音,官方《全国大学英语四、六级考试大纲（2016年修订版）》词表词目；官方未提供释义,官方词表只列词形，不列例句,1,全国大学英语四、六级考试大纲（2016年修订版）,https://cet.neea.edu.cn/res/Home/1704/55b02330ac17274664f06d9d3db8249d.pdf,102
overtake,官方词表未提供读音,官方《全国大学英语四、六级考试大纲（2016年修订版）》词表词目；官方未提供释义,官方词表只列词形，不列例句,1,全国大学英语四、六级考试大纲（2016年修订版）,https://cet.neea.edu.cn/res/Home/1704/55b02330ac17274664f06d9d3db8249d.pdf,102
overthrow,官方词表未提供读音,官方《全国大学英语四、六级考试大纲（2016年修订版）》词表词目；官方未提供释义,官方词表只列词形，不列例句,1,全国大学英语四、六级考试大纲（2016年修订版）,https://cet.neea.edu.cn/res/Home/1704/55b02330ac17274664f06d9d3db8249d.pdf,102
overtime,官方词表未提供读音,官方《全国大学英语四、六级考试大纲（2016年修订版）》词表词目；官方未提供释义,官方词表只列词形，不列例句,1,全国大学英语四、六级考试大纲（2016年修订版）,https://cet.neea.edu.cn/res/Home/1704/55b02330ac17274664f06d9d3db8249d.pdf,102
overwhelm overwhelming overwhelmingly,官方词表未提供读音,官方《全国大学英语四、六级考试大纲（2016年修订版）》词表词目；官方未提供释义,官方词表只列词形，不列例句,1,全国大学英语四、六级考试大纲（2016年修订版）,https://cet.neea.edu.cn/res/Home/1704/55b02330ac17274664f06d9d3db8249d.pdf,102
owe owingto,官方词表未提供读音,官方《全国大学英语四、六级考试大纲（2016年修订版）》词表词目；官方未提供释义,官方词表只列词形，不列例句,1,全国大学英语四、六级考试大纲（2016年修订版）,https://cet.neea.edu.cn/res/Home/1704/55b02330ac17274664f06d9d3db8249d.pdf,102
own owner ownership,官方词表未提供读音,官方《全国大学英语四、六级考试大纲（2016年修订版）》词表词目；官方未提供释义,官方词表只列词形，不列例句,1,全国大学英语四、六级考试大纲（2016年修订版）,https://cet.neea.edu.cn/res/Home/1704/55b02330ac17274664f06d9d3db8249d.pdf,102
ox,官方词表未提供读音,官方《全国大学英语四、六级考试大纲（2016年修订版）》词表词目；官方未提供释义,官方词表只列词形，不列例句,1,全国大学英语四、六级考试大纲（2016年修订版）,https://cet.neea.edu.cn/res/Home/1704/55b02330ac17274664f06d9d3db8249d.pdf,102
oxygen,官方词表未提供读音,官方《全国大学英语四、六级考试大纲（2016年修订版）》词表词目；官方未提供释义,官方词表只列词形，不列例句,1,全国大学英语四、六级考试大纲（2016年修订版）,https://cet.neea.edu.cn/res/Home/1704/55b02330ac17274664f06d9d3db8249d.pdf,102
ozone,官方词表未提供读音,官方《全国大学英语四、六级考试大纲（2016年修订版）》词表词目；官方未提供释义,官方词表只列词形，不列例句,1,全国大学英语四、六级考试大纲（2016年修订版）,https://cet.neea.edu.cn/res/Home/1704/55b02330ac17274664f06d9d3db8249d.pdf,102
pace,官方词表未提供读音,官方《全国大学英语四、六级考试大纲（2016年修订版）》词表词目；官方未提供释义,官方词表只列词形，不列例句,1,全国大学英语四、六级考试大纲（2016年修订版）,https://cet.neea.edu.cn/res/Home/1704/55b02330ac17274664f06d9d3db8249d.pdf,102
pack,官方词表未提供读音,官方《全国大学英语四、六级考试大纲（2016年修订版）》词表词目；官方未提供释义,官方词表只列词形，不列例句,1,全国大学英语四、六级考试大纲（2016年修订版）,https://cet.neea.edu.cn/res/Home/1704/55b02330ac17274664f06d9d3db8249d.pdf,102
package,官方词表未提供读音,官方《全国大学英语四、六级考试大纲（2016年修订版）》词表词目；官方未提供释义,官方词表只列词形，不列例句,1,全国大学英语四、六级考试大纲（2016年修订版）,https://cet.neea.edu.cn/res/Home/1704/55b02330ac17274664f06d9d3db8249d.pdf,102
packet,官方词表未提供读音,官方《全国大学英语四、六级考试大纲（2016年修订版）》词表词目；官方未提供释义,官方词表只列词形，不列例句,1,全国大学英语四、六级考试大纲（2016年修订版）,https://cet.neea.edu.cn/res/Home/1704/55b02330ac17274664f06d9d3db8249d.pdf,102
pad,官方词表未提供读音,官方《全国大学英语四、六级考试大纲（2016年修订版）》词表词目；官方未提供释义,官方词表只列词形，不列例句,1,全国大学英语四、六级考试大纲（2016年修订版）,https://cet.neea.edu.cn/res/Home/1704/55b02330ac17274664f06d9d3db8249d.pdf,102
paddy,官方词表未提供读音,官方《全国大学英语四、六级考试大纲（2016年修订版）》词表词目；官方未提供释义,官方词表只列词形，不列例句,1,全国大学英语四、六级考试大纲（2016年修订版）,https://cet.neea.edu.cn/res/Home/1704/55b02330ac17274664f06d9d3db8249d.pdf,102
page,官方词表未提供读音,官方《全国大学英语四、六级考试大纲（2016年修订版）》词表词目；官方未提供释义,官方词表只列词形，不列例句,1,全国大学英语四、六级考试大纲（2016年修订版）,https://cet.neea.edu.cn/res/Home/1704/55b02330ac17274664f06d9d3db8249d.pdf,102
pain painful,官方词表未提供读音,官方《全国大学英语四、六级考试大纲（2016年修订版）》词表词目；官方未提供释义,官方词表只列词形，不列例句,1,全国大学英语四、六级考试大纲（2016年修订版）,https://cet.neea.edu.cn/res/Home/1704/55b02330ac17274664f06d9d3db8249d.pdf,102
paint painting painter,官方词表未提供读音,官方《全国大学英语四、六级考试大纲（2016年修订版）》词表词目；官方未提供释义,官方词表只列词形，不列例句,1,全国大学英语四、六级考试大纲（2016年修订版）,https://cet.neea.edu.cn/res/Home/1704/55b02330ac17274664f06d9d3db8249d.pdf,102
pair,官方词表未提供读音,官方《全国大学英语四、六级考试大纲（2016年修订版）》词表词目；官方未提供释义,官方词表只列词形，不列例句,1,全国大学英语四、六级考试大纲（2016年修订版）,https://cet.neea.edu.cn/res/Home/1704/55b02330ac17274664f06d9d3db8249d.pdf,102
palace,官方词表未提供读音,官方《全国大学英语四、六级考试大纲（2016年修订版）》词表词目；官方未提供释义,官方词表只列词形，不列例句,1,全国大学英语四、六级考试大纲（2016年修订版）,https://cet.neea.edu.cn/res/Home/1704/55b02330ac17274664f06d9d3db8249d.pdf,102
pale,官方词表未提供读音,官方《全国大学英语四、六级考试大纲（2016年修订版）》词表词目；官方未提供释义,官方词表只列词形，不列例句,1,全国大学英语四、六级考试大纲（2016年修订版）,https://cet.neea.edu.cn/res/Home/1704/55b02330ac17274664f06d9d3db8249d.pdf,102
palm,官方词表未提供读音,官方《全国大学英语四、六级考试大纲（2016年修订版）》词表词目；官方未提供释义,官方词表只列词形，不列例句,1,全国大学英语四、六级考试大纲（2016年修订版）,https://cet.neea.edu.cn/res/Home/1704/55b02330ac17274664f06d9d3db8249d.pdf,102
pan,官方词表未提供读音,官方《全国大学英语四、六级考试大纲（2016年修订版）》词表词目；官方未提供释义,官方词表只列词形，不列例句,1,全国大学英语四、六级考试大纲（2016年修订版）,https://cet.neea.edu.cn/res/Home/1704/55b02330ac17274664f06d9d3db8249d.pdf,102
panda,官方词表未提供读音,官方《全国大学英语四、六级考试大纲（2016年修订版）》词表词目；官方未提供释义,官方词表只列词形，不列例句,1,全国大学英语四、六级考试大纲（2016年修订版）,https://cet.neea.edu.cn/res/Home/1704/55b02330ac17274664f06d9d3db8249d.pdf,102
panel,官方词表未提供读音,官方《全国大学英语四、六级考试大纲（2016年修订版）》词表词目；官方未提供释义,官方词表只列词形，不列例句,1,全国大学英语四、六级考试大纲（2016年修订版）,https://cet.neea.edu.cn/res/Home/1704/55b02330ac17274664f06d9d3db8249d.pdf,102
panic,官方词表未提供读音,官方《全国大学英语四、六级考试大纲（2016年修订版）》词表词目；官方未提供释义,官方词表只列词形，不列例句,1,全国大学英语四、六级考试大纲（2016年修订版）,https://cet.neea.edu.cn/res/Home/1704/55b02330ac17274664f06d9d3db8249d.pdf,102
pants,官方词表未提供读音,官方《全国大学英语四、六级考试大纲（2016年修订版）》词表词目；官方未提供释义,官方词表只列词形，不列例句,1,全国大学英语四、六级考试大纲（2016年修订版）,https://cet.neea.edu.cn/res/Home/1704/55b02330ac17274664f06d9d3db8249d.pdf,103
paper,官方词表未提供读音,官方《全国大学英语四、六级考试大纲（2016年修订版）》词表词目；官方未提供释义,官方词表只列词形，不列例句,1,全国大学英语四、六级考试大纲（2016年修订版）,https://cet.neea.edu.cn/res/Home/1704/55b02330ac17274664f06d9d3db8249d.pdf,103
paperback,官方词表未提供读音,官方《全国大学英语四、六级考试大纲（2016年修订版）》词表词目；官方未提供释义,官方词表只列词形，不列例句,1,全国大学英语四、六级考试大纲（2016年修订版）,https://cet.neea.edu.cn/res/Home/1704/55b02330ac17274664f06d9d3db8249d.pdf,103
parade,官方词表未提供读音,官方《全国大学英语四、六级考试大纲（2016年修订版）》词表词目；官方未提供释义,官方词表只列词形，不列例句,1,全国大学英语四、六级考试大纲（2016年修订版）,https://cet.neea.edu.cn/res/Home/1704/55b02330ac17274664f06d9d3db8249d.pdf,103
paradox paradoxical,官方词表未提供读音,官方《全国大学英语四、六级考试大纲（2016年修订版）》词表词目；官方未提供释义,官方词表只列词形，不列例句,1,全国大学英语四、六级考试大纲（2016年修订版）,https://cet.neea.edu.cn/res/Home/1704/55b02330ac17274664f06d9d3db8249d.pdf,103
paragraph,官方词表未提供读音,官方《全国大学英语四、六级考试大纲（2016年修订版）》词表词目；官方未提供释义,官方词表只列词形，不列例句,1,全国大学英语四、六级考试大纲（2016年修订版）,https://cet.neea.edu.cn/res/Home/1704/55b02330ac17274664f06d9d3db8249d.pdf,103
parallel,官方词表未提供读音,官方《全国大学英语四、六级考试大纲（2016年修订版）》词表词目；官方未提供释义,官方词表只列词形，不列例句,1,全国大学英语四、六级考试大纲（2016年修订版）,https://cet.neea.edu.cn/res/Home/1704/55b02330ac17274664f06d9d3db8249d.pdf,103
parcel,官方词表未提供读音,官方《全国大学英语四、六级考试大纲（2016年修订版）》词表词目；官方未提供释义,官方词表只列词形，不列例句,1,全国大学英语四、六级考试大纲（2016年修订版）,https://cet.neea.edu.cn/res/Home/1704/55b02330ac17274664f06d9d3db8249d.pdf,103
pardon,官方词表未提供读音,官方《全国大学英语四、六级考试大纲（2016年修订版）》词表词目；官方未提供释义,官方词表只列词形，不列例句,1,全国大学英语四、六级考试大纲（2016年修订版）,https://cet.neea.edu.cn/res/Home/1704/55b02330ac17274664f06d9d3db8249d.pdf,103
parent parental parenting,官方词表未提供读音,官方《全国大学英语四、六级考试大纲（2016年修订版）》词表词目；官方未提供释义,官方词表只列词形，不列例句,1,全国大学英语四、六级考试大纲（2016年修订版）,https://cet.neea.edu.cn/res/Home/1704/55b02330ac17274664f06d9d3db8249d.pdf,103
park,官方词表未提供读音,官方《全国大学英语四、六级考试大纲（2016年修订版）》词表词目；官方未提供释义,官方词表只列词形，不列例句,1,全国大学英语四、六级考试大纲（2016年修订版）,https://cet.neea.edu.cn/res/Home/1704/55b02330ac17274664f06d9d3db8249d.pdf,103
parking,官方词表未提供读音,官方《全国大学英语四、六级考试大纲（2016年修订版）》词表词目；官方未提供释义,官方词表只列词形，不列例句,1,全国大学英语四、六级考试大纲（2016年修订版）,https://cet.neea.edu.cn/res/Home/1704/55b02330ac17274664f06d9d3db8249d.pdf,103
parliament parliamentary,官方词表未提供读音,官方《全国大学英语四、六级考试大纲（2016年修订版）》词表词目；官方未提供释义,官方词表只列词形，不列例句,1,全国大学英语四、六级考试大纲（2016年修订版）,https://cet.neea.edu.cn/res/Home/1704/55b02330ac17274664f06d9d3db8249d.pdf,103
part partial partially,官方词表未提供读音,官方《全国大学英语四、六级考试大纲（2016年修订版）》词表词目；官方未提供释义,官方词表只列词形，不列例句,1,全国大学英语四、六级考试大纲（2016年修订版）,https://cet.neea.edu.cn/res/Home/1704/55b02330ac17274664f06d9d3db8249d.pdf,103
participate participation participant,官方词表未提供读音,官方《全国大学英语四、六级考试大纲（2016年修订版）》词表词目；官方未提供释义,官方词表只列词形，不列例句,1,全国大学英语四、六级考试大纲（2016年修订版）,https://cet.neea.edu.cn/res/Home/1704/55b02330ac17274664f06d9d3db8249d.pdf,103
particle,官方词表未提供读音,官方《全国大学英语四、六级考试大纲（2016年修订版）》词表词目；官方未提供释义,官方词表只列词形，不列例句,1,全国大学英语四、六级考试大纲（2016年修订版）,https://cet.neea.edu.cn/res/Home/1704/55b02330ac17274664f06d9d3db8249d.pdf,103
particular particularly,官方词表未提供读音,官方《全国大学英语四、六级考试大纲（2016年修订版）》词表词目；官方未提供释义,官方词表只列词形，不列例句,1,全国大学英语四、六级考试大纲（2016年修订版）,https://cet.neea.edu.cn/res/Home/1704/55b02330ac17274664f06d9d3db8249d.pdf,103
partly,官方词表未提供读音,官方《全国大学英语四、六级考试大纲（2016年修订版）》词表词目；官方未提供释义,官方词表只列词形，不列例句,1,全国大学英语四、六级考试大纲（2016年修订版）,https://cet.neea.edu.cn/res/Home/1704/55b02330ac17274664f06d9d3db8249d.pdf,103
partner partnership,官方词表未提供读音,官方《全国大学英语四、六级考试大纲（2016年修订版）》词表词目；官方未提供释义,官方词表只列词形，不列例句,1,全国大学英语四、六级考试大纲（2016年修订版）,https://cet.neea.edu.cn/res/Home/1704/55b02330ac17274664f06d9d3db8249d.pdf,103
party,官方词表未提供读音,官方《全国大学英语四、六级考试大纲（2016年修订版）》词表词目；官方未提供释义,官方词表只列词形，不列例句,1,全国大学英语四、六级考试大纲（2016年修订版）,https://cet.neea.edu.cn/res/Home/1704/55b02330ac17274664f06d9d3db8249d.pdf,103
pass,官方词表未提供读音,官方《全国大学英语四、六级考试大纲（2016年修订版）》词表词目；官方未提供释义,官方词表只列词形，不列例句,1,全国大学英语四、六级考试大纲（2016年修订版）,https://cet.neea.edu.cn/res/Home/1704/55b02330ac17274664f06d9d3db8249d.pdf,103
passage,官方词表未提供读音,官方《全国大学英语四、六级考试大纲（2016年修订版）》词表词目；官方未提供释义,官方词表只列词形，不列例句,1,全国大学英语四、六级考试大纲（2016年修订版）,https://cet.neea.edu.cn/res/Home/1704/55b02330ac17274664f06d9d3db8249d.pdf,103
passenger,官方词表未提供读音,官方《全国大学英语四、六级考试大纲（2016年修订版）》词表词目；官方未提供释义,官方词表只列词形，不列例句,1,全国大学英语四、六级考试大纲（2016年修订版）,https://cet.neea.edu.cn/res/Home/1704/55b02330ac17274664f06d9d3db8249d.pdf,103
passion passionate,官方词表未提供读音,官方《全国大学英语四、六级考试大纲（2016年修订版）》词表词目；官方未提供释义,官方词表只列词形，不列例句,1,全国大学英语四、六级考试大纲（2016年修订版）,https://cet.neea.edu.cn/res/Home/1704/55b02330ac17274664f06d9d3db8249d.pdf,103
passive,官方词表未提供读音,官方《全国大学英语四、六级考试大纲（2016年修订版）》词表词目；官方未提供释义,官方词表只列词形，不列例句,1,全国大学英语四、六级考试大纲（2016年修订版）,https://cet.neea.edu.cn/res/Home/1704/55b02330ac17274664f06d9d3db8249d.pdf,103
passport,官方词表未提供读音,官方《全国大学英语四、六级考试大纲（2016年修订版）》词表词目；官方未提供释义,官方词表只列词形，不列例句,1,全国大学英语四、六级考试大纲（2016年修订版）,https://cet.neea.edu.cn/res/Home/1704/55b02330ac17274664f06d9d3db8249d.pdf,103
password,官方词表未提供读音,官方《全国大学英语四、六级考试大纲（2016年修订版）》词表词目；官方未提供释义,官方词表只列词形，不列例句,1,全国大学英语四、六级考试大纲（2016年修订版）,https://cet.neea.edu.cn/res/Home/1704/55b02330ac17274664f06d9d3db8249d.pdf,103
past,官方词表未提供读音,官方《全国大学英语四、六级考试大纲（2016年修订版）》词表词目；官方未提供释义,官方词表只列词形，不列例句,1,全国大学英语四、六级考试大纲（2016年修订版）,https://cet.neea.edu.cn/res/Home/1704/55b02330ac17274664f06d9d3db8249d.pdf,103
paste,官方词表未提供读音,官方《全国大学英语四、六级考试大纲（2016年修订版）》词表词目；官方未提供释义,官方词表只列词形，不列例句,1,全国大学英语四、六级考试大纲（2016年修订版）,https://cet.neea.edu.cn/res/Home/1704/55b02330ac17274664f06d9d3db8249d.pdf,103
pastime,官方词表未提供读音,官方《全国大学英语四、六级考试大纲（2016年修订版）》词表词目；官方未提供释义,官方词表只列词形，不列例句,1,全国大学英语四、六级考试大纲（2016年修订版）,https://cet.neea.edu.cn/res/Home/1704/55b02330ac17274664f06d9d3db8249d.pdf,104
pat,官方词表未提供读音,官方《全国大学英语四、六级考试大纲（2016年修订版）》词表词目；官方未提供释义,官方词表只列词形，不列例句,1,全国大学英语四、六级考试大纲（2016年修订版）,https://cet.neea.edu.cn/res/Home/1704/55b02330ac17274664f06d9d3db8249d.pdf,104
patch,官方词表未提供读音,官方《全国大学英语四、六级考试大纲（2016年修订版）》词表词目；官方未提供释义,官方词表只列词形，不列例句,1,全国大学英语四、六级考试大纲（2016年修订版）,https://cet.neea.edu.cn/res/Home/1704/55b02330ac17274664f06d9d3db8249d.pdf,104
patent,官方词表未提供读音,官方《全国大学英语四、六级考试大纲（2016年修订版）》词表词目；官方未提供释义,官方词表只列词形，不列例句,1,全国大学英语四、六级考试大纲（2016年修订版）,https://cet.neea.edu.cn/res/Home/1704/55b02330ac17274664f06d9d3db8249d.pdf,104
path,官方词表未提供读音,官方《全国大学英语四、六级考试大纲（2016年修订版）》词表词目；官方未提供释义,官方词表只列词形，不列例句,1,全国大学英语四、六级考试大纲（2016年修订版）,https://cet.neea.edu.cn/res/Home/1704/55b02330ac17274664f06d9d3db8249d.pdf,104
patient,官方词表未提供读音,官方《全国大学英语四、六级考试大纲（2016年修订版）》词表词目；官方未提供释义,官方词表只列词形，不列例句,1,全国大学英语四、六级考试大纲（2016年修订版）,https://cet.neea.edu.cn/res/Home/1704/55b02330ac17274664f06d9d3db8249d.pdf,104
patience,官方词表未提供读音,官方《全国大学英语四、六级考试大纲（2016年修订版）》词表词目；官方未提供释义,官方词表只列词形，不列例句,1,全国大学英语四、六级考试大纲（2016年修订版）,https://cet.neea.edu.cn/res/Home/1704/55b02330ac17274664f06d9d3db8249d.pdf,104
pattern,官方词表未提供读音,官方《全国大学英语四、六级考试大纲（2016年修订版）》词表词目；官方未提供释义,官方词表只列词形，不列例句,1,全国大学英语四、六级考试大纲（2016年修订版）,https://cet.neea.edu.cn/res/Home/1704/55b02330ac17274664f06d9d3db8249d.pdf,104
pause,官方词表未提供读音,官方《全国大学英语四、六级考试大纲（2016年修订版）》词表词目；官方未提供释义,官方词表只列词形，不列例句,1,全国大学英语四、六级考试大纲（2016年修订版）,https://cet.neea.edu.cn/res/Home/1704/55b02330ac17274664f06d9d3db8249d.pdf,104
pave pavement,官方词表未提供读音,官方《全国大学英语四、六级考试大纲（2016年修订版）》词表词目；官方未提供释义,官方词表只列词形，不列例句,1,全国大学英语四、六级考试大纲（2016年修订版）,https://cet.neea.edu.cn/res/Home/1704/55b02330ac17274664f06d9d3db8249d.pdf,104
paw,官方词表未提供读音,官方《全国大学英语四、六级考试大纲（2016年修订版）》词表词目；官方未提供释义,官方词表只列词形，不列例句,1,全国大学英语四、六级考试大纲（2016年修订版）,https://cet.neea.edu.cn/res/Home/1704/55b02330ac17274664f06d9d3db8249d.pdf,104
pay payment,官方词表未提供读音,官方《全国大学英语四、六级考试大纲（2016年修订版）》词表词目；官方未提供释义,官方词表只列词形，不列例句,1,全国大学英语四、六级考试大纲（2016年修订版）,https://cet.neea.edu.cn/res/Home/1704/55b02330ac17274664f06d9d3db8249d.pdf,104
payroll,官方词表未提供读音,官方《全国大学英语四、六级考试大纲（2016年修订版）》词表词目；官方未提供释义,官方词表只列词形，不列例句,1,全国大学英语四、六级考试大纲（2016年修订版）,https://cet.neea.edu.cn/res/Home/1704/55b02330ac17274664f06d9d3db8249d.pdf,104
pea,官方词表未提供读音,官方《全国大学英语四、六级考试大纲（2016年修订版）》词表词目；官方未提供释义,官方词表只列词形，不列例句,1,全国大学英语四、六级考试大纲（2016年修订版）,https://cet.neea.edu.cn/res/Home/1704/55b02330ac17274664f06d9d3db8249d.pdf,104
peace peaceful,官方词表未提供读音,官方《全国大学英语四、六级考试大纲（2016年修订版）》词表词目；官方未提供释义,官方词表只列词形，不列例句,1,全国大学英语四、六级考试大纲（2016年修订版）,https://cet.neea.edu.cn/res/Home/1704/55b02330ac17274664f06d9d3db8249d.pdf,104
peach,官方词表未提供读音,官方《全国大学英语四、六级考试大纲（2016年修订版）》词表词目；官方未提供释义,官方词表只列词形，不列例句,1,全国大学英语四、六级考试大纲（2016年修订版）,https://cet.neea.edu.cn/res/Home/1704/55b02330ac17274664f06d9d3db8249d.pdf,104
peak,官方词表未提供读音,官方《全国大学英语四、六级考试大纲（2016年修订版）》词表词目；官方未提供释义,官方词表只列词形，不列例句,1,全国大学英语四、六级考试大纲（2016年修订版）,https://cet.neea.edu.cn/res/Home/1704/55b02330ac17274664f06d9d3db8249d.pdf,104
peanut,官方词表未提供读音,官方《全国大学英语四、六级考试大纲（2016年修订版）》词表词目；官方未提供释义,官方词表只列词形，不列例句,1,全国大学英语四、六级考试大纲（2016年修订版）,https://cet.neea.edu.cn/res/Home/1704/55b02330ac17274664f06d9d3db8249d.pdf,104
pear,官方词表未提供读音,官方《全国大学英语四、六级考试大纲（2016年修订版）》词表词目；官方未提供释义,官方词表只列词形，不列例句,1,全国大学英语四、六级考试大纲（2016年修订版）,https://cet.neea.edu.cn/res/Home/1704/55b02330ac17274664f06d9d3db8249d.pdf,104
pearl,官方词表未提供读音,官方《全国大学英语四、六级考试大纲（2016年修订版）》词表词目；官方未提供释义,官方词表只列词形，不列例句,1,全国大学英语四、六级考试大纲（2016年修订版）,https://cet.neea.edu.cn/res/Home/1704/55b02330ac17274664f06d9d3db8249d.pdf,104
peasant,官方词表未提供读音,官方《全国大学英语四、六级考试大纲（2016年修订版）》词表词目；官方未提供释义,官方词表只列词形，不列例句,1,全国大学英语四、六级考试大纲（2016年修订版）,https://cet.neea.edu.cn/res/Home/1704/55b02330ac17274664f06d9d3db8249d.pdf,104
peculiar peculiarity,官方词表未提供读音,官方《全国大学英语四、六级考试大纲（2016年修订版）》词表词目；官方未提供释义,官方词表只列词形，不列例句,1,全国大学英语四、六级考试大纲（2016年修订版）,https://cet.neea.edu.cn/res/Home/1704/55b02330ac17274664f06d9d3db8249d.pdf,104
pedestrian,官方词表未提供读音,官方《全国大学英语四、六级考试大纲（2016年修订版）》词表词目；官方未提供释义,官方词表只列词形，不列例句,1,全国大学英语四、六级考试大纲（2016年修订版）,https://cet.neea.edu.cn/res/Home/1704/55b02330ac17274664f06d9d3db8249d.pdf,104
peer,官方词表未提供读音,官方《全国大学英语四、六级考试大纲（2016年修订版）》词表词目；官方未提供释义,官方词表只列词形，不列例句,1,全国大学英语四、六级考试大纲（2016年修订版）,https://cet.neea.edu.cn/res/Home/1704/55b02330ac17274664f06d9d3db8249d.pdf,104
pen,官方词表未提供读音,官方《全国大学英语四、六级考试大纲（2016年修订版）》词表词目；官方未提供释义,官方词表只列词形，不列例句,1,全国大学英语四、六级考试大纲（2016年修订版）,https://cet.neea.edu.cn/res/Home/1704/55b02330ac17274664f06d9d3db8249d.pdf,104
penalty penalize/-ise,官方词表未提供读音,官方《全国大学英语四、六级考试大纲（2016年修订版）》词表词目；官方未提供释义,官方词表只列词形，不列例句,1,全国大学英语四、六级考试大纲（2016年修订版）,https://cet.neea.edu.cn/res/Home/1704/55b02330ac17274664f06d9d3db8249d.pdf,104
pencil,官方词表未提供读音,官方《全国大学英语四、六级考试大纲（2016年修订版）》词表词目；官方未提供释义,官方词表只列词形，不列例句,1,全国大学英语四、六级考试大纲（2016年修订版）,https://cet.neea.edu.cn/res/Home/1704/55b02330ac17274664f06d9d3db8249d.pdf,104
penetrate penetration,官方词表未提供读音,官方《全国大学英语四、六级考试大纲（2016年修订版）》词表词目；官方未提供释义,官方词表只列词形，不列例句,1,全国大学英语四、六级考试大纲（2016年修订版）,https://cet.neea.edu.cn/res/Home/1704/55b02330ac17274664f06d9d3db8249d.pdf,104
penny,官方词表未提供读音,官方《全国大学英语四、六级考试大纲（2016年修订版）》词表词目；官方未提供释义,官方词表只列词形，不列例句,1,全国大学英语四、六级考试大纲（2016年修订版）,https://cet.neea.edu.cn/res/Home/1704/55b02330ac17274664f06d9d3db8249d.pdf,105
pension pensioner,官方词表未提供读音,官方《全国大学英语四、六级考试大纲（2016年修订版）》词表词目；官方未提供释义,官方词表只列词形，不列例句,1,全国大学英语四、六级考试大纲（2016年修订版）,https://cet.neea.edu.cn/res/Home/1704/55b02330ac17274664f06d9d3db8249d.pdf,105
people,官方词表未提供读音,官方《全国大学英语四、六级考试大纲（2016年修订版）》词表词目；官方未提供释义,官方词表只列词形，不列例句,1,全国大学英语四、六级考试大纲（2016年修订版）,https://cet.neea.edu.cn/res/Home/1704/55b02330ac17274664f06d9d3db8249d.pdf,105
pepper,官方词表未提供读音,官方《全国大学英语四、六级考试大纲（2016年修订版）》词表词目；官方未提供释义,官方词表只列词形，不列例句,1,全国大学英语四、六级考试大纲（2016年修订版）,https://cet.neea.edu.cn/res/Home/1704/55b02330ac17274664f06d9d3db8249d.pdf,105
per,官方词表未提供读音,官方《全国大学英语四、六级考试大纲（2016年修订版）》词表词目；官方未提供释义,官方词表只列词形，不列例句,1,全国大学英语四、六级考试大纲（2016年修订版）,https://cet.neea.edu.cn/res/Home/1704/55b02330ac17274664f06d9d3db8249d.pdf,105
perceive perception perceptive,官方词表未提供读音,官方《全国大学英语四、六级考试大纲（2016年修订版）》词表词目；官方未提供释义,官方词表只列词形，不列例句,1,全国大学英语四、六级考试大纲（2016年修订版）,https://cet.neea.edu.cn/res/Home/1704/55b02330ac17274664f06d9d3db8249d.pdf,105
percent percentage,官方词表未提供读音,官方《全国大学英语四、六级考试大纲（2016年修订版）》词表词目；官方未提供释义,官方词表只列词形，不列例句,1,全国大学英语四、六级考试大纲（2016年修订版）,https://cet.neea.edu.cn/res/Home/1704/55b02330ac17274664f06d9d3db8249d.pdf,105
perfect perfection,官方词表未提供读音,官方《全国大学英语四、六级考试大纲（2016年修订版）》词表词目；官方未提供释义,官方词表只列词形，不列例句,1,全国大学英语四、六级考试大纲（2016年修订版）,https://cet.neea.edu.cn/res/Home/1704/55b02330ac17274664f06d9d3db8249d.pdf,105
perform performance performer,官方词表未提供读音,官方《全国大学英语四、六级考试大纲（2016年修订版）》词表词目；官方未提供释义,官方词表只列词形，不列例句,1,全国大学英语四、六级考试大纲（2016年修订版）,https://cet.neea.edu.cn/res/Home/1704/55b02330ac17274664f06d9d3db8249d.pdf,105
perhaps,官方词表未提供读音,官方《全国大学英语四、六级考试大纲（2016年修订版）》词表词目；官方未提供释义,官方词表只列词形，不列例句,1,全国大学英语四、六级考试大纲（2016年修订版）,https://cet.neea.edu.cn/res/Home/1704/55b02330ac17274664f06d9d3db8249d.pdf,105
peril perilous,官方词表未提供读音,官方《全国大学英语四、六级考试大纲（2016年修订版）》词表词目；官方未提供释义,官方词表只列词形，不列例句,1,全国大学英语四、六级考试大纲（2016年修订版）,https://cet.neea.edu.cn/res/Home/1704/55b02330ac17274664f06d9d3db8249d.pdf,105
period periodic periodical,官方词表未提供读音,官方《全国大学英语四、六级考试大纲（2016年修订版）》词表词目；官方未提供释义,官方词表只列词形，不列例句,1,全国大学英语四、六级考试大纲（2016年修订版）,https://cet.neea.edu.cn/res/Home/1704/55b02330ac17274664f06d9d3db8249d.pdf,105
permanent permanence,官方词表未提供读音,官方《全国大学英语四、六级考试大纲（2016年修订版）》词表词目；官方未提供释义,官方词表只列词形，不列例句,1,全国大学英语四、六级考试大纲（2016年修订版）,https://cet.neea.edu.cn/res/Home/1704/55b02330ac17274664f06d9d3db8249d.pdf,105
permit permission permissible permissive,官方词表未提供读音,官方《全国大学英语四、六级考试大纲（2016年修订版）》词表词目；官方未提供释义,官方词表只列词形，不列例句,1,全国大学英语四、六级考试大纲（2016年修订版）,https://cet.neea.edu.cn/res/Home/1704/55b02330ac17274664f06d9d3db8249d.pdf,105
persevere perseverance,官方词表未提供读音,官方《全国大学英语四、六级考试大纲（2016年修订版）》词表词目；官方未提供释义,官方词表只列词形，不列例句,1,全国大学英语四、六级考试大纲（2016年修订版）,https://cet.neea.edu.cn/res/Home/1704/55b02330ac17274664f06d9d3db8249d.pdf,105
persist persistent persistence,官方词表未提供读音,官方《全国大学英语四、六级考试大纲（2016年修订版）》词表词目；官方未提供释义,官方词表只列词形，不列例句,1,全国大学英语四、六级考试大纲（2016年修订版）,https://cet.neea.edu.cn/res/Home/1704/55b02330ac17274664f06d9d3db8249d.pdf,105
person personal personally personality,官方词表未提供读音,官方《全国大学英语四、六级考试大纲（2016年修订版）》词表词目；官方未提供释义,官方词表只列词形，不列例句,1,全国大学英语四、六级考试大纲（2016年修订版）,https://cet.neea.edu.cn/res/Home/1704/55b02330ac17274664f06d9d3db8249d.pdf,105
personnel,官方词表未提供读音,官方《全国大学英语四、六级考试大纲（2016年修订版）》词表词目；官方未提供释义,官方词表只列词形，不列例句,1,全国大学英语四、六级考试大纲（2016年修订版）,https://cet.neea.edu.cn/res/Home/1704/55b02330ac17274664f06d9d3db8249d.pdf,105
perspective,官方词表未提供读音,官方《全国大学英语四、六级考试大纲（2016年修订版）》词表词目；官方未提供释义,官方词表只列词形，不列例句,1,全国大学英语四、六级考试大纲（2016年修订版）,https://cet.neea.edu.cn/res/Home/1704/55b02330ac17274664f06d9d3db8249d.pdf,105
persuade persuasion persuasive,官方词表未提供读音,官方《全国大学英语四、六级考试大纲（2016年修订版）》词表词目；官方未提供释义,官方词表只列词形，不列例句,1,全国大学英语四、六级考试大纲（2016年修订版）,https://cet.neea.edu.cn/res/Home/1704/55b02330ac17274664f06d9d3db8249d.pdf,105
pessimism pessimistic pessimist,官方词表未提供读音,官方《全国大学英语四、六级考试大纲（2016年修订版）》词表词目；官方未提供释义,官方词表只列词形，不列例句,1,全国大学英语四、六级考试大纲（2016年修订版）,https://cet.neea.edu.cn/res/Home/1704/55b02330ac17274664f06d9d3db8249d.pdf,105
pet,官方词表未提供读音,官方《全国大学英语四、六级考试大纲（2016年修订版）》词表词目；官方未提供释义,官方词表只列词形，不列例句,1,全国大学英语四、六级考试大纲（2016年修订版）,https://cet.neea.edu.cn/res/Home/1704/55b02330ac17274664f06d9d3db8249d.pdf,105
petrol,官方词表未提供读音,官方《全国大学英语四、六级考试大纲（2016年修订版）》词表词目；官方未提供释义,官方词表只列词形，不列例句,1,全国大学英语四、六级考试大纲（2016年修订版）,https://cet.neea.edu.cn/res/Home/1704/55b02330ac17274664f06d9d3db8249d.pdf,105
petroleum,官方词表未提供读音,官方《全国大学英语四、六级考试大纲（2016年修订版）》词表词目；官方未提供释义,官方词表只列词形，不列例句,1,全国大学英语四、六级考试大纲（2016年修订版）,https://cet.neea.edu.cn/res/Home/1704/55b02330ac17274664f06d9d3db8249d.pdf,105
petty,官方词表未提供读音,官方《全国大学英语四、六级考试大纲（2016年修订版）》词表词目；官方未提供释义,官方词表只列词形，不列例句,1,全国大学英语四、六级考试大纲（2016年修订版）,https://cet.neea.edu.cn/res/Home/1704/55b02330ac17274664f06d9d3db8249d.pdf,105
phase,官方词表未提供读音,官方《全国大学英语四、六级考试大纲（2016年修订版）》词表词目；官方未提供释义,官方词表只列词形，不列例句,1,全国大学英语四、六级考试大纲（2016年修订版）,https://cet.neea.edu.cn/res/Home/1704/55b02330ac17274664f06d9d3db8249d.pdf,105
phenomenon,官方词表未提供读音,官方《全国大学英语四、六级考试大纲（2016年修订版）》词表词目；官方未提供释义,官方词表只列词形，不列例句,1,全国大学英语四、六级考试大纲（2016年修订版）,https://cet.neea.edu.cn/res/Home/1704/55b02330ac17274664f06d9d3db8249d.pdf,105
philosophy philosophical philosopher,官方词表未提供读音,官方《全国大学英语四、六级考试大纲（2016年修订版）》词表词目；官方未提供释义,官方词表只列词形，不列例句,1,全国大学英语四、六级考试大纲（2016年修订版）,https://cet.neea.edu.cn/res/Home/1704/55b02330ac17274664f06d9d3db8249d.pdf,105
photo(graph) photographic photographer photography,官方词表未提供读音,官方《全国大学英语四、六级考试大纲（2016年修订版）》词表词目；官方未提供释义,官方词表只列词形，不列例句,1,全国大学英语四、六级考试大纲（2016年修订版）,https://cet.neea.edu.cn/res/Home/1704/55b02330ac17274664f06d9d3db8249d.pdf,106
phrase phrasal,官方词表未提供读音,官方《全国大学英语四、六级考试大纲（2016年修订版）》词表词目；官方未提供释义,官方词表只列词形，不列例句,1,全国大学英语四、六级考试大纲（2016年修订版）,https://cet.neea.edu.cn/res/Home/1704/55b02330ac17274664f06d9d3db8249d.pdf,106
physical,官方词表未提供读音,官方《全国大学英语四、六级考试大纲（2016年修订版）》词表词目；官方未提供释义,官方词表只列词形，不列例句,1,全国大学英语四、六级考试大纲（2016年修订版）,https://cet.neea.edu.cn/res/Home/1704/55b02330ac17274664f06d9d3db8249d.pdf,106
physician,官方词表未提供读音,官方《全国大学英语四、六级考试大纲（2016年修订版）》词表词目；官方未提供释义,官方词表只列词形，不列例句,1,全国大学英语四、六级考试大纲（2016年修订版）,https://cet.neea.edu.cn/res/Home/1704/55b02330ac17274664f06d9d3db8249d.pdf,106
physics physicist,官方词表未提供读音,官方《全国大学英语四、六级考试大纲（2016年修订版）》词表词目；官方未提供释义,官方词表只列词形，不列例句,1,全国大学英语四、六级考试大纲（2016年修订版）,https://cet.neea.edu.cn/res/Home/1704/55b02330ac17274664f06d9d3db8249d.pdf,106
piano pianist,官方词表未提供读音,官方《全国大学英语四、六级考试大纲（2016年修订版）》词表词目；官方未提供释义,官方词表只列词形，不列例句,1,全国大学英语四、六级考试大纲（2016年修订版）,https://cet.neea.edu.cn/res/Home/1704/55b02330ac17274664f06d9d3db8249d.pdf,106
pick picky,官方词表未提供读音,官方《全国大学英语四、六级考试大纲（2016年修订版）》词表词目；官方未提供释义,官方词表只列词形，不列例句,1,全国大学英语四、六级考试大纲（2016年修订版）,https://cet.neea.edu.cn/res/Home/1704/55b02330ac17274664f06d9d3db8249d.pdf,106
picnic,官方词表未提供读音,官方《全国大学英语四、六级考试大纲（2016年修订版）》词表词目；官方未提供释义,官方词表只列词形，不列例句,1,全国大学英语四、六级考试大纲（2016年修订版）,https://cet.neea.edu.cn/res/Home/1704/55b02330ac17274664f06d9d3db8249d.pdf,106
picture picturesque,官方词表未提供读音,官方《全国大学英语四、六级考试大纲（2016年修订版）》词表词目；官方未提供释义,官方词表只列词形，不列例句,1,全国大学英语四、六级考试大纲（2016年修订版）,https://cet.neea.edu.cn/res/Home/1704/55b02330ac17274664f06d9d3db8249d.pdf,106
pie,官方词表未提供读音,官方《全国大学英语四、六级考试大纲（2016年修订版）》词表词目；官方未提供释义,官方词表只列词形，不列例句,1,全国大学英语四、六级考试大纲（2016年修订版）,https://cet.neea.edu.cn/res/Home/1704/55b02330ac17274664f06d9d3db8249d.pdf,106
piece,官方词表未提供读音,官方《全国大学英语四、六级考试大纲（2016年修订版）》词表词目；官方未提供释义,官方词表只列词形，不列例句,1,全国大学英语四、六级考试大纲（2016年修订版）,https://cet.neea.edu.cn/res/Home/1704/55b02330ac17274664f06d9d3db8249d.pdf,106
pierce,官方词表未提供读音,官方《全国大学英语四、六级考试大纲（2016年修订版）》词表词目；官方未提供释义,官方词表只列词形，不列例句,1,全国大学英语四、六级考试大纲（2016年修订版）,https://cet.neea.edu.cn/res/Home/1704/55b02330ac17274664f06d9d3db8249d.pdf,106
pig,官方词表未提供读音,官方《全国大学英语四、六级考试大纲（2016年修订版）》词表词目；官方未提供释义,官方词表只列词形，不列例句,1,全国大学英语四、六级考试大纲（2016年修订版）,https://cet.neea.edu.cn/res/Home/1704/55b02330ac17274664f06d9d3db8249d.pdf,106
pigeon,官方词表未提供读音,官方《全国大学英语四、六级考试大纲（2016年修订版）》词表词目；官方未提供释义,官方词表只列词形，不列例句,1,全国大学英语四、六级考试大纲（2016年修订版）,https://cet.neea.edu.cn/res/Home/1704/55b02330ac17274664f06d9d3db8249d.pdf,106
pile,官方词表未提供读音,官方《全国大学英语四、六级考试大纲（2016年修订版）》词表词目；官方未提供释义,官方词表只列词形，不列例句,1,全国大学英语四、六级考试大纲（2016年修订版）,https://cet.neea.edu.cn/res/Home/1704/55b02330ac17274664f06d9d3db8249d.pdf,106
pill,官方词表未提供读音,官方《全国大学英语四、六级考试大纲（2016年修订版）》词表词目；官方未提供释义,官方词表只列词形，不列例句,1,全国大学英语四、六级考试大纲（2016年修订版）,https://cet.neea.edu.cn/res/Home/1704/55b02330ac17274664f06d9d3db8249d.pdf,106
pillar,官方词表未提供读音,官方《全国大学英语四、六级考试大纲（2016年修订版）》词表词目；官方未提供释义,官方词表只列词形，不列例句,1,全国大学英语四、六级考试大纲（2016年修订版）,https://cet.neea.edu.cn/res/Home/1704/55b02330ac17274664f06d9d3db8249d.pdf,106
pillow,官方词表未提供读音,官方《全国大学英语四、六级考试大纲（2016年修订版）》词表词目；官方未提供释义,官方词表只列词形，不列例句,1,全国大学英语四、六级考试大纲（2016年修订版）,https://cet.neea.edu.cn/res/Home/1704/55b02330ac17274664f06d9d3db8249d.pdf,106
pilot,官方词表未提供读音,官方《全国大学英语四、六级考试大纲（2016年修订版）》词表词目；官方未提供释义,官方词表只列词形，不列例句,1,全国大学英语四、六级考试大纲（2016年修订版）,https://cet.neea.edu.cn/res/Home/1704/55b02330ac17274664f06d9d3db8249d.pdf,106
pin,官方词表未提供读音,官方《全国大学英语四、六级考试大纲（2016年修订版）》词表词目；官方未提供释义,官方词表只列词形，不列例句,1,全国大学英语四、六级考试大纲（2016年修订版）,https://cet.neea.edu.cn/res/Home/1704/55b02330ac17274664f06d9d3db8249d.pdf,106
pinch,官方词表未提供读音,官方《全国大学英语四、六级考试大纲（2016年修订版）》词表词目；官方未提供释义,官方词表只列词形，不列例句,1,全国大学英语四、六级考试大纲（2016年修订版）,https://cet.neea.edu.cn/res/Home/1704/55b02330ac17274664f06d9d3db8249d.pdf,106
pine,官方词表未提供读音,官方《全国大学英语四、六级考试大纲（2016年修订版）》词表词目；官方未提供释义,官方词表只列词形，不列例句,1,全国大学英语四、六级考试大纲（2016年修订版）,https://cet.neea.edu.cn/res/Home/1704/55b02330ac17274664f06d9d3db8249d.pdf,106
pink,官方词表未提供读音,官方《全国大学英语四、六级考试大纲（2016年修订版）》词表词目；官方未提供释义,官方词表只列词形，不列例句,1,全国大学英语四、六级考试大纲（2016年修订版）,https://cet.neea.edu.cn/res/Home/1704/55b02330ac17274664f06d9d3db8249d.pdf,106
pint,官方词表未提供读音,官方《全国大学英语四、六级考试大纲（2016年修订版）》词表词目；官方未提供释义,官方词表只列词形，不列例句,1,全国大学英语四、六级考试大纲（2016年修订版）,https://cet.neea.edu.cn/res/Home/1704/55b02330ac17274664f06d9d3db8249d.pdf,106
pioneer,官方词表未提供读音,官方《全国大学英语四、六级考试大纲（2016年修订版）》词表词目；官方未提供释义,官方词表只列词形，不列例句,1,全国大学英语四、六级考试大纲（2016年修订版）,https://cet.neea.edu.cn/res/Home/1704/55b02330ac17274664f06d9d3db8249d.pdf,106
pipe,官方词表未提供读音,官方《全国大学英语四、六级考试大纲（2016年修订版）》词表词目；官方未提供释义,官方词表只列词形，不列例句,1,全国大学英语四、六级考试大纲（2016年修订版）,https://cet.neea.edu.cn/res/Home/1704/55b02330ac17274664f06d9d3db8249d.pdf,106
pirate piracy,官方词表未提供读音,官方《全国大学英语四、六级考试大纲（2016年修订版）》词表词目；官方未提供释义,官方词表只列词形，不列例句,1,全国大学英语四、六级考试大纲（2016年修订版）,https://cet.neea.edu.cn/res/Home/1704/55b02330ac17274664f06d9d3db8249d.pdf,106
pistol,官方词表未提供读音,官方《全国大学英语四、六级考试大纲（2016年修订版）》词表词目；官方未提供释义,官方词表只列词形，不列例句,1,全国大学英语四、六级考试大纲（2016年修订版）,https://cet.neea.edu.cn/res/Home/1704/55b02330ac17274664f06d9d3db8249d.pdf,106
pit,官方词表未提供读音,官方《全国大学英语四、六级考试大纲（2016年修订版）》词表词目；官方未提供释义,官方词表只列词形，不列例句,1,全国大学英语四、六级考试大纲（2016年修订版）,https://cet.neea.edu.cn/res/Home/1704/55b02330ac17274664f06d9d3db8249d.pdf,106
pitch,官方词表未提供读音,官方《全国大学英语四、六级考试大纲（2016年修订版）》词表词目；官方未提供释义,官方词表只列词形，不列例句,1,全国大学英语四、六级考试大纲（2016年修订版）,https://cet.neea.edu.cn/res/Home/1704/55b02330ac17274664f06d9d3db8249d.pdf,106
pity,官方词表未提供读音,官方《全国大学英语四、六级考试大纲（2016年修订版）》词表词目；官方未提供释义,官方词表只列词形，不列例句,1,全国大学英语四、六级考试大纲（2016年修订版）,https://cet.neea.edu.cn/res/Home/1704/55b02330ac17274664f06d9d3db8249d.pdf,106
pizza,官方词表未提供读音,官方《全国大学英语四、六级考试大纲（2016年修订版）》词表词目；官方未提供释义,官方词表只列词形，不列例句,1,全国大学英语四、六级考试大纲（2016年修订版）,https://cet.neea.edu.cn/res/Home/1704/55b02330ac17274664f06d9d3db8249d.pdf,106
place placement,官方词表未提供读音,官方《全国大学英语四、六级考试大纲（2016年修订版）》词表词目；官方未提供释义,官方词表只列词形，不列例句,1,全国大学英语四、六级考试大纲（2016年修订版）,https://cet.neea.edu.cn/res/Home/1704/55b02330ac17274664f06d9d3db8249d.pdf,106
plague,官方词表未提供读音,官方《全国大学英语四、六级考试大纲（2016年修订版）》词表词目；官方未提供释义,官方词表只列词形，不列例句,1,全国大学英语四、六级考试大纲（2016年修订版）,https://cet.neea.edu.cn/res/Home/1704/55b02330ac17274664f06d9d3db8249d.pdf,106
plain,官方词表未提供读音,官方《全国大学英语四、六级考试大纲（2016年修订版）》词表词目；官方未提供释义,官方词表只列词形，不列例句,1,全国大学英语四、六级考试大纲（2016年修订版）,https://cet.neea.edu.cn/res/Home/1704/55b02330ac17274664f06d9d3db8249d.pdf,106
plan planning planner,官方词表未提供读音,官方《全国大学英语四、六级考试大纲（2016年修订版）》词表词目；官方未提供释义,官方词表只列词形，不列例句,1,全国大学英语四、六级考试大纲（2016年修订版）,https://cet.neea.edu.cn/res/Home/1704/55b02330ac17274664f06d9d3db8249d.pdf,106
plane,官方词表未提供读音,官方《全国大学英语四、六级考试大纲（2016年修订版）》词表词目；官方未提供释义,官方词表只列词形，不列例句,1,全国大学英语四、六级考试大纲（2016年修订版）,https://cet.neea.edu.cn/res/Home/1704/55b02330ac17274664f06d9d3db8249d.pdf,106
planet planetary,官方词表未提供读音,官方《全国大学英语四、六级考试大纲（2016年修订版）》词表词目；官方未提供释义,官方词表只列词形，不列例句,1,全国大学英语四、六级考试大纲（2016年修订版）,https://cet.neea.edu.cn/res/Home/1704/55b02330ac17274664f06d9d3db8249d.pdf,106
plant plantation,官方词表未提供读音,官方《全国大学英语四、六级考试大纲（2016年修订版）》词表词目；官方未提供释义,官方词表只列词形，不列例句,1,全国大学英语四、六级考试大纲（2016年修订版）,https://cet.neea.edu.cn/res/Home/1704/55b02330ac17274664f06d9d3db8249d.pdf,106
plastic,官方词表未提供读音,官方《全国大学英语四、六级考试大纲（2016年修订版）》词表词目；官方未提供释义,官方词表只列词形，不列例句,1,全国大学英语四、六级考试大纲（2016年修订版）,https://cet.neea.edu.cn/res/Home/1704/55b02330ac17274664f06d9d3db8249d.pdf,107
plate,官方词表未提供读音,官方《全国大学英语四、六级考试大纲（2016年修订版）》词表词目；官方未提供释义,官方词表只列词形，不列例句,1,全国大学英语四、六级考试大纲（2016年修订版）,https://cet.neea.edu.cn/res/Home/1704/55b02330ac17274664f06d9d3db8249d.pdf,107
platform,官方词表未提供读音,官方《全国大学英语四、六级考试大纲（2016年修订版）》词表词目；官方未提供释义,官方词表只列词形，不列例句,1,全国大学英语四、六级考试大纲（2016年修订版）,https://cet.neea.edu.cn/res/Home/1704/55b02330ac17274664f06d9d3db8249d.pdf,107
play player,官方词表未提供读音,官方《全国大学英语四、六级考试大纲（2016年修订版）》词表词目；官方未提供释义,官方词表只列词形，不列例句,1,全国大学英语四、六级考试大纲（2016年修订版）,https://cet.neea.edu.cn/res/Home/1704/55b02330ac17274664f06d9d3db8249d.pdf,107
playground,官方词表未提供读音,官方《全国大学英语四、六级考试大纲（2016年修订版）》词表词目；官方未提供释义,官方词表只列词形，不列例句,1,全国大学英语四、六级考试大纲（2016年修订版）,https://cet.neea.edu.cn/res/Home/1704/55b02330ac17274664f06d9d3db8249d.pdf,107
please pleasure pleasant pleasing,官方词表未提供读音,官方《全国大学英语四、六级考试大纲（2016年修订版）》词表词目；官方未提供释义,官方词表只列词形，不列例句,1,全国大学英语四、六级考试大纲（2016年修订版）,https://cet.neea.edu.cn/res/Home/1704/55b02330ac17274664f06d9d3db8249d.pdf,107
pledge,官方词表未提供读音,官方《全国大学英语四、六级考试大纲（2016年修订版）》词表词目；官方未提供释义,官方词表只列词形，不列例句,1,全国大学英语四、六级考试大纲（2016年修订版）,https://cet.neea.edu.cn/res/Home/1704/55b02330ac17274664f06d9d3db8249d.pdf,107
plenty plentiful,官方词表未提供读音,官方《全国大学英语四、六级考试大纲（2016年修订版）》词表词目；官方未提供释义,官方词表只列词形，不列例句,1,全国大学英语四、六级考试大纲（2016年修订版）,https://cet.neea.edu.cn/res/Home/1704/55b02330ac17274664f06d9d3db8249d.pdf,107
plot,官方词表未提供读音,官方《全国大学英语四、六级考试大纲（2016年修订版）》词表词目；官方未提供释义,官方词表只列词形，不列例句,1,全国大学英语四、六级考试大纲（2016年修订版）,https://cet.neea.edu.cn/res/Home/1704/55b02330ac17274664f06d9d3db8249d.pdf,107
plough/plow,官方词表未提供读音,官方《全国大学英语四、六级考试大纲（2016年修订版）》词表词目；官方未提供释义,官方词表只列词形，不列例句,1,全国大学英语四、六级考试大纲（2016年修订版）,https://cet.neea.edu.cn/res/Home/1704/55b02330ac17274664f06d9d3db8249d.pdf,107
plug,官方词表未提供读音,官方《全国大学英语四、六级考试大纲（2016年修订版）》词表词目；官方未提供释义,官方词表只列词形，不列例句,1,全国大学英语四、六级考试大纲（2016年修订版）,https://cet.neea.edu.cn/res/Home/1704/55b02330ac17274664f06d9d3db8249d.pdf,107
plunge,官方词表未提供读音,官方《全国大学英语四、六级考试大纲（2016年修订版）》词表词目；官方未提供释义,官方词表只列词形，不列例句,1,全国大学英语四、六级考试大纲（2016年修订版）,https://cet.neea.edu.cn/res/Home/1704/55b02330ac17274664f06d9d3db8249d.pdf,107
plural,官方词表未提供读音,官方《全国大学英语四、六级考试大纲（2016年修订版）》词表词目；官方未提供释义,官方词表只列词形，不列例句,1,全国大学英语四、六级考试大纲（2016年修订版）,https://cet.neea.edu.cn/res/Home/1704/55b02330ac17274664f06d9d3db8249d.pdf,107
plus,官方词表未提供读音,官方《全国大学英语四、六级考试大纲（2016年修订版）》词表词目；官方未提供释义,官方词表只列词形，不列例句,1,全国大学英语四、六级考试大纲（2016年修订版）,https://cet.neea.edu.cn/res/Home/1704/55b02330ac17274664f06d9d3db8249d.pdf,107
pocket,官方词表未提供读音,官方《全国大学英语四、六级考试大纲（2016年修订版）》词表词目；官方未提供释义,官方词表只列词形，不列例句,1,全国大学英语四、六级考试大纲（2016年修订版）,https://cet.neea.edu.cn/res/Home/1704/55b02330ac17274664f06d9d3db8249d.pdf,107
podcast,官方词表未提供读音,官方《全国大学英语四、六级考试大纲（2016年修订版）》词表词目；官方未提供释义,官方词表只列词形，不列例句,1,全国大学英语四、六级考试大纲（2016年修订版）,https://cet.neea.edu.cn/res/Home/1704/55b02330ac17274664f06d9d3db8249d.pdf,107
poem poetry,官方词表未提供读音,官方《全国大学英语四、六级考试大纲（2016年修订版）》词表词目；官方未提供释义,官方词表只列词形，不列例句,1,全国大学英语四、六级考试大纲（2016年修订版）,https://cet.neea.edu.cn/res/Home/1704/55b02330ac17274664f06d9d3db8249d.pdf,107
poet poetic,官方词表未提供读音,官方《全国大学英语四、六级考试大纲（2016年修订版）》词表词目；官方未提供释义,官方词表只列词形，不列例句,1,全国大学英语四、六级考试大纲（2016年修订版）,https://cet.neea.edu.cn/res/Home/1704/55b02330ac17274664f06d9d3db8249d.pdf,107
point pointless,官方词表未提供读音,官方《全国大学英语四、六级考试大纲（2016年修订版）》词表词目；官方未提供释义,官方词表只列词形，不列例句,1,全国大学英语四、六级考试大纲（2016年修订版）,https://cet.neea.edu.cn/res/Home/1704/55b02330ac17274664f06d9d3db8249d.pdf,107
poison poisonous,官方词表未提供读音,官方《全国大学英语四、六级考试大纲（2016年修订版）》词表词目；官方未提供释义,官方词表只列词形，不列例句,1,全国大学英语四、六级考试大纲（2016年修订版）,https://cet.neea.edu.cn/res/Home/1704/55b02330ac17274664f06d9d3db8249d.pdf,107
pole polar,官方词表未提供读音,官方《全国大学英语四、六级考试大纲（2016年修订版）》词表词目；官方未提供释义,官方词表只列词形，不列例句,1,全国大学英语四、六级考试大纲（2016年修订版）,https://cet.neea.edu.cn/res/Home/1704/55b02330ac17274664f06d9d3db8249d.pdf,107
police policeman,官方词表未提供读音,官方《全国大学英语四、六级考试大纲（2016年修订版）》词表词目；官方未提供释义,官方词表只列词形，不列例句,1,全国大学英语四、六级考试大纲（2016年修订版）,https://cet.neea.edu.cn/res/Home/1704/55b02330ac17274664f06d9d3db8249d.pdf,107
policy,官方词表未提供读音,官方《全国大学英语四、六级考试大纲（2016年修订版）》词表词目；官方未提供释义,官方词表只列词形，不列例句,1,全国大学英语四、六级考试大纲（2016年修订版）,https://cet.neea.edu.cn/res/Home/1704/55b02330ac17274664f06d9d3db8249d.pdf,107
polish,官方词表未提供读音,官方《全国大学英语四、六级考试大纲（2016年修订版）》词表词目；官方未提供释义,官方词表只列词形，不列例句,1,全国大学英语四、六级考试大纲（2016年修订版）,https://cet.neea.edu.cn/res/Home/1704/55b02330ac17274664f06d9d3db8249d.pdf,107
polite politeness,官方词表未提供读音,官方《全国大学英语四、六级考试大纲（2016年修订版）》词表词目；官方未提供释义,官方词表只列词形，不列例句,1,全国大学英语四、六级考试大纲（2016年修订版）,https://cet.neea.edu.cn/res/Home/1704/55b02330ac17274664f06d9d3db8249d.pdf,107
politics political politician,官方词表未提供读音,官方《全国大学英语四、六级考试大纲（2016年修订版）》词表词目；官方未提供释义,官方词表只列词形，不列例句,1,全国大学英语四、六级考试大纲（2016年修订版）,https://cet.neea.edu.cn/res/Home/1704/55b02330ac17274664f06d9d3db8249d.pdf,107
poll pollster,官方词表未提供读音,官方《全国大学英语四、六级考试大纲（2016年修订版）》词表词目；官方未提供释义,官方词表只列词形，不列例句,1,全国大学英语四、六级考试大纲（2016年修订版）,https://cet.neea.edu.cn/res/Home/1704/55b02330ac17274664f06d9d3db8249d.pdf,107
pollute pollution pollutant,官方词表未提供读音,官方《全国大学英语四、六级考试大纲（2016年修订版）》词表词目；官方未提供释义,官方词表只列词形，不列例句,1,全国大学英语四、六级考试大纲（2016年修订版）,https://cet.neea.edu.cn/res/Home/1704/55b02330ac17274664f06d9d3db8249d.pdf,107
pond,官方词表未提供读音,官方《全国大学英语四、六级考试大纲（2016年修订版）》词表词目；官方未提供释义,官方词表只列词形，不列例句,1,全国大学英语四、六级考试大纲（2016年修订版）,https://cet.neea.edu.cn/res/Home/1704/55b02330ac17274664f06d9d3db8249d.pdf,107
pool,官方词表未提供读音,官方《全国大学英语四、六级考试大纲（2016年修订版）》词表词目；官方未提供释义,官方词表只列词形，不列例句,1,全国大学英语四、六级考试大纲（2016年修订版）,https://cet.neea.edu.cn/res/Home/1704/55b02330ac17274664f06d9d3db8249d.pdf,107
poor poverty,官方词表未提供读音,官方《全国大学英语四、六级考试大纲（2016年修订版）》词表词目；官方未提供释义,官方词表只列词形，不列例句,1,全国大学英语四、六级考试大纲（2016年修订版）,https://cet.neea.edu.cn/res/Home/1704/55b02330ac17274664f06d9d3db8249d.pdf,108
pop,官方词表未提供读音,官方《全国大学英语四、六级考试大纲（2016年修订版）》词表词目；官方未提供释义,官方词表只列词形，不列例句,1,全国大学英语四、六级考试大纲（2016年修订版）,https://cet.neea.edu.cn/res/Home/1704/55b02330ac17274664f06d9d3db8249d.pdf,108
popular popularity,官方词表未提供读音,官方《全国大学英语四、六级考试大纲（2016年修订版）》词表词目；官方未提供释义,官方词表只列词形，不列例句,1,全国大学英语四、六级考试大纲（2016年修订版）,https://cet.neea.edu.cn/res/Home/1704/55b02330ac17274664f06d9d3db8249d.pdf,108
population populous populate,官方词表未提供读音,官方《全国大学英语四、六级考试大纲（2016年修订版）》词表词目；官方未提供释义,官方词表只列词形，不列例句,1,全国大学英语四、六级考试大纲（2016年修订版）,https://cet.neea.edu.cn/res/Home/1704/55b02330ac17274664f06d9d3db8249d.pdf,108
pork,官方词表未提供读音,官方《全国大学英语四、六级考试大纲（2016年修订版）》词表词目；官方未提供释义,官方词表只列词形，不列例句,1,全国大学英语四、六级考试大纲（2016年修订版）,https://cet.neea.edu.cn/res/Home/1704/55b02330ac17274664f06d9d3db8249d.pdf,108
port portable porter,官方词表未提供读音,官方《全国大学英语四、六级考试大纲（2016年修订版）》词表词目；官方未提供释义,官方词表只列词形，不列例句,1,全国大学英语四、六级考试大纲（2016年修订版）,https://cet.neea.edu.cn/res/Home/1704/55b02330ac17274664f06d9d3db8249d.pdf,108
portion,官方词表未提供读音,官方《全国大学英语四、六级考试大纲（2016年修订版）》词表词目；官方未提供释义,官方词表只列词形，不列例句,1,全国大学英语四、六级考试大纲（2016年修订版）,https://cet.neea.edu.cn/res/Home/1704/55b02330ac17274664f06d9d3db8249d.pdf,108
pose posture,官方词表未提供读音,官方《全国大学英语四、六级考试大纲（2016年修订版）》词表词目；官方未提供释义,官方词表只列词形，不列例句,1,全国大学英语四、六级考试大纲（2016年修订版）,https://cet.neea.edu.cn/res/Home/1704/55b02330ac17274664f06d9d3db8249d.pdf,108
position,官方词表未提供读音,官方《全国大学英语四、六级考试大纲（2016年修订版）》词表词目；官方未提供释义,官方词表只列词形，不列例句,1,全国大学英语四、六级考试大纲（2016年修订版）,https://cet.neea.edu.cn/res/Home/1704/55b02330ac17274664f06d9d3db8249d.pdf,108
positive,官方词表未提供读音,官方《全国大学英语四、六级考试大纲（2016年修订版）》词表词目；官方未提供释义,官方词表只列词形，不列例句,1,全国大学英语四、六级考试大纲（2016年修订版）,https://cet.neea.edu.cn/res/Home/1704/55b02330ac17274664f06d9d3db8249d.pdf,108
possess possession possessive,官方词表未提供读音,官方《全国大学英语四、六级考试大纲（2016年修订版）》词表词目；官方未提供释义,官方词表只列词形，不列例句,1,全国大学英语四、六级考试大纲（2016年修订版）,https://cet.neea.edu.cn/res/Home/1704/55b02330ac17274664f06d9d3db8249d.pdf,108
possible possibility possibly,官方词表未提供读音,官方《全国大学英语四、六级考试大纲（2016年修订版）》词表词目；官方未提供释义,官方词表只列词形，不列例句,1,全国大学英语四、六级考试大纲（2016年修订版）,https://cet.neea.edu.cn/res/Home/1704/55b02330ac17274664f06d9d3db8249d.pdf,108
post,官方词表未提供读音,官方《全国大学英语四、六级考试大纲（2016年修订版）》词表词目；官方未提供释义,官方词表只列词形，不列例句,1,全国大学英语四、六级考试大纲（2016年修订版）,https://cet.neea.edu.cn/res/Home/1704/55b02330ac17274664f06d9d3db8249d.pdf,108
postage postman,官方词表未提供读音,官方《全国大学英语四、六级考试大纲（2016年修订版）》词表词目；官方未提供释义,官方词表只列词形，不列例句,1,全国大学英语四、六级考试大纲（2016年修订版）,https://cet.neea.edu.cn/res/Home/1704/55b02330ac17274664f06d9d3db8249d.pdf,108
postcard,官方词表未提供读音,官方《全国大学英语四、六级考试大纲（2016年修订版）》词表词目；官方未提供释义,官方词表只列词形，不列例句,1,全国大学英语四、六级考试大纲（2016年修订版）,https://cet.neea.edu.cn/res/Home/1704/55b02330ac17274664f06d9d3db8249d.pdf,108
poster,官方词表未提供读音,官方《全国大学英语四、六级考试大纲（2016年修订版）》词表词目；官方未提供释义,官方词表只列词形，不列例句,1,全国大学英语四、六级考试大纲（2016年修订版）,https://cet.neea.edu.cn/res/Home/1704/55b02330ac17274664f06d9d3db8249d.pdf,108
postpone postponement,官方词表未提供读音,官方《全国大学英语四、六级考试大纲（2016年修订版）》词表词目；官方未提供释义,官方词表只列词形，不列例句,1,全国大学英语四、六级考试大纲（2016年修订版）,https://cet.neea.edu.cn/res/Home/1704/55b02330ac17274664f06d9d3db8249d.pdf,108
pot,官方词表未提供读音,官方《全国大学英语四、六级考试大纲（2016年修订版）》词表词目；官方未提供释义,官方词表只列词形，不列例句,1,全国大学英语四、六级考试大纲（2016年修订版）,https://cet.neea.edu.cn/res/Home/1704/55b02330ac17274664f06d9d3db8249d.pdf,108
potato,官方词表未提供读音,官方《全国大学英语四、六级考试大纲（2016年修订版）》词表词目；官方未提供释义,官方词表只列词形，不列例句,1,全国大学英语四、六级考试大纲（2016年修订版）,https://cet.neea.edu.cn/res/Home/1704/55b02330ac17274664f06d9d3db8249d.pdf,108
potential potentiality,官方词表未提供读音,官方《全国大学英语四、六级考试大纲（2016年修订版）》词表词目；官方未提供释义,官方词表只列词形，不列例句,1,全国大学英语四、六级考试大纲（2016年修订版）,https://cet.neea.edu.cn/res/Home/1704/55b02330ac17274664f06d9d3db8249d.pdf,108
pound,官方词表未提供读音,官方《全国大学英语四、六级考试大纲（2016年修订版）》词表词目；官方未提供释义,官方词表只列词形，不列例句,1,全国大学英语四、六级考试大纲（2016年修订版）,https://cet.neea.edu.cn/res/Home/1704/55b02330ac17274664f06d9d3db8249d.pdf,108
pour,官方词表未提供读音,官方《全国大学英语四、六级考试大纲（2016年修订版）》词表词目；官方未提供释义,官方词表只列词形，不列例句,1,全国大学英语四、六级考试大纲（2016年修订版）,https://cet.neea.edu.cn/res/Home/1704/55b02330ac17274664f06d9d3db8249d.pdf,108
powder,官方词表未提供读音,官方《全国大学英语四、六级考试大纲（2016年修订版）》词表词目；官方未提供释义,官方词表只列词形，不列例句,1,全国大学英语四、六级考试大纲（2016年修订版）,https://cet.neea.edu.cn/res/Home/1704/55b02330ac17274664f06d9d3db8249d.pdf,108
power powerful,官方词表未提供读音,官方《全国大学英语四、六级考试大纲（2016年修订版）》词表词目；官方未提供释义,官方词表只列词形，不列例句,1,全国大学英语四、六级考试大纲（2016年修订版）,https://cet.neea.edu.cn/res/Home/1704/55b02330ac17274664f06d9d3db8249d.pdf,108
practise/-ice practicable,官方词表未提供读音,官方《全国大学英语四、六级考试大纲（2016年修订版）》词表词目；官方未提供释义,官方词表只列词形，不列例句,1,全国大学英语四、六级考试大纲（2016年修订版）,https://cet.neea.edu.cn/res/Home/1704/55b02330ac17274664f06d9d3db8249d.pdf,108
practical practicality,官方词表未提供读音,官方《全国大学英语四、六级考试大纲（2016年修订版）》词表词目；官方未提供释义,官方词表只列词形，不列例句,1,全国大学英语四、六级考试大纲（2016年修订版）,https://cet.neea.edu.cn/res/Home/1704/55b02330ac17274664f06d9d3db8249d.pdf,108
praise,官方词表未提供读音,官方《全国大学英语四、六级考试大纲（2016年修订版）》词表词目；官方未提供释义,官方词表只列词形，不列例句,1,全国大学英语四、六级考试大纲（2016年修订版）,https://cet.neea.edu.cn/res/Home/1704/55b02330ac17274664f06d9d3db8249d.pdf,108
pray prayer,官方词表未提供读音,官方《全国大学英语四、六级考试大纲（2016年修订版）》词表词目；官方未提供释义,官方词表只列词形，不列例句,1,全国大学英语四、六级考试大纲（2016年修订版）,https://cet.neea.edu.cn/res/Home/1704/55b02330ac17274664f06d9d3db8249d.pdf,108
prayer,官方词表未提供读音,官方《全国大学英语四、六级考试大纲（2016年修订版）》词表词目；官方未提供释义,官方词表只列词形，不列例句,1,全国大学英语四、六级考试大纲（2016年修订版）,https://cet.neea.edu.cn/res/Home/1704/55b02330ac17274664f06d9d3db8249d.pdf,108
preach preacher,官方词表未提供读音,官方《全国大学英语四、六级考试大纲（2016年修订版）》词表词目；官方未提供释义,官方词表只列词形，不列例句,1,全国大学英语四、六级考试大纲（2016年修订版）,https://cet.neea.edu.cn/res/Home/1704/55b02330ac17274664f06d9d3db8249d.pdf,108
precaution precautionary,官方词表未提供读音,官方《全国大学英语四、六级考试大纲（2016年修订版）》词表词目；官方未提供释义,官方词表只列词形，不列例句,1,全国大学英语四、六级考试大纲（2016年修订版）,https://cet.neea.edu.cn/res/Home/1704/55b02330ac17274664f06d9d3db8249d.pdf,108
precious,官方词表未提供读音,官方《全国大学英语四、六级考试大纲（2016年修订版）》词表词目；官方未提供释义,官方词表只列词形，不列例句,1,全国大学英语四、六级考试大纲（2016年修订版）,https://cet.neea.edu.cn/res/Home/1704/55b02330ac17274664f06d9d3db8249d.pdf,108
precise precision precisely,官方词表未提供读音,官方《全国大学英语四、六级考试大纲（2016年修订版）》词表词目；官方未提供释义,官方词表只列词形，不列例句,1,全国大学英语四、六级考试大纲（2016年修订版）,https://cet.neea.edu.cn/res/Home/1704/55b02330ac17274664f06d9d3db8249d.pdf,109
predict prediction predictable,官方词表未提供读音,官方《全国大学英语四、六级考试大纲（2016年修订版）》词表词目；官方未提供释义,官方词表只列词形，不列例句,1,全国大学英语四、六级考试大纲（2016年修订版）,https://cet.neea.edu.cn/res/Home/1704/55b02330ac17274664f06d9d3db8249d.pdf,109
preface,官方词表未提供读音,官方《全国大学英语四、六级考试大纲（2016年修订版）》词表词目；官方未提供释义,官方词表只列词形，不列例句,1,全国大学英语四、六级考试大纲（2016年修订版）,https://cet.neea.edu.cn/res/Home/1704/55b02330ac17274664f06d9d3db8249d.pdf,109
prefer preferable preference preferential,官方词表未提供读音,官方《全国大学英语四、六级考试大纲（2016年修订版）》词表词目；官方未提供释义,官方词表只列词形，不列例句,1,全国大学英语四、六级考试大纲（2016年修订版）,https://cet.neea.edu.cn/res/Home/1704/55b02330ac17274664f06d9d3db8249d.pdf,109
pregnant pregnancy,官方词表未提供读音,官方《全国大学英语四、六级考试大纲（2016年修订版）》词表词目；官方未提供释义,官方词表只列词形，不列例句,1,全国大学英语四、六级考试大纲（2016年修订版）,https://cet.neea.edu.cn/res/Home/1704/55b02330ac17274664f06d9d3db8249d.pdf,109
prejudice,官方词表未提供读音,官方《全国大学英语四、六级考试大纲（2016年修订版）》词表词目；官方未提供释义,官方词表只列词形，不列例句,1,全国大学英语四、六级考试大纲（2016年修订版）,https://cet.neea.edu.cn/res/Home/1704/55b02330ac17274664f06d9d3db8249d.pdf,109
preliminary,官方词表未提供读音,官方《全国大学英语四、六级考试大纲（2016年修订版）》词表词目；官方未提供释义,官方词表只列词形，不列例句,1,全国大学英语四、六级考试大纲（2016年修订版）,https://cet.neea.edu.cn/res/Home/1704/55b02330ac17274664f06d9d3db8249d.pdf,109
premier,官方词表未提供读音,官方《全国大学英语四、六级考试大纲（2016年修订版）》词表词目；官方未提供释义,官方词表只列词形，不列例句,1,全国大学英语四、六级考试大纲（2016年修订版）,https://cet.neea.edu.cn/res/Home/1704/55b02330ac17274664f06d9d3db8249d.pdf,109
prepare preparation preparatory,官方词表未提供读音,官方《全国大学英语四、六级考试大纲（2016年修订版）》词表词目；官方未提供释义,官方词表只列词形，不列例句,1,全国大学英语四、六级考试大纲（2016年修订版）,https://cet.neea.edu.cn/res/Home/1704/55b02330ac17274664f06d9d3db8249d.pdf,109
preposition,官方词表未提供读音,官方《全国大学英语四、六级考试大纲（2016年修订版）》词表词目；官方未提供释义,官方词表只列词形，不列例句,1,全国大学英语四、六级考试大纲（2016年修订版）,https://cet.neea.edu.cn/res/Home/1704/55b02330ac17274664f06d9d3db8249d.pdf,109
prescribe prescription,官方词表未提供读音,官方《全国大学英语四、六级考试大纲（2016年修订版）》词表词目；官方未提供释义,官方词表只列词形，不列例句,1,全国大学英语四、六级考试大纲（2016年修订版）,https://cet.neea.edu.cn/res/Home/1704/55b02330ac17274664f06d9d3db8249d.pdf,109
present,官方词表未提供读音,官方《全国大学英语四、六级考试大纲（2016年修订版）》词表词目；官方未提供释义,官方词表只列词形，不列例句,1,全国大学英语四、六级考试大纲（2016年修订版）,https://cet.neea.edu.cn/res/Home/1704/55b02330ac17274664f06d9d3db8249d.pdf,109
presence,官方词表未提供读音,官方《全国大学英语四、六级考试大纲（2016年修订版）》词表词目；官方未提供释义,官方词表只列词形，不列例句,1,全国大学英语四、六级考试大纲（2016年修订版）,https://cet.neea.edu.cn/res/Home/1704/55b02330ac17274664f06d9d3db8249d.pdf,109
presentation,官方词表未提供读音,官方《全国大学英语四、六级考试大纲（2016年修订版）》词表词目；官方未提供释义,官方词表只列词形，不列例句,1,全国大学英语四、六级考试大纲（2016年修订版）,https://cet.neea.edu.cn/res/Home/1704/55b02330ac17274664f06d9d3db8249d.pdf,109
presently,官方词表未提供读音,官方《全国大学英语四、六级考试大纲（2016年修订版）》词表词目；官方未提供释义,官方词表只列词形，不列例句,1,全国大学英语四、六级考试大纲（2016年修订版）,https://cet.neea.edu.cn/res/Home/1704/55b02330ac17274664f06d9d3db8249d.pdf,109
preserve preservation preservative,官方词表未提供读音,官方《全国大学英语四、六级考试大纲（2016年修订版）》词表词目；官方未提供释义,官方词表只列词形，不列例句,1,全国大学英语四、六级考试大纲（2016年修订版）,https://cet.neea.edu.cn/res/Home/1704/55b02330ac17274664f06d9d3db8249d.pdf,109
president presidency presidential,官方词表未提供读音,官方《全国大学英语四、六级考试大纲（2016年修订版）》词表词目；官方未提供释义,官方词表只列词形，不列例句,1,全国大学英语四、六级考试大纲（2016年修订版）,https://cet.neea.edu.cn/res/Home/1704/55b02330ac17274664f06d9d3db8249d.pdf,109
press,官方词表未提供读音,官方《全国大学英语四、六级考试大纲（2016年修订版）》词表词目；官方未提供释义,官方词表只列词形，不列例句,1,全国大学英语四、六级考试大纲（2016年修订版）,https://cet.neea.edu.cn/res/Home/1704/55b02330ac17274664f06d9d3db8249d.pdf,109
pressure pressing,官方词表未提供读音,官方《全国大学英语四、六级考试大纲（2016年修订版）》词表词目；官方未提供释义,官方词表只列词形，不列例句,1,全国大学英语四、六级考试大纲（2016年修订版）,https://cet.neea.edu.cn/res/Home/1704/55b02330ac17274664f06d9d3db8249d.pdf,109
pretend pretense/-ce,官方词表未提供读音,官方《全国大学英语四、六级考试大纲（2016年修订版）》词表词目；官方未提供释义,官方词表只列词形，不列例句,1,全国大学英语四、六级考试大纲（2016年修订版）,https://cet.neea.edu.cn/res/Home/1704/55b02330ac17274664f06d9d3db8249d.pdf,109
pretty,官方词表未提供读音,官方《全国大学英语四、六级考试大纲（2016年修订版）》词表词目；官方未提供释义,官方词表只列词形，不列例句,1,全国大学英语四、六级考试大纲（2016年修订版）,https://cet.neea.edu.cn/res/Home/1704/55b02330ac17274664f06d9d3db8249d.pdf,109
prevail prevalence prevalent,官方词表未提供读音,官方《全国大学英语四、六级考试大纲（2016年修订版）》词表词目；官方未提供释义,官方词表只列词形，不列例句,1,全国大学英语四、六级考试大纲（2016年修订版）,https://cet.neea.edu.cn/res/Home/1704/55b02330ac17274664f06d9d3db8249d.pdf,109
prevent prevention preventive,官方词表未提供读音,官方《全国大学英语四、六级考试大纲（2016年修订版）》词表词目；官方未提供释义,官方词表只列词形，不列例句,1,全国大学英语四、六级考试大纲（2016年修订版）,https://cet.neea.edu.cn/res/Home/1704/55b02330ac17274664f06d9d3db8249d.pdf,109
preview,官方词表未提供读音,官方《全国大学英语四、六级考试大纲（2016年修订版）》词表词目；官方未提供释义,官方词表只列词形，不列例句,1,全国大学英语四、六级考试大纲（2016年修订版）,https://cet.neea.edu.cn/res/Home/1704/55b02330ac17274664f06d9d3db8249d.pdf,109
previous,官方词表未提供读音,官方《全国大学英语四、六级考试大纲（2016年修订版）》词表词目；官方未提供释义,官方词表只列词形，不列例句,1,全国大学英语四、六级考试大纲（2016年修订版）,https://cet.neea.edu.cn/res/Home/1704/55b02330ac17274664f06d9d3db8249d.pdf,109
price priceless,官方词表未提供读音,官方《全国大学英语四、六级考试大纲（2016年修订版）》词表词目；官方未提供释义,官方词表只列词形，不列例句,1,全国大学英语四、六级考试大纲（2016年修订版）,https://cet.neea.edu.cn/res/Home/1704/55b02330ac17274664f06d9d3db8249d.pdf,109
pride proud,官方词表未提供读音,官方《全国大学英语四、六级考试大纲（2016年修订版）》词表词目；官方未提供释义,官方词表只列词形，不列例句,1,全国大学英语四、六级考试大纲（2016年修订版）,https://cet.neea.edu.cn/res/Home/1704/55b02330ac17274664f06d9d3db8249d.pdf,109
priest,官方词表未提供读音,官方《全国大学英语四、六级考试大纲（2016年修订版）》词表词目；官方未提供释义,官方词表只列词形，不列例句,1,全国大学英语四、六级考试大纲（2016年修订版）,https://cet.neea.edu.cn/res/Home/1704/55b02330ac17274664f06d9d3db8249d.pdf,109
primary primarily,官方词表未提供读音,官方《全国大学英语四、六级考试大纲（2016年修订版）》词表词目；官方未提供释义,官方词表只列词形，不列例句,1,全国大学英语四、六级考试大纲（2016年修订版）,https://cet.neea.edu.cn/res/Home/1704/55b02330ac17274664f06d9d3db8249d.pdf,109
prime,官方词表未提供读音,官方《全国大学英语四、六级考试大纲（2016年修订版）》词表词目；官方未提供释义,官方词表只列词形，不列例句,1,全国大学英语四、六级考试大纲（2016年修订版）,https://cet.neea.edu.cn/res/Home/1704/55b02330ac17274664f06d9d3db8249d.pdf,109
primitive,官方词表未提供读音,官方《全国大学英语四、六级考试大纲（2016年修订版）》词表词目；官方未提供释义,官方词表只列词形，不列例句,1,全国大学英语四、六级考试大纲（2016年修订版）,https://cet.neea.edu.cn/res/Home/1704/55b02330ac17274664f06d9d3db8249d.pdf,110
prince/princess,官方词表未提供读音,官方《全国大学英语四、六级考试大纲（2016年修订版）》词表词目；官方未提供释义,官方词表只列词形，不列例句,1,全国大学英语四、六级考试大纲（2016年修订版）,https://cet.neea.edu.cn/res/Home/1704/55b02330ac17274664f06d9d3db8249d.pdf,110
principal,官方词表未提供读音,官方《全国大学英语四、六级考试大纲（2016年修订版）》词表词目；官方未提供释义,官方词表只列词形，不列例句,1,全国大学英语四、六级考试大纲（2016年修订版）,https://cet.neea.edu.cn/res/Home/1704/55b02330ac17274664f06d9d3db8249d.pdf,110
principle,官方词表未提供读音,官方《全国大学英语四、六级考试大纲（2016年修订版）》词表词目；官方未提供释义,官方词表只列词形，不列例句,1,全国大学英语四、六级考试大纲（2016年修订版）,https://cet.neea.edu.cn/res/Home/1704/55b02330ac17274664f06d9d3db8249d.pdf,110
print printer printing,官方词表未提供读音,官方《全国大学英语四、六级考试大纲（2016年修订版）》词表词目；官方未提供释义,官方词表只列词形，不列例句,1,全国大学英语四、六级考试大纲（2016年修订版）,https://cet.neea.edu.cn/res/Home/1704/55b02330ac17274664f06d9d3db8249d.pdf,110
prior priority,官方词表未提供读音,官方《全国大学英语四、六级考试大纲（2016年修订版）》词表词目；官方未提供释义,官方词表只列词形，不列例句,1,全国大学英语四、六级考试大纲（2016年修订版）,https://cet.neea.edu.cn/res/Home/1704/55b02330ac17274664f06d9d3db8249d.pdf,110
prison prisoner,官方词表未提供读音,官方《全国大学英语四、六级考试大纲（2016年修订版）》词表词目；官方未提供释义,官方词表只列词形，不列例句,1,全国大学英语四、六级考试大纲（2016年修订版）,https://cet.neea.edu.cn/res/Home/1704/55b02330ac17274664f06d9d3db8249d.pdf,110
private privacy privatize/-ise privatization/-sation,官方词表未提供读音,官方《全国大学英语四、六级考试大纲（2016年修订版）》词表词目；官方未提供释义,官方词表只列词形，不列例句,1,全国大学英语四、六级考试大纲（2016年修订版）,https://cet.neea.edu.cn/res/Home/1704/55b02330ac17274664f06d9d3db8249d.pdf,110
privilege privileged,官方词表未提供读音,官方《全国大学英语四、六级考试大纲（2016年修订版）》词表词目；官方未提供释义,官方词表只列词形，不列例句,1,全国大学英语四、六级考试大纲（2016年修订版）,https://cet.neea.edu.cn/res/Home/1704/55b02330ac17274664f06d9d3db8249d.pdf,110
prize,官方词表未提供读音,官方《全国大学英语四、六级考试大纲（2016年修订版）》词表词目；官方未提供释义,官方词表只列词形，不列例句,1,全国大学英语四、六级考试大纲（2016年修订版）,https://cet.neea.edu.cn/res/Home/1704/55b02330ac17274664f06d9d3db8249d.pdf,110
probable probability probably,官方词表未提供读音,官方《全国大学英语四、六级考试大纲（2016年修订版）》词表词目；官方未提供释义,官方词表只列词形，不列例句,1,全国大学英语四、六级考试大纲（2016年修订版）,https://cet.neea.edu.cn/res/Home/1704/55b02330ac17274664f06d9d3db8249d.pdf,110
problem problematic,官方词表未提供读音,官方《全国大学英语四、六级考试大纲（2016年修订版）》词表词目；官方未提供释义,官方词表只列词形，不列例句,1,全国大学英语四、六级考试大纲（2016年修订版）,https://cet.neea.edu.cn/res/Home/1704/55b02330ac17274664f06d9d3db8249d.pdf,110
procedure,官方词表未提供读音,官方《全国大学英语四、六级考试大纲（2016年修订版）》词表词目；官方未提供释义,官方词表只列词形，不列例句,1,全国大学英语四、六级考试大纲（2016年修订版）,https://cet.neea.edu.cn/res/Home/1704/55b02330ac17274664f06d9d3db8249d.pdf,110
proceed proceedings,官方词表未提供读音,官方《全国大学英语四、六级考试大纲（2016年修订版）》词表词目；官方未提供释义,官方词表只列词形，不列例句,1,全国大学英语四、六级考试大纲（2016年修订版）,https://cet.neea.edu.cn/res/Home/1704/55b02330ac17274664f06d9d3db8249d.pdf,110
process processor,官方词表未提供读音,官方《全国大学英语四、六级考试大纲（2016年修订版）》词表词目；官方未提供释义,官方词表只列词形，不列例句,1,全国大学英语四、六级考试大纲（2016年修订版）,https://cet.neea.edu.cn/res/Home/1704/55b02330ac17274664f06d9d3db8249d.pdf,110
procession,官方词表未提供读音,官方《全国大学英语四、六级考试大纲（2016年修订版）》词表词目；官方未提供释义,官方词表只列词形，不列例句,1,全国大学英语四、六级考试大纲（2016年修订版）,https://cet.neea.edu.cn/res/Home/1704/55b02330ac17274664f06d9d3db8249d.pdf,110
proclaim proclamation,官方词表未提供读音,官方《全国大学英语四、六级考试大纲（2016年修订版）》词表词目；官方未提供释义,官方词表只列词形，不列例句,1,全国大学英语四、六级考试大纲（2016年修订版）,https://cet.neea.edu.cn/res/Home/1704/55b02330ac17274664f06d9d3db8249d.pdf,110
produce production productive productivity,官方词表未提供读音,官方《全国大学英语四、六级考试大纲（2016年修订版）》词表词目；官方未提供释义,官方词表只列词形，不列例句,1,全国大学英语四、六级考试大纲（2016年修订版）,https://cet.neea.edu.cn/res/Home/1704/55b02330ac17274664f06d9d3db8249d.pdf,110
product,官方词表未提供读音,官方《全国大学英语四、六级考试大纲（2016年修订版）》词表词目；官方未提供释义,官方词表只列词形，不列例句,1,全国大学英语四、六级考试大纲（2016年修订版）,https://cet.neea.edu.cn/res/Home/1704/55b02330ac17274664f06d9d3db8249d.pdf,110
profession professional,官方词表未提供读音,官方《全国大学英语四、六级考试大纲（2016年修订版）》词表词目；官方未提供释义,官方词表只列词形，不列例句,1,全国大学英语四、六级考试大纲（2016年修订版）,https://cet.neea.edu.cn/res/Home/1704/55b02330ac17274664f06d9d3db8249d.pdf,110
professor,官方词表未提供读音,官方《全国大学英语四、六级考试大纲（2016年修订版）》词表词目；官方未提供释义,官方词表只列词形，不列例句,1,全国大学英语四、六级考试大纲（2016年修订版）,https://cet.neea.edu.cn/res/Home/1704/55b02330ac17274664f06d9d3db8249d.pdf,110
proficient proficiency,官方词表未提供读音,官方《全国大学英语四、六级考试大纲（2016年修订版）》词表词目；官方未提供释义,官方词表只列词形，不列例句,1,全国大学英语四、六级考试大纲（2016年修订版）,https://cet.neea.edu.cn/res/Home/1704/55b02330ac17274664f06d9d3db8249d.pdf,110
profit profitable,官方词表未提供读音,官方《全国大学英语四、六级考试大纲（2016年修订版）》词表词目；官方未提供释义,官方词表只列词形，不列例句,1,全国大学英语四、六级考试大纲（2016年修订版）,https://cet.neea.edu.cn/res/Home/1704/55b02330ac17274664f06d9d3db8249d.pdf,110
profound,官方词表未提供读音,官方《全国大学英语四、六级考试大纲（2016年修订版）》词表词目；官方未提供释义,官方词表只列词形，不列例句,1,全国大学英语四、六级考试大纲（2016年修订版）,https://cet.neea.edu.cn/res/Home/1704/55b02330ac17274664f06d9d3db8249d.pdf,110
program(me),官方词表未提供读音,官方《全国大学英语四、六级考试大纲（2016年修订版）》词表词目；官方未提供释义,官方词表只列词形，不列例句,1,全国大学英语四、六级考试大纲（2016年修订版）,https://cet.neea.edu.cn/res/Home/1704/55b02330ac17274664f06d9d3db8249d.pdf,110
progress progressive progression,官方词表未提供读音,官方《全国大学英语四、六级考试大纲（2016年修订版）》词表词目；官方未提供释义,官方词表只列词形，不列例句,1,全国大学英语四、六级考试大纲（2016年修订版）,https://cet.neea.edu.cn/res/Home/1704/55b02330ac17274664f06d9d3db8249d.pdf,110
prohibit prohibition prohibitive,官方词表未提供读音,官方《全国大学英语四、六级考试大纲（2016年修订版）》词表词目；官方未提供释义,官方词表只列词形，不列例句,1,全国大学英语四、六级考试大纲（2016年修订版）,https://cet.neea.edu.cn/res/Home/1704/55b02330ac17274664f06d9d3db8249d.pdf,110
project,官方词表未提供读音,官方《全国大学英语四、六级考试大纲（2016年修订版）》词表词目；官方未提供释义,官方词表只列词形，不列例句,1,全国大学英语四、六级考试大纲（2016年修订版）,https://cet.neea.edu.cn/res/Home/1704/55b02330ac17274664f06d9d3db8249d.pdf,110
projector projection,官方词表未提供读音,官方《全国大学英语四、六级考试大纲（2016年修订版）》词表词目；官方未提供释义,官方词表只列词形，不列例句,1,全国大学英语四、六级考试大纲（2016年修订版）,https://cet.neea.edu.cn/res/Home/1704/55b02330ac17274664f06d9d3db8249d.pdf,110
prominent prominence,官方词表未提供读音,官方《全国大学英语四、六级考试大纲（2016年修订版）》词表词目；官方未提供释义,官方词表只列词形，不列例句,1,全国大学英语四、六级考试大纲（2016年修订版）,https://cet.neea.edu.cn/res/Home/1704/55b02330ac17274664f06d9d3db8249d.pdf,110
promise promising,官方词表未提供读音,官方《全国大学英语四、六级考试大纲（2016年修订版）》词表词目；官方未提供释义,官方词表只列词形，不列例句,1,全国大学英语四、六级考试大纲（2016年修订版）,https://cet.neea.edu.cn/res/Home/1704/55b02330ac17274664f06d9d3db8249d.pdf,110
promote promotion,官方词表未提供读音,官方《全国大学英语四、六级考试大纲（2016年修订版）》词表词目；官方未提供释义,官方词表只列词形，不列例句,1,全国大学英语四、六级考试大纲（2016年修订版）,https://cet.neea.edu.cn/res/Home/1704/55b02330ac17274664f06d9d3db8249d.pdf,110
prompt,官方词表未提供读音,官方《全国大学英语四、六级考试大纲（2016年修订版）》词表词目；官方未提供释义,官方词表只列词形，不列例句,1,全国大学英语四、六级考试大纲（2016年修订版）,https://cet.neea.edu.cn/res/Home/1704/55b02330ac17274664f06d9d3db8249d.pdf,110
pronoun,官方词表未提供读音,官方《全国大学英语四、六级考试大纲（2016年修订版）》词表词目；官方未提供释义,官方词表只列词形，不列例句,1,全国大学英语四、六级考试大纲（2016年修订版）,https://cet.neea.edu.cn/res/Home/1704/55b02330ac17274664f06d9d3db8249d.pdf,110
pronounce pronunciation,官方词表未提供读音,官方《全国大学英语四、六级考试大纲（2016年修订版）》词表词目；官方未提供释义,官方词表只列词形，不列例句,1,全国大学英语四、六级考试大纲（2016年修订版）,https://cet.neea.edu.cn/res/Home/1704/55b02330ac17274664f06d9d3db8249d.pdf,110
proof,官方词表未提供读音,官方《全国大学英语四、六级考试大纲（2016年修订版）》词表词目；官方未提供释义,官方词表只列词形，不列例句,1,全国大学英语四、六级考试大纲（2016年修订版）,https://cet.neea.edu.cn/res/Home/1704/55b02330ac17274664f06d9d3db8249d.pdf,110
proper,官方词表未提供读音,官方《全国大学英语四、六级考试大纲（2016年修订版）》词表词目；官方未提供释义,官方词表只列词形，不列例句,1,全国大学英语四、六级考试大纲（2016年修订版）,https://cet.neea.edu.cn/res/Home/1704/55b02330ac17274664f06d9d3db8249d.pdf,111
property,官方词表未提供读音,官方《全国大学英语四、六级考试大纲（2016年修订版）》词表词目；官方未提供释义,官方词表只列词形，不列例句,1,全国大学英语四、六级考试大纲（2016年修订版）,https://cet.neea.edu.cn/res/Home/1704/55b02330ac17274664f06d9d3db8249d.pdf,111
proportion proportional,官方词表未提供读音,官方《全国大学英语四、六级考试大纲（2016年修订版）》词表词目；官方未提供释义,官方词表只列词形，不列例句,1,全国大学英语四、六级考试大纲（2016年修订版）,https://cet.neea.edu.cn/res/Home/1704/55b02330ac17274664f06d9d3db8249d.pdf,111
propose proposal proposition,官方词表未提供读音,官方《全国大学英语四、六级考试大纲（2016年修订版）》词表词目；官方未提供释义,官方词表只列词形，不列例句,1,全国大学英语四、六级考试大纲（2016年修订版）,https://cet.neea.edu.cn/res/Home/1704/55b02330ac17274664f06d9d3db8249d.pdf,111
prose,官方词表未提供读音,官方《全国大学英语四、六级考试大纲（2016年修订版）》词表词目；官方未提供释义,官方词表只列词形，不列例句,1,全国大学英语四、六级考试大纲（2016年修订版）,https://cet.neea.edu.cn/res/Home/1704/55b02330ac17274664f06d9d3db8249d.pdf,111
prospect prospective,官方词表未提供读音,官方《全国大学英语四、六级考试大纲（2016年修订版）》词表词目；官方未提供释义,官方词表只列词形，不列例句,1,全国大学英语四、六级考试大纲（2016年修订版）,https://cet.neea.edu.cn/res/Home/1704/55b02330ac17274664f06d9d3db8249d.pdf,111
protect protection protective,官方词表未提供读音,官方《全国大学英语四、六级考试大纲（2016年修订版）》词表词目；官方未提供释义,官方词表只列词形，不列例句,1,全国大学英语四、六级考试大纲（2016年修订版）,https://cet.neea.edu.cn/res/Home/1704/55b02330ac17274664f06d9d3db8249d.pdf,111
protein,官方词表未提供读音,官方《全国大学英语四、六级考试大纲（2016年修订版）》词表词目；官方未提供释义,官方词表只列词形，不列例句,1,全国大学英语四、六级考试大纲（2016年修订版）,https://cet.neea.edu.cn/res/Home/1704/55b02330ac17274664f06d9d3db8249d.pdf,111
protest,官方词表未提供读音,官方《全国大学英语四、六级考试大纲（2016年修订版）》词表词目；官方未提供释义,官方词表只列词形，不列例句,1,全国大学英语四、六级考试大纲（2016年修订版）,https://cet.neea.edu.cn/res/Home/1704/55b02330ac17274664f06d9d3db8249d.pdf,111
prove,官方词表未提供读音,官方《全国大学英语四、六级考试大纲（2016年修订版）》词表词目；官方未提供释义,官方词表只列词形，不列例句,1,全国大学英语四、六级考试大纲（2016年修订版）,https://cet.neea.edu.cn/res/Home/1704/55b02330ac17274664f06d9d3db8249d.pdf,111
proverb proverbial,官方词表未提供读音,官方《全国大学英语四、六级考试大纲（2016年修订版）》词表词目；官方未提供释义,官方词表只列词形，不列例句,1,全国大学英语四、六级考试大纲（2016年修订版）,https://cet.neea.edu.cn/res/Home/1704/55b02330ac17274664f06d9d3db8249d.pdf,111
provide provision,官方词表未提供读音,官方《全国大学英语四、六级考试大纲（2016年修订版）》词表词目；官方未提供释义,官方词表只列词形，不列例句,1,全国大学英语四、六级考试大纲（2016年修订版）,https://cet.neea.edu.cn/res/Home/1704/55b02330ac17274664f06d9d3db8249d.pdf,111
provided,官方词表未提供读音,官方《全国大学英语四、六级考试大纲（2016年修订版）》词表词目；官方未提供释义,官方词表只列词形，不列例句,1,全国大学英语四、六级考试大纲（2016年修订版）,https://cet.neea.edu.cn/res/Home/1704/55b02330ac17274664f06d9d3db8249d.pdf,111
province provincial,官方词表未提供读音,官方《全国大学英语四、六级考试大纲（2016年修订版）》词表词目；官方未提供释义,官方词表只列词形，不列例句,1,全国大学英语四、六级考试大纲（2016年修订版）,https://cet.neea.edu.cn/res/Home/1704/55b02330ac17274664f06d9d3db8249d.pdf,111
provoke provocation provocative,官方词表未提供读音,官方《全国大学英语四、六级考试大纲（2016年修订版）》词表词目；官方未提供释义,官方词表只列词形，不列例句,1,全国大学英语四、六级考试大纲（2016年修订版）,https://cet.neea.edu.cn/res/Home/1704/55b02330ac17274664f06d9d3db8249d.pdf,111
psychology psychological psychologist,官方词表未提供读音,官方《全国大学英语四、六级考试大纲（2016年修订版）》词表词目；官方未提供释义,官方词表只列词形，不列例句,1,全国大学英语四、六级考试大纲（2016年修订版）,https://cet.neea.edu.cn/res/Home/1704/55b02330ac17274664f06d9d3db8249d.pdf,111
pub,官方词表未提供读音,官方《全国大学英语四、六级考试大纲（2016年修订版）》词表词目；官方未提供释义,官方词表只列词形，不列例句,1,全国大学英语四、六级考试大纲（2016年修订版）,https://cet.neea.edu.cn/res/Home/1704/55b02330ac17274664f06d9d3db8249d.pdf,111
public publicize/-ise publicity publicly,官方词表未提供读音,官方《全国大学英语四、六级考试大纲（2016年修订版）》词表词目；官方未提供释义,官方词表只列词形，不列例句,1,全国大学英语四、六级考试大纲（2016年修订版）,https://cet.neea.edu.cn/res/Home/1704/55b02330ac17274664f06d9d3db8249d.pdf,111
publish publication,官方词表未提供读音,官方《全国大学英语四、六级考试大纲（2016年修订版）》词表词目；官方未提供释义,官方词表只列词形，不列例句,1,全国大学英语四、六级考试大纲（2016年修订版）,https://cet.neea.edu.cn/res/Home/1704/55b02330ac17274664f06d9d3db8249d.pdf,111
pull,官方词表未提供读音,官方《全国大学英语四、六级考试大纲（2016年修订版）》词表词目；官方未提供释义,官方词表只列词形，不列例句,1,全国大学英语四、六级考试大纲（2016年修订版）,https://cet.neea.edu.cn/res/Home/1704/55b02330ac17274664f06d9d3db8249d.pdf,111
pulse,官方词表未提供读音,官方《全国大学英语四、六级考试大纲（2016年修订版）》词表词目；官方未提供释义,官方词表只列词形，不列例句,1,全国大学英语四、六级考试大纲（2016年修订版）,https://cet.neea.edu.cn/res/Home/1704/55b02330ac17274664f06d9d3db8249d.pdf,111
pump,官方词表未提供读音,官方《全国大学英语四、六级考试大纲（2016年修订版）》词表词目；官方未提供释义,官方词表只列词形，不列例句,1,全国大学英语四、六级考试大纲（2016年修订版）,https://cet.neea.edu.cn/res/Home/1704/55b02330ac17274664f06d9d3db8249d.pdf,111
punch,官方词表未提供读音,官方《全国大学英语四、六级考试大纲（2016年修订版）》词表词目；官方未提供释义,官方词表只列词形，不列例句,1,全国大学英语四、六级考试大纲（2016年修订版）,https://cet.neea.edu.cn/res/Home/1704/55b02330ac17274664f06d9d3db8249d.pdf,111
punctual punctuality,官方词表未提供读音,官方《全国大学英语四、六级考试大纲（2016年修订版）》词表词目；官方未提供释义,官方词表只列词形，不列例句,1,全国大学英语四、六级考试大纲（2016年修订版）,https://cet.neea.edu.cn/res/Home/1704/55b02330ac17274664f06d9d3db8249d.pdf,111
punish punishment,官方词表未提供读音,官方《全国大学英语四、六级考试大纲（2016年修订版）》词表词目；官方未提供释义,官方词表只列词形，不列例句,1,全国大学英语四、六级考试大纲（2016年修订版）,https://cet.neea.edu.cn/res/Home/1704/55b02330ac17274664f06d9d3db8249d.pdf,111
pupil,官方词表未提供读音,官方《全国大学英语四、六级考试大纲（2016年修订版）》词表词目；官方未提供释义,官方词表只列词形，不列例句,1,全国大学英语四、六级考试大纲（2016年修订版）,https://cet.neea.edu.cn/res/Home/1704/55b02330ac17274664f06d9d3db8249d.pdf,111
purchase,官方词表未提供读音,官方《全国大学英语四、六级考试大纲（2016年修订版）》词表词目；官方未提供释义,官方词表只列词形，不列例句,1,全国大学英语四、六级考试大纲（2016年修订版）,https://cet.neea.edu.cn/res/Home/1704/55b02330ac17274664f06d9d3db8249d.pdf,111
pure purity purify,官方词表未提供读音,官方《全国大学英语四、六级考试大纲（2016年修订版）》词表词目；官方未提供释义,官方词表只列词形，不列例句,1,全国大学英语四、六级考试大纲（2016年修订版）,https://cet.neea.edu.cn/res/Home/1704/55b02330ac17274664f06d9d3db8249d.pdf,111
purple,官方词表未提供读音,官方《全国大学英语四、六级考试大纲（2016年修订版）》词表词目；官方未提供释义,官方词表只列词形，不列例句,1,全国大学英语四、六级考试大纲（2016年修订版）,https://cet.neea.edu.cn/res/Home/1704/55b02330ac17274664f06d9d3db8249d.pdf,111
purpose purposeful,官方词表未提供读音,官方《全国大学英语四、六级考试大纲（2016年修订版）》词表词目；官方未提供释义,官方词表只列词形，不列例句,1,全国大学英语四、六级考试大纲（2016年修订版）,https://cet.neea.edu.cn/res/Home/1704/55b02330ac17274664f06d9d3db8249d.pdf,111
purse,官方词表未提供读音,官方《全国大学英语四、六级考试大纲（2016年修订版）》词表词目；官方未提供释义,官方词表只列词形，不列例句,1,全国大学英语四、六级考试大纲（2016年修订版）,https://cet.neea.edu.cn/res/Home/1704/55b02330ac17274664f06d9d3db8249d.pdf,111
pursue pursuit,官方词表未提供读音,官方《全国大学英语四、六级考试大纲（2016年修订版）》词表词目；官方未提供释义,官方词表只列词形，不列例句,1,全国大学英语四、六级考试大纲（2016年修订版）,https://cet.neea.edu.cn/res/Home/1704/55b02330ac17274664f06d9d3db8249d.pdf,112
push pushy,官方词表未提供读音,官方《全国大学英语四、六级考试大纲（2016年修订版）》词表词目；官方未提供释义,官方词表只列词形，不列例句,1,全国大学英语四、六级考试大纲（2016年修订版）,https://cet.neea.edu.cn/res/Home/1704/55b02330ac17274664f06d9d3db8249d.pdf,112
put,官方词表未提供读音,官方《全国大学英语四、六级考试大纲（2016年修订版）》词表词目；官方未提供释义,官方词表只列词形，不列例句,1,全国大学英语四、六级考试大纲（2016年修订版）,https://cet.neea.edu.cn/res/Home/1704/55b02330ac17274664f06d9d3db8249d.pdf,112
puzzle puzzlement,官方词表未提供读音,官方《全国大学英语四、六级考试大纲（2016年修订版）》词表词目；官方未提供释义,官方词表只列词形，不列例句,1,全国大学英语四、六级考试大纲（2016年修订版）,https://cet.neea.edu.cn/res/Home/1704/55b02330ac17274664f06d9d3db8249d.pdf,112
quake,官方词表未提供读音,官方《全国大学英语四、六级考试大纲（2016年修订版）》词表词目；官方未提供释义,官方词表只列词形，不列例句,1,全国大学英语四、六级考试大纲（2016年修订版）,https://cet.neea.edu.cn/res/Home/1704/55b02330ac17274664f06d9d3db8249d.pdf,112
qualify qualification,官方词表未提供读音,官方《全国大学英语四、六级考试大纲（2016年修订版）》词表词目；官方未提供释义,官方词表只列词形，不列例句,1,全国大学英语四、六级考试大纲（2016年修订版）,https://cet.neea.edu.cn/res/Home/1704/55b02330ac17274664f06d9d3db8249d.pdf,112
quality qualitative,官方词表未提供读音,官方《全国大学英语四、六级考试大纲（2016年修订版）》词表词目；官方未提供释义,官方词表只列词形，不列例句,1,全国大学英语四、六级考试大纲（2016年修订版）,https://cet.neea.edu.cn/res/Home/1704/55b02330ac17274664f06d9d3db8249d.pdf,112
quantify quantification,官方词表未提供读音,官方《全国大学英语四、六级考试大纲（2016年修订版）》词表词目；官方未提供释义,官方词表只列词形，不列例句,1,全国大学英语四、六级考试大纲（2016年修订版）,https://cet.neea.edu.cn/res/Home/1704/55b02330ac17274664f06d9d3db8249d.pdf,112
quantity quantitative,官方词表未提供读音,官方《全国大学英语四、六级考试大纲（2016年修订版）》词表词目；官方未提供释义,官方词表只列词形，不列例句,1,全国大学英语四、六级考试大纲（2016年修订版）,https://cet.neea.edu.cn/res/Home/1704/55b02330ac17274664f06d9d3db8249d.pdf,112
quarrel quarrelsome,官方词表未提供读音,官方《全国大学英语四、六级考试大纲（2016年修订版）》词表词目；官方未提供释义,官方词表只列词形，不列例句,1,全国大学英语四、六级考试大纲（2016年修订版）,https://cet.neea.edu.cn/res/Home/1704/55b02330ac17274664f06d9d3db8249d.pdf,112
quarter quarterly,官方词表未提供读音,官方《全国大学英语四、六级考试大纲（2016年修订版）》词表词目；官方未提供释义,官方词表只列词形，不列例句,1,全国大学英语四、六级考试大纲（2016年修订版）,https://cet.neea.edu.cn/res/Home/1704/55b02330ac17274664f06d9d3db8249d.pdf,112
queen,官方词表未提供读音,官方《全国大学英语四、六级考试大纲（2016年修订版）》词表词目；官方未提供释义,官方词表只列词形，不列例句,1,全国大学英语四、六级考试大纲（2016年修订版）,https://cet.neea.edu.cn/res/Home/1704/55b02330ac17274664f06d9d3db8249d.pdf,112
question questionnaire,官方词表未提供读音,官方《全国大学英语四、六级考试大纲（2016年修订版）》词表词目；官方未提供释义,官方词表只列词形，不列例句,1,全国大学英语四、六级考试大纲（2016年修订版）,https://cet.neea.edu.cn/res/Home/1704/55b02330ac17274664f06d9d3db8249d.pdf,112
queue,官方词表未提供读音,官方《全国大学英语四、六级考试大纲（2016年修订版）》词表词目；官方未提供释义,官方词表只列词形，不列例句,1,全国大学英语四、六级考试大纲（2016年修订版）,https://cet.neea.edu.cn/res/Home/1704/55b02330ac17274664f06d9d3db8249d.pdf,112
quick,官方词表未提供读音,官方《全国大学英语四、六级考试大纲（2016年修订版）》词表词目；官方未提供释义,官方词表只列词形，不列例句,1,全国大学英语四、六级考试大纲（2016年修订版）,https://cet.neea.edu.cn/res/Home/1704/55b02330ac17274664f06d9d3db8249d.pdf,112
quiet,官方词表未提供读音,官方《全国大学英语四、六级考试大纲（2016年修订版）》词表词目；官方未提供释义,官方词表只列词形，不列例句,1,全国大学英语四、六级考试大纲（2016年修订版）,https://cet.neea.edu.cn/res/Home/1704/55b02330ac17274664f06d9d3db8249d.pdf,112
quit,官方词表未提供读音,官方《全国大学英语四、六级考试大纲（2016年修订版）》词表词目；官方未提供释义,官方词表只列词形，不列例句,1,全国大学英语四、六级考试大纲（2016年修订版）,https://cet.neea.edu.cn/res/Home/1704/55b02330ac17274664f06d9d3db8249d.pdf,112
quite,官方词表未提供读音,官方《全国大学英语四、六级考试大纲（2016年修订版）》词表词目；官方未提供释义,官方词表只列词形，不列例句,1,全国大学英语四、六级考试大纲（2016年修订版）,https://cet.neea.edu.cn/res/Home/1704/55b02330ac17274664f06d9d3db8249d.pdf,112
quiz,官方词表未提供读音,官方《全国大学英语四、六级考试大纲（2016年修订版）》词表词目；官方未提供释义,官方词表只列词形，不列例句,1,全国大学英语四、六级考试大纲（2016年修订版）,https://cet.neea.edu.cn/res/Home/1704/55b02330ac17274664f06d9d3db8249d.pdf,112
quota,官方词表未提供读音,官方《全国大学英语四、六级考试大纲（2016年修订版）》词表词目；官方未提供释义,官方词表只列词形，不列例句,1,全国大学英语四、六级考试大纲（2016年修订版）,https://cet.neea.edu.cn/res/Home/1704/55b02330ac17274664f06d9d3db8249d.pdf,112
quote quotation,官方词表未提供读音,官方《全国大学英语四、六级考试大纲（2016年修订版）》词表词目；官方未提供释义,官方词表只列词形，不列例句,1,全国大学英语四、六级考试大纲（2016年修订版）,https://cet.neea.edu.cn/res/Home/1704/55b02330ac17274664f06d9d3db8249d.pdf,112
rabbit,官方词表未提供读音,官方《全国大学英语四、六级考试大纲（2016年修订版）》词表词目；官方未提供释义,官方词表只列词形，不列例句,1,全国大学英语四、六级考试大纲（2016年修订版）,https://cet.neea.edu.cn/res/Home/1704/55b02330ac17274664f06d9d3db8249d.pdf,112
race,官方词表未提供读音,官方《全国大学英语四、六级考试大纲（2016年修订版）》词表词目；官方未提供释义,官方词表只列词形，不列例句,1,全国大学英语四、六级考试大纲（2016年修订版）,https://cet.neea.edu.cn/res/Home/1704/55b02330ac17274664f06d9d3db8249d.pdf,112
racial racism racist,官方词表未提供读音,官方《全国大学英语四、六级考试大纲（2016年修订版）》词表词目；官方未提供释义,官方词表只列词形，不列例句,1,全国大学英语四、六级考试大纲（2016年修订版）,https://cet.neea.edu.cn/res/Home/1704/55b02330ac17274664f06d9d3db8249d.pdf,112
rack,官方词表未提供读音,官方《全国大学英语四、六级考试大纲（2016年修订版）》词表词目；官方未提供释义,官方词表只列词形，不列例句,1,全国大学英语四、六级考试大纲（2016年修订版）,https://cet.neea.edu.cn/res/Home/1704/55b02330ac17274664f06d9d3db8249d.pdf,112
radar,官方词表未提供读音,官方《全国大学英语四、六级考试大纲（2016年修订版）》词表词目；官方未提供释义,官方词表只列词形，不列例句,1,全国大学英语四、六级考试大纲（2016年修订版）,https://cet.neea.edu.cn/res/Home/1704/55b02330ac17274664f06d9d3db8249d.pdf,112
radical,官方词表未提供读音,官方《全国大学英语四、六级考试大纲（2016年修订版）》词表词目；官方未提供释义,官方词表只列词形，不列例句,1,全国大学英语四、六级考试大纲（2016年修订版）,https://cet.neea.edu.cn/res/Home/1704/55b02330ac17274664f06d9d3db8249d.pdf,112
radio,官方词表未提供读音,官方《全国大学英语四、六级考试大纲（2016年修订版）》词表词目；官方未提供释义,官方词表只列词形，不列例句,1,全国大学英语四、六级考试大纲（2016年修订版）,https://cet.neea.edu.cn/res/Home/1704/55b02330ac17274664f06d9d3db8249d.pdf,112
rag ragged raggedly,官方词表未提供读音,官方《全国大学英语四、六级考试大纲（2016年修订版）》词表词目；官方未提供释义,官方词表只列词形，不列例句,1,全国大学英语四、六级考试大纲（2016年修订版）,https://cet.neea.edu.cn/res/Home/1704/55b02330ac17274664f06d9d3db8249d.pdf,112
rage raging,官方词表未提供读音,官方《全国大学英语四、六级考试大纲（2016年修订版）》词表词目；官方未提供释义,官方词表只列词形，不列例句,1,全国大学英语四、六级考试大纲（2016年修订版）,https://cet.neea.edu.cn/res/Home/1704/55b02330ac17274664f06d9d3db8249d.pdf,112
raid,官方词表未提供读音,官方《全国大学英语四、六级考试大纲（2016年修订版）》词表词目；官方未提供释义,官方词表只列词形，不列例句,1,全国大学英语四、六级考试大纲（2016年修订版）,https://cet.neea.edu.cn/res/Home/1704/55b02330ac17274664f06d9d3db8249d.pdf,112
rail,官方词表未提供读音,官方《全国大学英语四、六级考试大纲（2016年修订版）》词表词目；官方未提供释义,官方词表只列词形，不列例句,1,全国大学英语四、六级考试大纲（2016年修订版）,https://cet.neea.edu.cn/res/Home/1704/55b02330ac17274664f06d9d3db8249d.pdf,112
railway/railroad,官方词表未提供读音,官方《全国大学英语四、六级考试大纲（2016年修订版）》词表词目；官方未提供释义,官方词表只列词形，不列例句,1,全国大学英语四、六级考试大纲（2016年修订版）,https://cet.neea.edu.cn/res/Home/1704/55b02330ac17274664f06d9d3db8249d.pdf,112
rain rainy,官方词表未提供读音,官方《全国大学英语四、六级考试大纲（2016年修订版）》词表词目；官方未提供释义,官方词表只列词形，不列例句,1,全国大学英语四、六级考试大纲（2016年修订版）,https://cet.neea.edu.cn/res/Home/1704/55b02330ac17274664f06d9d3db8249d.pdf,112
rainbow,官方词表未提供读音,官方《全国大学英语四、六级考试大纲（2016年修订版）》词表词目；官方未提供释义,官方词表只列词形，不列例句,1,全国大学英语四、六级考试大纲（2016年修订版）,https://cet.neea.edu.cn/res/Home/1704/55b02330ac17274664f06d9d3db8249d.pdf,112
raincoat,官方词表未提供读音,官方《全国大学英语四、六级考试大纲（2016年修订版）》词表词目；官方未提供释义,官方词表只列词形，不列例句,1,全国大学英语四、六级考试大纲（2016年修订版）,https://cet.neea.edu.cn/res/Home/1704/55b02330ac17274664f06d9d3db8249d.pdf,113
raise,官方词表未提供读音,官方《全国大学英语四、六级考试大纲（2016年修订版）》词表词目；官方未提供释义,官方词表只列词形，不列例句,1,全国大学英语四、六级考试大纲（2016年修订版）,https://cet.neea.edu.cn/res/Home/1704/55b02330ac17274664f06d9d3db8249d.pdf,113
rally,官方词表未提供读音,官方《全国大学英语四、六级考试大纲（2016年修订版）》词表词目；官方未提供释义,官方词表只列词形，不列例句,1,全国大学英语四、六级考试大纲（2016年修订版）,https://cet.neea.edu.cn/res/Home/1704/55b02330ac17274664f06d9d3db8249d.pdf,113
range,官方词表未提供读音,官方《全国大学英语四、六级考试大纲（2016年修订版）》词表词目；官方未提供释义,官方词表只列词形，不列例句,1,全国大学英语四、六级考试大纲（2016年修订版）,https://cet.neea.edu.cn/res/Home/1704/55b02330ac17274664f06d9d3db8249d.pdf,113
rank,官方词表未提供读音,官方《全国大学英语四、六级考试大纲（2016年修订版）》词表词目；官方未提供释义,官方词表只列词形，不列例句,1,全国大学英语四、六级考试大纲（2016年修订版）,https://cet.neea.edu.cn/res/Home/1704/55b02330ac17274664f06d9d3db8249d.pdf,113
rapid rapidity,官方词表未提供读音,官方《全国大学英语四、六级考试大纲（2016年修订版）》词表词目；官方未提供释义,官方词表只列词形，不列例句,1,全国大学英语四、六级考试大纲（2016年修订版）,https://cet.neea.edu.cn/res/Home/1704/55b02330ac17274664f06d9d3db8249d.pdf,113
rare rarely rarity,官方词表未提供读音,官方《全国大学英语四、六级考试大纲（2016年修订版）》词表词目；官方未提供释义,官方词表只列词形，不列例句,1,全国大学英语四、六级考试大纲（2016年修订版）,https://cet.neea.edu.cn/res/Home/1704/55b02330ac17274664f06d9d3db8249d.pdf,113
rat,官方词表未提供读音,官方《全国大学英语四、六级考试大纲（2016年修订版）》词表词目；官方未提供释义,官方词表只列词形，不列例句,1,全国大学英语四、六级考试大纲（2016年修订版）,https://cet.neea.edu.cn/res/Home/1704/55b02330ac17274664f06d9d3db8249d.pdf,113
rate rating,官方词表未提供读音,官方《全国大学英语四、六级考试大纲（2016年修订版）》词表词目；官方未提供释义,官方词表只列词形，不列例句,1,全国大学英语四、六级考试大纲（2016年修订版）,https://cet.neea.edu.cn/res/Home/1704/55b02330ac17274664f06d9d3db8249d.pdf,113
rather,官方词表未提供读音,官方《全国大学英语四、六级考试大纲（2016年修订版）》词表词目；官方未提供释义,官方词表只列词形，不列例句,1,全国大学英语四、六级考试大纲（2016年修订版）,https://cet.neea.edu.cn/res/Home/1704/55b02330ac17274664f06d9d3db8249d.pdf,113
ratio,官方词表未提供读音,官方《全国大学英语四、六级考试大纲（2016年修订版）》词表词目；官方未提供释义,官方词表只列词形，不列例句,1,全国大学英语四、六级考试大纲（2016年修订版）,https://cet.neea.edu.cn/res/Home/1704/55b02330ac17274664f06d9d3db8249d.pdf,113
rational,官方词表未提供读音,官方《全国大学英语四、六级考试大纲（2016年修订版）》词表词目；官方未提供释义,官方词表只列词形，不列例句,1,全国大学英语四、六级考试大纲（2016年修订版）,https://cet.neea.edu.cn/res/Home/1704/55b02330ac17274664f06d9d3db8249d.pdf,113
raw,官方词表未提供读音,官方《全国大学英语四、六级考试大纲（2016年修订版）》词表词目；官方未提供释义,官方词表只列词形，不列例句,1,全国大学英语四、六级考试大纲（2016年修订版）,https://cet.neea.edu.cn/res/Home/1704/55b02330ac17274664f06d9d3db8249d.pdf,113
ray,官方词表未提供读音,官方《全国大学英语四、六级考试大纲（2016年修订版）》词表词目；官方未提供释义,官方词表只列词形，不列例句,1,全国大学英语四、六级考试大纲（2016年修订版）,https://cet.neea.edu.cn/res/Home/1704/55b02330ac17274664f06d9d3db8249d.pdf,113
reach,官方词表未提供读音,官方《全国大学英语四、六级考试大纲（2016年修订版）》词表词目；官方未提供释义,官方词表只列词形，不列例句,1,全国大学英语四、六级考试大纲（2016年修订版）,https://cet.neea.edu.cn/res/Home/1704/55b02330ac17274664f06d9d3db8249d.pdf,113
react reaction reactionary,官方词表未提供读音,官方《全国大学英语四、六级考试大纲（2016年修订版）》词表词目；官方未提供释义,官方词表只列词形，不列例句,1,全国大学英语四、六级考试大纲（2016年修订版）,https://cet.neea.edu.cn/res/Home/1704/55b02330ac17274664f06d9d3db8249d.pdf,113
read reading reader,官方词表未提供读音,官方《全国大学英语四、六级考试大纲（2016年修订版）》词表词目；官方未提供释义,官方词表只列词形，不列例句,1,全国大学英语四、六级考试大纲（2016年修订版）,https://cet.neea.edu.cn/res/Home/1704/55b02330ac17274664f06d9d3db8249d.pdf,113
ready readily,官方词表未提供读音,官方《全国大学英语四、六级考试大纲（2016年修订版）》词表词目；官方未提供释义,官方词表只列词形，不列例句,1,全国大学英语四、六级考试大纲（2016年修订版）,https://cet.neea.edu.cn/res/Home/1704/55b02330ac17274664f06d9d3db8249d.pdf,113
real really reality,官方词表未提供读音,官方《全国大学英语四、六级考试大纲（2016年修订版）》词表词目；官方未提供释义,官方词表只列词形，不列例句,1,全国大学英语四、六级考试大纲（2016年修订版）,https://cet.neea.edu.cn/res/Home/1704/55b02330ac17274664f06d9d3db8249d.pdf,113
realistic realism,官方词表未提供读音,官方《全国大学英语四、六级考试大纲（2016年修订版）》词表词目；官方未提供释义,官方词表只列词形，不列例句,1,全国大学英语四、六级考试大纲（2016年修订版）,https://cet.neea.edu.cn/res/Home/1704/55b02330ac17274664f06d9d3db8249d.pdf,113
realize/-ise realization/-sation,官方词表未提供读音,官方《全国大学英语四、六级考试大纲（2016年修订版）》词表词目；官方未提供释义,官方词表只列词形，不列例句,1,全国大学英语四、六级考试大纲（2016年修订版）,https://cet.neea.edu.cn/res/Home/1704/55b02330ac17274664f06d9d3db8249d.pdf,113
realm,官方词表未提供读音,官方《全国大学英语四、六级考试大纲（2016年修订版）》词表词目；官方未提供释义,官方词表只列词形，不列例句,1,全国大学英语四、六级考试大纲（2016年修订版）,https://cet.neea.edu.cn/res/Home/1704/55b02330ac17274664f06d9d3db8249d.pdf,113
reap,官方词表未提供读音,官方《全国大学英语四、六级考试大纲（2016年修订版）》词表词目；官方未提供释义,官方词表只列词形，不列例句,1,全国大学英语四、六级考试大纲（2016年修订版）,https://cet.neea.edu.cn/res/Home/1704/55b02330ac17274664f06d9d3db8249d.pdf,113
rear,官方词表未提供读音,官方《全国大学英语四、六级考试大纲（2016年修订版）》词表词目；官方未提供释义,官方词表只列词形，不列例句,1,全国大学英语四、六级考试大纲（2016年修订版）,https://cet.neea.edu.cn/res/Home/1704/55b02330ac17274664f06d9d3db8249d.pdf,113
reason reasonable,官方词表未提供读音,官方《全国大学英语四、六级考试大纲（2016年修订版）》词表词目；官方未提供释义,官方词表只列词形，不列例句,1,全国大学英语四、六级考试大纲（2016年修订版）,https://cet.neea.edu.cn/res/Home/1704/55b02330ac17274664f06d9d3db8249d.pdf,113
rebel rebellion rebellious,官方词表未提供读音,官方《全国大学英语四、六级考试大纲（2016年修订版）》词表词目；官方未提供释义,官方词表只列词形，不列例句,1,全国大学英语四、六级考试大纲（2016年修订版）,https://cet.neea.edu.cn/res/Home/1704/55b02330ac17274664f06d9d3db8249d.pdf,113
recall,官方词表未提供读音,官方《全国大学英语四、六级考试大纲（2016年修订版）》词表词目；官方未提供释义,官方词表只列词形，不列例句,1,全国大学英语四、六级考试大纲（2016年修订版）,https://cet.neea.edu.cn/res/Home/1704/55b02330ac17274664f06d9d3db8249d.pdf,113
receive receipt recipient receptive receiver,官方词表未提供读音,官方《全国大学英语四、六级考试大纲（2016年修订版）》词表词目；官方未提供释义,官方词表只列词形，不列例句,1,全国大学英语四、六级考试大纲（2016年修订版）,https://cet.neea.edu.cn/res/Home/1704/55b02330ac17274664f06d9d3db8249d.pdf,113
recent recently,官方词表未提供读音,官方《全国大学英语四、六级考试大纲（2016年修订版）》词表词目；官方未提供释义,官方词表只列词形，不列例句,1,全国大学英语四、六级考试大纲（2016年修订版）,https://cet.neea.edu.cn/res/Home/1704/55b02330ac17274664f06d9d3db8249d.pdf,113
reception receptionist,官方词表未提供读音,官方《全国大学英语四、六级考试大纲（2016年修订版）》词表词目；官方未提供释义,官方词表只列词形，不列例句,1,全国大学英语四、六级考试大纲（2016年修订版）,https://cet.neea.edu.cn/res/Home/1704/55b02330ac17274664f06d9d3db8249d.pdf,113
recession,官方词表未提供读音,官方《全国大学英语四、六级考试大纲（2016年修订版）》词表词目；官方未提供释义,官方词表只列词形，不列例句,1,全国大学英语四、六级考试大纲（2016年修订版）,https://cet.neea.edu.cn/res/Home/1704/55b02330ac17274664f06d9d3db8249d.pdf,113
recite recitation,官方词表未提供读音,官方《全国大学英语四、六级考试大纲（2016年修订版）》词表词目；官方未提供释义,官方词表只列词形，不列例句,1,全国大学英语四、六级考试大纲（2016年修订版）,https://cet.neea.edu.cn/res/Home/1704/55b02330ac17274664f06d9d3db8249d.pdf,114
reckon,官方词表未提供读音,官方《全国大学英语四、六级考试大纲（2016年修订版）》词表词目；官方未提供释义,官方词表只列词形，不列例句,1,全国大学英语四、六级考试大纲（2016年修订版）,https://cet.neea.edu.cn/res/Home/1704/55b02330ac17274664f06d9d3db8249d.pdf,114
recognize/-ise recognition,官方词表未提供读音,官方《全国大学英语四、六级考试大纲（2016年修订版）》词表词目；官方未提供释义,官方词表只列词形，不列例句,1,全国大学英语四、六级考试大纲（2016年修订版）,https://cet.neea.edu.cn/res/Home/1704/55b02330ac17274664f06d9d3db8249d.pdf,114
recommend recommendation,官方词表未提供读音,官方《全国大学英语四、六级考试大纲（2016年修订版）》词表词目；官方未提供释义,官方词表只列词形，不列例句,1,全国大学英语四、六级考试大纲（2016年修订版）,https://cet.neea.edu.cn/res/Home/1704/55b02330ac17274664f06d9d3db8249d.pdf,114
record recorder recording,官方词表未提供读音,官方《全国大学英语四、六级考试大纲（2016年修订版）》词表词目；官方未提供释义,官方词表只列词形，不列例句,1,全国大学英语四、六级考试大纲（2016年修订版）,https://cet.neea.edu.cn/res/Home/1704/55b02330ac17274664f06d9d3db8249d.pdf,114
recover recovery,官方词表未提供读音,官方《全国大学英语四、六级考试大纲（2016年修订版）》词表词目；官方未提供释义,官方词表只列词形，不列例句,1,全国大学英语四、六级考试大纲（2016年修订版）,https://cet.neea.edu.cn/res/Home/1704/55b02330ac17274664f06d9d3db8249d.pdf,114
recreation recreational,官方词表未提供读音,官方《全国大学英语四、六级考试大纲（2016年修订版）》词表词目；官方未提供释义,官方词表只列词形，不列例句,1,全国大学英语四、六级考试大纲（2016年修订版）,https://cet.neea.edu.cn/res/Home/1704/55b02330ac17274664f06d9d3db8249d.pdf,114
recruit recruitment,官方词表未提供读音,官方《全国大学英语四、六级考试大纲（2016年修订版）》词表词目；官方未提供释义,官方词表只列词形，不列例句,1,全国大学英语四、六级考试大纲（2016年修订版）,https://cet.neea.edu.cn/res/Home/1704/55b02330ac17274664f06d9d3db8249d.pdf,114
recycle recyclable,官方词表未提供读音,官方《全国大学英语四、六级考试大纲（2016年修订版）》词表词目；官方未提供释义,官方词表只列词形，不列例句,1,全国大学英语四、六级考试大纲（2016年修订版）,https://cet.neea.edu.cn/res/Home/1704/55b02330ac17274664f06d9d3db8249d.pdf,114
red,官方词表未提供读音,官方《全国大学英语四、六级考试大纲（2016年修订版）》词表词目；官方未提供释义,官方词表只列词形，不列例句,1,全国大学英语四、六级考试大纲（2016年修订版）,https://cet.neea.edu.cn/res/Home/1704/55b02330ac17274664f06d9d3db8249d.pdf,114
reduce reduction,官方词表未提供读音,官方《全国大学英语四、六级考试大纲（2016年修订版）》词表词目；官方未提供释义,官方词表只列词形，不列例句,1,全国大学英语四、六级考试大纲（2016年修订版）,https://cet.neea.edu.cn/res/Home/1704/55b02330ac17274664f06d9d3db8249d.pdf,114
refer reference,官方词表未提供读音,官方《全国大学英语四、六级考试大纲（2016年修订版）》词表词目；官方未提供释义,官方词表只列词形，不列例句,1,全国大学英语四、六级考试大纲（2016年修订版）,https://cet.neea.edu.cn/res/Home/1704/55b02330ac17274664f06d9d3db8249d.pdf,114
refine refinery refinement,官方词表未提供读音,官方《全国大学英语四、六级考试大纲（2016年修订版）》词表词目；官方未提供释义,官方词表只列词形，不列例句,1,全国大学英语四、六级考试大纲（2016年修订版）,https://cet.neea.edu.cn/res/Home/1704/55b02330ac17274664f06d9d3db8249d.pdf,114
reflect reflection reflective,官方词表未提供读音,官方《全国大学英语四、六级考试大纲（2016年修订版）》词表词目；官方未提供释义,官方词表只列词形，不列例句,1,全国大学英语四、六级考试大纲（2016年修订版）,https://cet.neea.edu.cn/res/Home/1704/55b02330ac17274664f06d9d3db8249d.pdf,114
reform reformation reformist,官方词表未提供读音,官方《全国大学英语四、六级考试大纲（2016年修订版）》词表词目；官方未提供释义,官方词表只列词形，不列例句,1,全国大学英语四、六级考试大纲（2016年修订版）,https://cet.neea.edu.cn/res/Home/1704/55b02330ac17274664f06d9d3db8249d.pdf,114
refrain,官方词表未提供读音,官方《全国大学英语四、六级考试大纲（2016年修订版）》词表词目；官方未提供释义,官方词表只列词形，不列例句,1,全国大学英语四、六级考试大纲（2016年修订版）,https://cet.neea.edu.cn/res/Home/1704/55b02330ac17274664f06d9d3db8249d.pdf,114
refresh,官方词表未提供读音,官方《全国大学英语四、六级考试大纲（2016年修订版）》词表词目；官方未提供释义,官方词表只列词形，不列例句,1,全国大学英语四、六级考试大纲（2016年修订版）,https://cet.neea.edu.cn/res/Home/1704/55b02330ac17274664f06d9d3db8249d.pdf,114
refreshment,官方词表未提供读音,官方《全国大学英语四、六级考试大纲（2016年修订版）》词表词目；官方未提供释义,官方词表只列词形，不列例句,1,全国大学英语四、六级考试大纲（2016年修订版）,https://cet.neea.edu.cn/res/Home/1704/55b02330ac17274664f06d9d3db8249d.pdf,114
refrigerator/fridge refrigeration,官方词表未提供读音,官方《全国大学英语四、六级考试大纲（2016年修订版）》词表词目；官方未提供释义,官方词表只列词形，不列例句,1,全国大学英语四、六级考试大纲（2016年修订版）,https://cet.neea.edu.cn/res/Home/1704/55b02330ac17274664f06d9d3db8249d.pdf,114
refuse refusal,官方词表未提供读音,官方《全国大学英语四、六级考试大纲（2016年修订版）》词表词目；官方未提供释义,官方词表只列词形，不列例句,1,全国大学英语四、六级考试大纲（2016年修订版）,https://cet.neea.edu.cn/res/Home/1704/55b02330ac17274664f06d9d3db8249d.pdf,114
regard,官方词表未提供读音,官方《全国大学英语四、六级考试大纲（2016年修订版）》词表词目；官方未提供释义,官方词表只列词形，不列例句,1,全国大学英语四、六级考试大纲（2016年修订版）,https://cet.neea.edu.cn/res/Home/1704/55b02330ac17274664f06d9d3db8249d.pdf,114
regarding,官方词表未提供读音,官方《全国大学英语四、六级考试大纲（2016年修订版）》词表词目；官方未提供释义,官方词表只列词形，不列例句,1,全国大学英语四、六级考试大纲（2016年修订版）,https://cet.neea.edu.cn/res/Home/1704/55b02330ac17274664f06d9d3db8249d.pdf,114
regardless,官方词表未提供读音,官方《全国大学英语四、六级考试大纲（2016年修订版）》词表词目；官方未提供释义,官方词表只列词形，不列例句,1,全国大学英语四、六级考试大纲（2016年修订版）,https://cet.neea.edu.cn/res/Home/1704/55b02330ac17274664f06d9d3db8249d.pdf,114
region regional,官方词表未提供读音,官方《全国大学英语四、六级考试大纲（2016年修订版）》词表词目；官方未提供释义,官方词表只列词形，不列例句,1,全国大学英语四、六级考试大纲（2016年修订版）,https://cet.neea.edu.cn/res/Home/1704/55b02330ac17274664f06d9d3db8249d.pdf,114
register registration registrar,官方词表未提供读音,官方《全国大学英语四、六级考试大纲（2016年修订版）》词表词目；官方未提供释义,官方词表只列词形，不列例句,1,全国大学英语四、六级考试大纲（2016年修订版）,https://cet.neea.edu.cn/res/Home/1704/55b02330ac17274664f06d9d3db8249d.pdf,114
regret regrettable regretful,官方词表未提供读音,官方《全国大学英语四、六级考试大纲（2016年修订版）》词表词目；官方未提供释义,官方词表只列词形，不列例句,1,全国大学英语四、六级考试大纲（2016年修订版）,https://cet.neea.edu.cn/res/Home/1704/55b02330ac17274664f06d9d3db8249d.pdf,114
regular regularity,官方词表未提供读音,官方《全国大学英语四、六级考试大纲（2016年修订版）》词表词目；官方未提供释义,官方词表只列词形，不列例句,1,全国大学英语四、六级考试大纲（2016年修订版）,https://cet.neea.edu.cn/res/Home/1704/55b02330ac17274664f06d9d3db8249d.pdf,114
regulate regulation regulatory regulator,官方词表未提供读音,官方《全国大学英语四、六级考试大纲（2016年修订版）》词表词目；官方未提供释义,官方词表只列词形，不列例句,1,全国大学英语四、六级考试大纲（2016年修订版）,https://cet.neea.edu.cn/res/Home/1704/55b02330ac17274664f06d9d3db8249d.pdf,114
reinforce reinforcement,官方词表未提供读音,官方《全国大学英语四、六级考试大纲（2016年修订版）》词表词目；官方未提供释义,官方词表只列词形，不列例句,1,全国大学英语四、六级考试大纲（2016年修订版）,https://cet.neea.edu.cn/res/Home/1704/55b02330ac17274664f06d9d3db8249d.pdf,115
reject rejection,官方词表未提供读音,官方《全国大学英语四、六级考试大纲（2016年修订版）》词表词目；官方未提供释义,官方词表只列词形，不列例句,1,全国大学英语四、六级考试大纲（2016年修订版）,https://cet.neea.edu.cn/res/Home/1704/55b02330ac17274664f06d9d3db8249d.pdf,115
relate relation relationship,官方词表未提供读音,官方《全国大学英语四、六级考试大纲（2016年修订版）》词表词目；官方未提供释义,官方词表只列词形，不列例句,1,全国大学英语四、六级考试大纲（2016年修订版）,https://cet.neea.edu.cn/res/Home/1704/55b02330ac17274664f06d9d3db8249d.pdf,115
relative relativity,官方词表未提供读音,官方《全国大学英语四、六级考试大纲（2016年修订版）》词表词目；官方未提供释义,官方词表只列词形，不列例句,1,全国大学英语四、六级考试大纲（2016年修订版）,https://cet.neea.edu.cn/res/Home/1704/55b02330ac17274664f06d9d3db8249d.pdf,115
relax relaxation,官方词表未提供读音,官方《全国大学英语四、六级考试大纲（2016年修订版）》词表词目；官方未提供释义,官方词表只列词形，不列例句,1,全国大学英语四、六级考试大纲（2016年修订版）,https://cet.neea.edu.cn/res/Home/1704/55b02330ac17274664f06d9d3db8249d.pdf,115
relay,官方词表未提供读音,官方《全国大学英语四、六级考试大纲（2016年修订版）》词表词目；官方未提供释义,官方词表只列词形，不列例句,1,全国大学英语四、六级考试大纲（2016年修订版）,https://cet.neea.edu.cn/res/Home/1704/55b02330ac17274664f06d9d3db8249d.pdf,115
release,官方词表未提供读音,官方《全国大学英语四、六级考试大纲（2016年修订版）》词表词目；官方未提供释义,官方词表只列词形，不列例句,1,全国大学英语四、六级考试大纲（2016年修订版）,https://cet.neea.edu.cn/res/Home/1704/55b02330ac17274664f06d9d3db8249d.pdf,115
relevant relevance,官方词表未提供读音,官方《全国大学英语四、六级考试大纲（2016年修订版）》词表词目；官方未提供释义,官方词表只列词形，不列例句,1,全国大学英语四、六级考试大纲（2016年修订版）,https://cet.neea.edu.cn/res/Home/1704/55b02330ac17274664f06d9d3db8249d.pdf,115
relieve relief,官方词表未提供读音,官方《全国大学英语四、六级考试大纲（2016年修订版）》词表词目；官方未提供释义,官方词表只列词形，不列例句,1,全国大学英语四、六级考试大纲（2016年修订版）,https://cet.neea.edu.cn/res/Home/1704/55b02330ac17274664f06d9d3db8249d.pdf,115
religion religious,官方词表未提供读音,官方《全国大学英语四、六级考试大纲（2016年修订版）》词表词目；官方未提供释义,官方词表只列词形，不列例句,1,全国大学英语四、六级考试大纲（2016年修订版）,https://cet.neea.edu.cn/res/Home/1704/55b02330ac17274664f06d9d3db8249d.pdf,115
reluctant reluctance,官方词表未提供读音,官方《全国大学英语四、六级考试大纲（2016年修订版）》词表词目；官方未提供释义,官方词表只列词形，不列例句,1,全国大学英语四、六级考试大纲（2016年修订版）,https://cet.neea.edu.cn/res/Home/1704/55b02330ac17274664f06d9d3db8249d.pdf,115
rely reliance reliable,官方词表未提供读音,官方《全国大学英语四、六级考试大纲（2016年修订版）》词表词目；官方未提供释义,官方词表只列词形，不列例句,1,全国大学英语四、六级考试大纲（2016年修订版）,https://cet.neea.edu.cn/res/Home/1704/55b02330ac17274664f06d9d3db8249d.pdf,115
remain remainder,官方词表未提供读音,官方《全国大学英语四、六级考试大纲（2016年修订版）》词表词目；官方未提供释义,官方词表只列词形，不列例句,1,全国大学英语四、六级考试大纲（2016年修订版）,https://cet.neea.edu.cn/res/Home/1704/55b02330ac17274664f06d9d3db8249d.pdf,115
remark remarkable,官方词表未提供读音,官方《全国大学英语四、六级考试大纲（2016年修订版）》词表词目；官方未提供释义,官方词表只列词形，不列例句,1,全国大学英语四、六级考试大纲（2016年修订版）,https://cet.neea.edu.cn/res/Home/1704/55b02330ac17274664f06d9d3db8249d.pdf,115
remedy remedial,官方词表未提供读音,官方《全国大学英语四、六级考试大纲（2016年修订版）》词表词目；官方未提供释义,官方词表只列词形，不列例句,1,全国大学英语四、六级考试大纲（2016年修订版）,https://cet.neea.edu.cn/res/Home/1704/55b02330ac17274664f06d9d3db8249d.pdf,115
remember remembrance,官方词表未提供读音,官方《全国大学英语四、六级考试大纲（2016年修订版）》词表词目；官方未提供释义,官方词表只列词形，不列例句,1,全国大学英语四、六级考试大纲（2016年修订版）,https://cet.neea.edu.cn/res/Home/1704/55b02330ac17274664f06d9d3db8249d.pdf,115
remind reminder,官方词表未提供读音,官方《全国大学英语四、六级考试大纲（2016年修订版）》词表词目；官方未提供释义,官方词表只列词形，不列例句,1,全国大学英语四、六级考试大纲（2016年修订版）,https://cet.neea.edu.cn/res/Home/1704/55b02330ac17274664f06d9d3db8249d.pdf,115
remote,官方词表未提供读音,官方《全国大学英语四、六级考试大纲（2016年修订版）》词表词目；官方未提供释义,官方词表只列词形，不列例句,1,全国大学英语四、六级考试大纲（2016年修订版）,https://cet.neea.edu.cn/res/Home/1704/55b02330ac17274664f06d9d3db8249d.pdf,115
remove removal,官方词表未提供读音,官方《全国大学英语四、六级考试大纲（2016年修订版）》词表词目；官方未提供释义,官方词表只列词形，不列例句,1,全国大学英语四、六级考试大纲（2016年修订版）,https://cet.neea.edu.cn/res/Home/1704/55b02330ac17274664f06d9d3db8249d.pdf,115
render rendering,官方词表未提供读音,官方《全国大学英语四、六级考试大纲（2016年修订版）》词表词目；官方未提供释义,官方词表只列词形，不列例句,1,全国大学英语四、六级考试大纲（2016年修订版）,https://cet.neea.edu.cn/res/Home/1704/55b02330ac17274664f06d9d3db8249d.pdf,115
renew renewal renewable,官方词表未提供读音,官方《全国大学英语四、六级考试大纲（2016年修订版）》词表词目；官方未提供释义,官方词表只列词形，不列例句,1,全国大学英语四、六级考试大纲（2016年修订版）,https://cet.neea.edu.cn/res/Home/1704/55b02330ac17274664f06d9d3db8249d.pdf,115
renovate renovation,官方词表未提供读音,官方《全国大学英语四、六级考试大纲（2016年修订版）》词表词目；官方未提供释义,官方词表只列词形，不列例句,1,全国大学英语四、六级考试大纲（2016年修订版）,https://cet.neea.edu.cn/res/Home/1704/55b02330ac17274664f06d9d3db8249d.pdf,115
rent rental,官方词表未提供读音,官方《全国大学英语四、六级考试大纲（2016年修订版）》词表词目；官方未提供释义,官方词表只列词形，不列例句,1,全国大学英语四、六级考试大纲（2016年修订版）,https://cet.neea.edu.cn/res/Home/1704/55b02330ac17274664f06d9d3db8249d.pdf,115
repair reparable,官方词表未提供读音,官方《全国大学英语四、六级考试大纲（2016年修订版）》词表词目；官方未提供释义,官方词表只列词形，不列例句,1,全国大学英语四、六级考试大纲（2016年修订版）,https://cet.neea.edu.cn/res/Home/1704/55b02330ac17274664f06d9d3db8249d.pdf,115
repay repayment,官方词表未提供读音,官方《全国大学英语四、六级考试大纲（2016年修订版）》词表词目；官方未提供释义,官方词表只列词形，不列例句,1,全国大学英语四、六级考试大纲（2016年修订版）,https://cet.neea.edu.cn/res/Home/1704/55b02330ac17274664f06d9d3db8249d.pdf,115
repeat repetition repetitive repeatedly,官方词表未提供读音,官方《全国大学英语四、六级考试大纲（2016年修订版）》词表词目；官方未提供释义,官方词表只列词形，不列例句,1,全国大学英语四、六级考试大纲（2016年修订版）,https://cet.neea.edu.cn/res/Home/1704/55b02330ac17274664f06d9d3db8249d.pdf,115
replace replacement,官方词表未提供读音,官方《全国大学英语四、六级考试大纲（2016年修订版）》词表词目；官方未提供释义,官方词表只列词形，不列例句,1,全国大学英语四、六级考试大纲（2016年修订版）,https://cet.neea.edu.cn/res/Home/1704/55b02330ac17274664f06d9d3db8249d.pdf,115
reply,官方词表未提供读音,官方《全国大学英语四、六级考试大纲（2016年修订版）》词表词目；官方未提供释义,官方词表只列词形，不列例句,1,全国大学英语四、六级考试大纲（2016年修订版）,https://cet.neea.edu.cn/res/Home/1704/55b02330ac17274664f06d9d3db8249d.pdf,115
report reporter,官方词表未提供读音,官方《全国大学英语四、六级考试大纲（2016年修订版）》词表词目；官方未提供释义,官方词表只列词形，不列例句,1,全国大学英语四、六级考试大纲（2016年修订版）,https://cet.neea.edu.cn/res/Home/1704/55b02330ac17274664f06d9d3db8249d.pdf,116
represent representation representative,官方词表未提供读音,官方《全国大学英语四、六级考试大纲（2016年修订版）》词表词目；官方未提供释义,官方词表只列词形，不列例句,1,全国大学英语四、六级考试大纲（2016年修订版）,https://cet.neea.edu.cn/res/Home/1704/55b02330ac17274664f06d9d3db8249d.pdf,116
reproduce reproduction reproductive,官方词表未提供读音,官方《全国大学英语四、六级考试大纲（2016年修订版）》词表词目；官方未提供释义,官方词表只列词形，不列例句,1,全国大学英语四、六级考试大纲（2016年修订版）,https://cet.neea.edu.cn/res/Home/1704/55b02330ac17274664f06d9d3db8249d.pdf,116
republic republican,官方词表未提供读音,官方《全国大学英语四、六级考试大纲（2016年修订版）》词表词目；官方未提供释义,官方词表只列词形，不列例句,1,全国大学英语四、六级考试大纲（2016年修订版）,https://cet.neea.edu.cn/res/Home/1704/55b02330ac17274664f06d9d3db8249d.pdf,116
reputation,官方词表未提供读音,官方《全国大学英语四、六级考试大纲（2016年修订版）》词表词目；官方未提供释义,官方词表只列词形，不列例句,1,全国大学英语四、六级考试大纲（2016年修订版）,https://cet.neea.edu.cn/res/Home/1704/55b02330ac17274664f06d9d3db8249d.pdf,116
request,官方词表未提供读音,官方《全国大学英语四、六级考试大纲（2016年修订版）》词表词目；官方未提供释义,官方词表只列词形，不列例句,1,全国大学英语四、六级考试大纲（2016年修订版）,https://cet.neea.edu.cn/res/Home/1704/55b02330ac17274664f06d9d3db8249d.pdf,116
require requirement,官方词表未提供读音,官方《全国大学英语四、六级考试大纲（2016年修订版）》词表词目；官方未提供释义,官方词表只列词形，不列例句,1,全国大学英语四、六级考试大纲（2016年修订版）,https://cet.neea.edu.cn/res/Home/1704/55b02330ac17274664f06d9d3db8249d.pdf,116
rescue,官方词表未提供读音,官方《全国大学英语四、六级考试大纲（2016年修订版）》词表词目；官方未提供释义,官方词表只列词形，不列例句,1,全国大学英语四、六级考试大纲（2016年修订版）,https://cet.neea.edu.cn/res/Home/1704/55b02330ac17274664f06d9d3db8249d.pdf,116
research researcher,官方词表未提供读音,官方《全国大学英语四、六级考试大纲（2016年修订版）》词表词目；官方未提供释义,官方词表只列词形，不列例句,1,全国大学英语四、六级考试大纲（2016年修订版）,https://cet.neea.edu.cn/res/Home/1704/55b02330ac17274664f06d9d3db8249d.pdf,116
resemble resemblance,官方词表未提供读音,官方《全国大学英语四、六级考试大纲（2016年修订版）》词表词目；官方未提供释义,官方词表只列词形，不列例句,1,全国大学英语四、六级考试大纲（2016年修订版）,https://cet.neea.edu.cn/res/Home/1704/55b02330ac17274664f06d9d3db8249d.pdf,116
resent resentment,官方词表未提供读音,官方《全国大学英语四、六级考试大纲（2016年修订版）》词表词目；官方未提供释义,官方词表只列词形，不列例句,1,全国大学英语四、六级考试大纲（2016年修订版）,https://cet.neea.edu.cn/res/Home/1704/55b02330ac17274664f06d9d3db8249d.pdf,116
reserve reservation reserved,官方词表未提供读音,官方《全国大学英语四、六级考试大纲（2016年修订版）》词表词目；官方未提供释义,官方词表只列词形，不列例句,1,全国大学英语四、六级考试大纲（2016年修订版）,https://cet.neea.edu.cn/res/Home/1704/55b02330ac17274664f06d9d3db8249d.pdf,116
reside residence resident residential,官方词表未提供读音,官方《全国大学英语四、六级考试大纲（2016年修订版）》词表词目；官方未提供释义,官方词表只列词形，不列例句,1,全国大学英语四、六级考试大纲（2016年修订版）,https://cet.neea.edu.cn/res/Home/1704/55b02330ac17274664f06d9d3db8249d.pdf,116
resign resignation,官方词表未提供读音,官方《全国大学英语四、六级考试大纲（2016年修订版）》词表词目；官方未提供释义,官方词表只列词形，不列例句,1,全国大学英语四、六级考试大纲（2016年修订版）,https://cet.neea.edu.cn/res/Home/1704/55b02330ac17274664f06d9d3db8249d.pdf,116
resist resistance resistant,官方词表未提供读音,官方《全国大学英语四、六级考试大纲（2016年修订版）》词表词目；官方未提供释义,官方词表只列词形，不列例句,1,全国大学英语四、六级考试大纲（2016年修订版）,https://cet.neea.edu.cn/res/Home/1704/55b02330ac17274664f06d9d3db8249d.pdf,116
resolve resolution resolute,官方词表未提供读音,官方《全国大学英语四、六级考试大纲（2016年修订版）》词表词目；官方未提供释义,官方词表只列词形，不列例句,1,全国大学英语四、六级考试大纲（2016年修订版）,https://cet.neea.edu.cn/res/Home/1704/55b02330ac17274664f06d9d3db8249d.pdf,116
resort,官方词表未提供读音,官方《全国大学英语四、六级考试大纲（2016年修订版）》词表词目；官方未提供释义,官方词表只列词形，不列例句,1,全国大学英语四、六级考试大纲（2016年修订版）,https://cet.neea.edu.cn/res/Home/1704/55b02330ac17274664f06d9d3db8249d.pdf,116
resource resourceful,官方词表未提供读音,官方《全国大学英语四、六级考试大纲（2016年修订版）》词表词目；官方未提供释义,官方词表只列词形，不列例句,1,全国大学英语四、六级考试大纲（2016年修订版）,https://cet.neea.edu.cn/res/Home/1704/55b02330ac17274664f06d9d3db8249d.pdf,116
respect respectable respectful,官方词表未提供读音,官方《全国大学英语四、六级考试大纲（2016年修订版）》词表词目；官方未提供释义,官方词表只列词形，不列例句,1,全国大学英语四、六级考试大纲（2016年修订版）,https://cet.neea.edu.cn/res/Home/1704/55b02330ac17274664f06d9d3db8249d.pdf,116
respective respectively,官方词表未提供读音,官方《全国大学英语四、六级考试大纲（2016年修订版）》词表词目；官方未提供释义,官方词表只列词形，不列例句,1,全国大学英语四、六级考试大纲（2016年修订版）,https://cet.neea.edu.cn/res/Home/1704/55b02330ac17274664f06d9d3db8249d.pdf,116
respond response responsive respondent,官方词表未提供读音,官方《全国大学英语四、六级考试大纲（2016年修订版）》词表词目；官方未提供释义,官方词表只列词形，不列例句,1,全国大学英语四、六级考试大纲（2016年修订版）,https://cet.neea.edu.cn/res/Home/1704/55b02330ac17274664f06d9d3db8249d.pdf,116
responsible responsibility,官方词表未提供读音,官方《全国大学英语四、六级考试大纲（2016年修订版）》词表词目；官方未提供释义,官方词表只列词形，不列例句,1,全国大学英语四、六级考试大纲（2016年修订版）,https://cet.neea.edu.cn/res/Home/1704/55b02330ac17274664f06d9d3db8249d.pdf,116
rest,官方词表未提供读音,官方《全国大学英语四、六级考试大纲（2016年修订版）》词表词目；官方未提供释义,官方词表只列词形，不列例句,1,全国大学英语四、六级考试大纲（2016年修订版）,https://cet.neea.edu.cn/res/Home/1704/55b02330ac17274664f06d9d3db8249d.pdf,116
restaurant,官方词表未提供读音,官方《全国大学英语四、六级考试大纲（2016年修订版）》词表词目；官方未提供释义,官方词表只列词形，不列例句,1,全国大学英语四、六级考试大纲（2016年修订版）,https://cet.neea.edu.cn/res/Home/1704/55b02330ac17274664f06d9d3db8249d.pdf,116
restore restoration,官方词表未提供读音,官方《全国大学英语四、六级考试大纲（2016年修订版）》词表词目；官方未提供释义,官方词表只列词形，不列例句,1,全国大学英语四、六级考试大纲（2016年修订版）,https://cet.neea.edu.cn/res/Home/1704/55b02330ac17274664f06d9d3db8249d.pdf,116
restrain restraint,官方词表未提供读音,官方《全国大学英语四、六级考试大纲（2016年修订版）》词表词目；官方未提供释义,官方词表只列词形，不列例句,1,全国大学英语四、六级考试大纲（2016年修订版）,https://cet.neea.edu.cn/res/Home/1704/55b02330ac17274664f06d9d3db8249d.pdf,116
restrict restriction restrictive,官方词表未提供读音,官方《全国大学英语四、六级考试大纲（2016年修订版）》词表词目；官方未提供释义,官方词表只列词形，不列例句,1,全国大学英语四、六级考试大纲（2016年修订版）,https://cet.neea.edu.cn/res/Home/1704/55b02330ac17274664f06d9d3db8249d.pdf,116
result resultant,官方词表未提供读音,官方《全国大学英语四、六级考试大纲（2016年修订版）》词表词目；官方未提供释义,官方词表只列词形，不列例句,1,全国大学英语四、六级考试大纲（2016年修订版）,https://cet.neea.edu.cn/res/Home/1704/55b02330ac17274664f06d9d3db8249d.pdf,116
resume resumption,官方词表未提供读音,官方《全国大学英语四、六级考试大纲（2016年修订版）》词表词目；官方未提供释义,官方词表只列词形，不列例句,1,全国大学英语四、六级考试大纲（2016年修订版）,https://cet.neea.edu.cn/res/Home/1704/55b02330ac17274664f06d9d3db8249d.pdf,116
retail retailer,官方词表未提供读音,官方《全国大学英语四、六级考试大纲（2016年修订版）》词表词目；官方未提供释义,官方词表只列词形，不列例句,1,全国大学英语四、六级考试大纲（2016年修订版）,https://cet.neea.edu.cn/res/Home/1704/55b02330ac17274664f06d9d3db8249d.pdf,116
retain retention,官方词表未提供读音,官方《全国大学英语四、六级考试大纲（2016年修订版）》词表词目；官方未提供释义,官方词表只列词形，不列例句,1,全国大学英语四、六级考试大纲（2016年修订版）,https://cet.neea.edu.cn/res/Home/1704/55b02330ac17274664f06d9d3db8249d.pdf,116
retell retelling,官方词表未提供读音,官方《全国大学英语四、六级考试大纲（2016年修订版）》词表词目；官方未提供释义,官方词表只列词形，不列例句,1,全国大学英语四、六级考试大纲（2016年修订版）,https://cet.neea.edu.cn/res/Home/1704/55b02330ac17274664f06d9d3db8249d.pdf,117
retire retirement retired,官方词表未提供读音,官方《全国大学英语四、六级考试大纲（2016年修订版）》词表词目；官方未提供释义,官方词表只列词形，不列例句,1,全国大学英语四、六级考试大纲（2016年修订版）,https://cet.neea.edu.cn/res/Home/1704/55b02330ac17274664f06d9d3db8249d.pdf,117
retreat,官方词表未提供读音,官方《全国大学英语四、六级考试大纲（2016年修订版）》词表词目；官方未提供释义,官方词表只列词形，不列例句,1,全国大学英语四、六级考试大纲（2016年修订版）,https://cet.neea.edu.cn/res/Home/1704/55b02330ac17274664f06d9d3db8249d.pdf,117
return,官方词表未提供读音,官方《全国大学英语四、六级考试大纲（2016年修订版）》词表词目；官方未提供释义,官方词表只列词形，不列例句,1,全国大学英语四、六级考试大纲（2016年修订版）,https://cet.neea.edu.cn/res/Home/1704/55b02330ac17274664f06d9d3db8249d.pdf,117
reunite reunification reunion,官方词表未提供读音,官方《全国大学英语四、六级考试大纲（2016年修订版）》词表词目；官方未提供释义,官方词表只列词形，不列例句,1,全国大学英语四、六级考试大纲（2016年修订版）,https://cet.neea.edu.cn/res/Home/1704/55b02330ac17274664f06d9d3db8249d.pdf,117
reveal revelation,官方词表未提供读音,官方《全国大学英语四、六级考试大纲（2016年修订版）》词表词目；官方未提供释义,官方词表只列词形，不列例句,1,全国大学英语四、六级考试大纲（2016年修订版）,https://cet.neea.edu.cn/res/Home/1704/55b02330ac17274664f06d9d3db8249d.pdf,117
revenue,官方词表未提供读音,官方《全国大学英语四、六级考试大纲（2016年修订版）》词表词目；官方未提供释义,官方词表只列词形，不列例句,1,全国大学英语四、六级考试大纲（2016年修订版）,https://cet.neea.edu.cn/res/Home/1704/55b02330ac17274664f06d9d3db8249d.pdf,117
reverse reversal reversible,官方词表未提供读音,官方《全国大学英语四、六级考试大纲（2016年修订版）》词表词目；官方未提供释义,官方词表只列词形，不列例句,1,全国大学英语四、六级考试大纲（2016年修订版）,https://cet.neea.edu.cn/res/Home/1704/55b02330ac17274664f06d9d3db8249d.pdf,117
review reviewer,官方词表未提供读音,官方《全国大学英语四、六级考试大纲（2016年修订版）》词表词目；官方未提供释义,官方词表只列词形，不列例句,1,全国大学英语四、六级考试大纲（2016年修订版）,https://cet.neea.edu.cn/res/Home/1704/55b02330ac17274664f06d9d3db8249d.pdf,117
revise revision,官方词表未提供读音,官方《全国大学英语四、六级考试大纲（2016年修订版）》词表词目；官方未提供释义,官方词表只列词形，不列例句,1,全国大学英语四、六级考试大纲（2016年修订版）,https://cet.neea.edu.cn/res/Home/1704/55b02330ac17274664f06d9d3db8249d.pdf,117
revolution revolutionary,官方词表未提供读音,官方《全国大学英语四、六级考试大纲（2016年修订版）》词表词目；官方未提供释义,官方词表只列词形，不列例句,1,全国大学英语四、六级考试大纲（2016年修订版）,https://cet.neea.edu.cn/res/Home/1704/55b02330ac17274664f06d9d3db8249d.pdf,117
revolve,官方词表未提供读音,官方《全国大学英语四、六级考试大纲（2016年修订版）》词表词目；官方未提供释义,官方词表只列词形，不列例句,1,全国大学英语四、六级考试大纲（2016年修订版）,https://cet.neea.edu.cn/res/Home/1704/55b02330ac17274664f06d9d3db8249d.pdf,117
reward rewarding,官方词表未提供读音,官方《全国大学英语四、六级考试大纲（2016年修订版）》词表词目；官方未提供释义,官方词表只列词形，不列例句,1,全国大学英语四、六级考试大纲（2016年修订版）,https://cet.neea.edu.cn/res/Home/1704/55b02330ac17274664f06d9d3db8249d.pdf,117
rhythm rhythmic,官方词表未提供读音,官方《全国大学英语四、六级考试大纲（2016年修订版）》词表词目；官方未提供释义,官方词表只列词形，不列例句,1,全国大学英语四、六级考试大纲（2016年修订版）,https://cet.neea.edu.cn/res/Home/1704/55b02330ac17274664f06d9d3db8249d.pdf,117
rib,官方词表未提供读音,官方《全国大学英语四、六级考试大纲（2016年修订版）》词表词目；官方未提供释义,官方词表只列词形，不列例句,1,全国大学英语四、六级考试大纲（2016年修订版）,https://cet.neea.edu.cn/res/Home/1704/55b02330ac17274664f06d9d3db8249d.pdf,117
ribbon,官方词表未提供读音,官方《全国大学英语四、六级考试大纲（2016年修订版）》词表词目；官方未提供释义,官方词表只列词形，不列例句,1,全国大学英语四、六级考试大纲（2016年修订版）,https://cet.neea.edu.cn/res/Home/1704/55b02330ac17274664f06d9d3db8249d.pdf,117
rice,官方词表未提供读音,官方《全国大学英语四、六级考试大纲（2016年修订版）》词表词目；官方未提供释义,官方词表只列词形，不列例句,1,全国大学英语四、六级考试大纲（2016年修订版）,https://cet.neea.edu.cn/res/Home/1704/55b02330ac17274664f06d9d3db8249d.pdf,117
rich,官方词表未提供读音,官方《全国大学英语四、六级考试大纲（2016年修订版）》词表词目；官方未提供释义,官方词表只列词形，不列例句,1,全国大学英语四、六级考试大纲（2016年修订版）,https://cet.neea.edu.cn/res/Home/1704/55b02330ac17274664f06d9d3db8249d.pdf,117
rid,官方词表未提供读音,官方《全国大学英语四、六级考试大纲（2016年修订版）》词表词目；官方未提供释义,官方词表只列词形，不列例句,1,全国大学英语四、六级考试大纲（2016年修订版）,https://cet.neea.edu.cn/res/Home/1704/55b02330ac17274664f06d9d3db8249d.pdf,117
riddle,官方词表未提供读音,官方《全国大学英语四、六级考试大纲（2016年修订版）》词表词目；官方未提供释义,官方词表只列词形，不列例句,1,全国大学英语四、六级考试大纲（2016年修订版）,https://cet.neea.edu.cn/res/Home/1704/55b02330ac17274664f06d9d3db8249d.pdf,117
ride rider,官方词表未提供读音,官方《全国大学英语四、六级考试大纲（2016年修订版）》词表词目；官方未提供释义,官方词表只列词形，不列例句,1,全国大学英语四、六级考试大纲（2016年修订版）,https://cet.neea.edu.cn/res/Home/1704/55b02330ac17274664f06d9d3db8249d.pdf,117
ridicule ridiculous,官方词表未提供读音,官方《全国大学英语四、六级考试大纲（2016年修订版）》词表词目；官方未提供释义,官方词表只列词形，不列例句,1,全国大学英语四、六级考试大纲（2016年修订版）,https://cet.neea.edu.cn/res/Home/1704/55b02330ac17274664f06d9d3db8249d.pdf,117
rifle,官方词表未提供读音,官方《全国大学英语四、六级考试大纲（2016年修订版）》词表词目；官方未提供释义,官方词表只列词形，不列例句,1,全国大学英语四、六级考试大纲（2016年修订版）,https://cet.neea.edu.cn/res/Home/1704/55b02330ac17274664f06d9d3db8249d.pdf,117
right,官方词表未提供读音,官方《全国大学英语四、六级考试大纲（2016年修订版）》词表词目；官方未提供释义,官方词表只列词形，不列例句,1,全国大学英语四、六级考试大纲（2016年修订版）,https://cet.neea.edu.cn/res/Home/1704/55b02330ac17274664f06d9d3db8249d.pdf,117
ring,官方词表未提供读音,官方《全国大学英语四、六级考试大纲（2016年修订版）》词表词目；官方未提供释义,官方词表只列词形，不列例句,1,全国大学英语四、六级考试大纲（2016年修订版）,https://cet.neea.edu.cn/res/Home/1704/55b02330ac17274664f06d9d3db8249d.pdf,117
riot riotous,官方词表未提供读音,官方《全国大学英语四、六级考试大纲（2016年修订版）》词表词目；官方未提供释义,官方词表只列词形，不列例句,1,全国大学英语四、六级考试大纲（2016年修订版）,https://cet.neea.edu.cn/res/Home/1704/55b02330ac17274664f06d9d3db8249d.pdf,117
rip,官方词表未提供读音,官方《全国大学英语四、六级考试大纲（2016年修订版）》词表词目；官方未提供释义,官方词表只列词形，不列例句,1,全国大学英语四、六级考试大纲（2016年修订版）,https://cet.neea.edu.cn/res/Home/1704/55b02330ac17274664f06d9d3db8249d.pdf,117
ripe ripen,官方词表未提供读音,官方《全国大学英语四、六级考试大纲（2016年修订版）》词表词目；官方未提供释义,官方词表只列词形，不列例句,1,全国大学英语四、六级考试大纲（2016年修订版）,https://cet.neea.edu.cn/res/Home/1704/55b02330ac17274664f06d9d3db8249d.pdf,117
rise,官方词表未提供读音,官方《全国大学英语四、六级考试大纲（2016年修订版）》词表词目；官方未提供释义,官方词表只列词形，不列例句,1,全国大学英语四、六级考试大纲（2016年修订版）,https://cet.neea.edu.cn/res/Home/1704/55b02330ac17274664f06d9d3db8249d.pdf,117
risk risky,官方词表未提供读音,官方《全国大学英语四、六级考试大纲（2016年修订版）》词表词目；官方未提供释义,官方词表只列词形，不列例句,1,全国大学英语四、六级考试大纲（2016年修订版）,https://cet.neea.edu.cn/res/Home/1704/55b02330ac17274664f06d9d3db8249d.pdf,117
rival rivalry,官方词表未提供读音,官方《全国大学英语四、六级考试大纲（2016年修订版）》词表词目；官方未提供释义,官方词表只列词形，不列例句,1,全国大学英语四、六级考试大纲（2016年修订版）,https://cet.neea.edu.cn/res/Home/1704/55b02330ac17274664f06d9d3db8249d.pdf,118
river,官方词表未提供读音,官方《全国大学英语四、六级考试大纲（2016年修订版）》词表词目；官方未提供释义,官方词表只列词形，不列例句,1,全国大学英语四、六级考试大纲（2016年修订版）,https://cet.neea.edu.cn/res/Home/1704/55b02330ac17274664f06d9d3db8249d.pdf,118
road,官方词表未提供读音,官方《全国大学英语四、六级考试大纲（2016年修订版）》词表词目；官方未提供释义,官方词表只列词形，不列例句,1,全国大学英语四、六级考试大纲（2016年修订版）,https://cet.neea.edu.cn/res/Home/1704/55b02330ac17274664f06d9d3db8249d.pdf,118
roar,官方词表未提供读音,官方《全国大学英语四、六级考试大纲（2016年修订版）》词表词目；官方未提供释义,官方词表只列词形，不列例句,1,全国大学英语四、六级考试大纲（2016年修订版）,https://cet.neea.edu.cn/res/Home/1704/55b02330ac17274664f06d9d3db8249d.pdf,118
roast,官方词表未提供读音,官方《全国大学英语四、六级考试大纲（2016年修订版）》词表词目；官方未提供释义,官方词表只列词形，不列例句,1,全国大学英语四、六级考试大纲（2016年修订版）,https://cet.neea.edu.cn/res/Home/1704/55b02330ac17274664f06d9d3db8249d.pdf,118
rob robbery,官方词表未提供读音,官方《全国大学英语四、六级考试大纲（2016年修订版）》词表词目；官方未提供释义,官方词表只列词形，不列例句,1,全国大学英语四、六级考试大纲（2016年修订版）,https://cet.neea.edu.cn/res/Home/1704/55b02330ac17274664f06d9d3db8249d.pdf,118
robot robotic,官方词表未提供读音,官方《全国大学英语四、六级考试大纲（2016年修订版）》词表词目；官方未提供释义,官方词表只列词形，不列例句,1,全国大学英语四、六级考试大纲（2016年修订版）,https://cet.neea.edu.cn/res/Home/1704/55b02330ac17274664f06d9d3db8249d.pdf,118
rock rocky,官方词表未提供读音,官方《全国大学英语四、六级考试大纲（2016年修订版）》词表词目；官方未提供释义,官方词表只列词形，不列例句,1,全国大学英语四、六级考试大纲（2016年修订版）,https://cet.neea.edu.cn/res/Home/1704/55b02330ac17274664f06d9d3db8249d.pdf,118
rocket,官方词表未提供读音,官方《全国大学英语四、六级考试大纲（2016年修订版）》词表词目；官方未提供释义,官方词表只列词形，不列例句,1,全国大学英语四、六级考试大纲（2016年修订版）,https://cet.neea.edu.cn/res/Home/1704/55b02330ac17274664f06d9d3db8249d.pdf,118
rod,官方词表未提供读音,官方《全国大学英语四、六级考试大纲（2016年修订版）》词表词目；官方未提供释义,官方词表只列词形，不列例句,1,全国大学英语四、六级考试大纲（2016年修订版）,https://cet.neea.edu.cn/res/Home/1704/55b02330ac17274664f06d9d3db8249d.pdf,118
role,官方词表未提供读音,官方《全国大学英语四、六级考试大纲（2016年修订版）》词表词目；官方未提供释义,官方词表只列词形，不列例句,1,全国大学英语四、六级考试大纲（2016年修订版）,https://cet.neea.edu.cn/res/Home/1704/55b02330ac17274664f06d9d3db8249d.pdf,118
roll roller,官方词表未提供读音,官方《全国大学英语四、六级考试大纲（2016年修订版）》词表词目；官方未提供释义,官方词表只列词形，不列例句,1,全国大学英语四、六级考试大纲（2016年修订版）,https://cet.neea.edu.cn/res/Home/1704/55b02330ac17274664f06d9d3db8249d.pdf,118
romance romantic,官方词表未提供读音,官方《全国大学英语四、六级考试大纲（2016年修订版）》词表词目；官方未提供释义,官方词表只列词形，不列例句,1,全国大学英语四、六级考试大纲（2016年修订版）,https://cet.neea.edu.cn/res/Home/1704/55b02330ac17274664f06d9d3db8249d.pdf,118
roof,官方词表未提供读音,官方《全国大学英语四、六级考试大纲（2016年修订版）》词表词目；官方未提供释义,官方词表只列词形，不列例句,1,全国大学英语四、六级考试大纲（2016年修订版）,https://cet.neea.edu.cn/res/Home/1704/55b02330ac17274664f06d9d3db8249d.pdf,118
room,官方词表未提供读音,官方《全国大学英语四、六级考试大纲（2016年修订版）》词表词目；官方未提供释义,官方词表只列词形，不列例句,1,全国大学英语四、六级考试大纲（2016年修订版）,https://cet.neea.edu.cn/res/Home/1704/55b02330ac17274664f06d9d3db8249d.pdf,118
root,官方词表未提供读音,官方《全国大学英语四、六级考试大纲（2016年修订版）》词表词目；官方未提供释义,官方词表只列词形，不列例句,1,全国大学英语四、六级考试大纲（2016年修订版）,https://cet.neea.edu.cn/res/Home/1704/55b02330ac17274664f06d9d3db8249d.pdf,118
rope,官方词表未提供读音,官方《全国大学英语四、六级考试大纲（2016年修订版）》词表词目；官方未提供释义,官方词表只列词形，不列例句,1,全国大学英语四、六级考试大纲（2016年修订版）,https://cet.neea.edu.cn/res/Home/1704/55b02330ac17274664f06d9d3db8249d.pdf,118
rose rosy,官方词表未提供读音,官方《全国大学英语四、六级考试大纲（2016年修订版）》词表词目；官方未提供释义,官方词表只列词形，不列例句,1,全国大学英语四、六级考试大纲（2016年修订版）,https://cet.neea.edu.cn/res/Home/1704/55b02330ac17274664f06d9d3db8249d.pdf,118
rough roughly,官方词表未提供读音,官方《全国大学英语四、六级考试大纲（2016年修订版）》词表词目；官方未提供释义,官方词表只列词形，不列例句,1,全国大学英语四、六级考试大纲（2016年修订版）,https://cet.neea.edu.cn/res/Home/1704/55b02330ac17274664f06d9d3db8249d.pdf,118
round,官方词表未提供读音,官方《全国大学英语四、六级考试大纲（2016年修订版）》词表词目；官方未提供释义,官方词表只列词形，不列例句,1,全国大学英语四、六级考试大纲（2016年修订版）,https://cet.neea.edu.cn/res/Home/1704/55b02330ac17274664f06d9d3db8249d.pdf,118
rouse,官方词表未提供读音,官方《全国大学英语四、六级考试大纲（2016年修订版）》词表词目；官方未提供释义,官方词表只列词形，不列例句,1,全国大学英语四、六级考试大纲（2016年修订版）,https://cet.neea.edu.cn/res/Home/1704/55b02330ac17274664f06d9d3db8249d.pdf,118
route,官方词表未提供读音,官方《全国大学英语四、六级考试大纲（2016年修订版）》词表词目；官方未提供释义,官方词表只列词形，不列例句,1,全国大学英语四、六级考试大纲（2016年修订版）,https://cet.neea.edu.cn/res/Home/1704/55b02330ac17274664f06d9d3db8249d.pdf,118
routine,官方词表未提供读音,官方《全国大学英语四、六级考试大纲（2016年修订版）》词表词目；官方未提供释义,官方词表只列词形，不列例句,1,全国大学英语四、六级考试大纲（2016年修订版）,https://cet.neea.edu.cn/res/Home/1704/55b02330ac17274664f06d9d3db8249d.pdf,118
row,官方词表未提供读音,官方《全国大学英语四、六级考试大纲（2016年修订版）》词表词目；官方未提供释义,官方词表只列词形，不列例句,1,全国大学英语四、六级考试大纲（2016年修订版）,https://cet.neea.edu.cn/res/Home/1704/55b02330ac17274664f06d9d3db8249d.pdf,118
royal royalty,官方词表未提供读音,官方《全国大学英语四、六级考试大纲（2016年修订版）》词表词目；官方未提供释义,官方词表只列词形，不列例句,1,全国大学英语四、六级考试大纲（2016年修订版）,https://cet.neea.edu.cn/res/Home/1704/55b02330ac17274664f06d9d3db8249d.pdf,118
rub,官方词表未提供读音,官方《全国大学英语四、六级考试大纲（2016年修订版）》词表词目；官方未提供释义,官方词表只列词形，不列例句,1,全国大学英语四、六级考试大纲（2016年修订版）,https://cet.neea.edu.cn/res/Home/1704/55b02330ac17274664f06d9d3db8249d.pdf,118
rubber,官方词表未提供读音,官方《全国大学英语四、六级考试大纲（2016年修订版）》词表词目；官方未提供释义,官方词表只列词形，不列例句,1,全国大学英语四、六级考试大纲（2016年修订版）,https://cet.neea.edu.cn/res/Home/1704/55b02330ac17274664f06d9d3db8249d.pdf,118
rubbish,官方词表未提供读音,官方《全国大学英语四、六级考试大纲（2016年修订版）》词表词目；官方未提供释义,官方词表只列词形，不列例句,1,全国大学英语四、六级考试大纲（2016年修订版）,https://cet.neea.edu.cn/res/Home/1704/55b02330ac17274664f06d9d3db8249d.pdf,118
rude,官方词表未提供读音,官方《全国大学英语四、六级考试大纲（2016年修订版）》词表词目；官方未提供释义,官方词表只列词形，不列例句,1,全国大学英语四、六级考试大纲（2016年修订版）,https://cet.neea.edu.cn/res/Home/1704/55b02330ac17274664f06d9d3db8249d.pdf,118
rug,官方词表未提供读音,官方《全国大学英语四、六级考试大纲（2016年修订版）》词表词目；官方未提供释义,官方词表只列词形，不列例句,1,全国大学英语四、六级考试大纲（2016年修订版）,https://cet.neea.edu.cn/res/Home/1704/55b02330ac17274664f06d9d3db8249d.pdf,118
ruin ruinous,官方词表未提供读音,官方《全国大学英语四、六级考试大纲（2016年修订版）》词表词目；官方未提供释义,官方词表只列词形，不列例句,1,全国大学英语四、六级考试大纲（2016年修订版）,https://cet.neea.edu.cn/res/Home/1704/55b02330ac17274664f06d9d3db8249d.pdf,118
rule ruler ruling,官方词表未提供读音,官方《全国大学英语四、六级考试大纲（2016年修订版）》词表词目；官方未提供释义,官方词表只列词形，不列例句,1,全国大学英语四、六级考试大纲（2016年修订版）,https://cet.neea.edu.cn/res/Home/1704/55b02330ac17274664f06d9d3db8249d.pdf,118
rumo(u)r,官方词表未提供读音,官方《全国大学英语四、六级考试大纲（2016年修订版）》词表词目；官方未提供释义,官方词表只列词形，不列例句,1,全国大学英语四、六级考试大纲（2016年修订版）,https://cet.neea.edu.cn/res/Home/1704/55b02330ac17274664f06d9d3db8249d.pdf,118
run runner running,官方词表未提供读音,官方《全国大学英语四、六级考试大纲（2016年修订版）》词表词目；官方未提供释义,官方词表只列词形，不列例句,1,全国大学英语四、六级考试大纲（2016年修订版）,https://cet.neea.edu.cn/res/Home/1704/55b02330ac17274664f06d9d3db8249d.pdf,118
runway,官方词表未提供读音,官方《全国大学英语四、六级考试大纲（2016年修订版）》词表词目；官方未提供释义,官方词表只列词形，不列例句,1,全国大学英语四、六级考试大纲（2016年修订版）,https://cet.neea.edu.cn/res/Home/1704/55b02330ac17274664f06d9d3db8249d.pdf,118
rural,官方词表未提供读音,官方《全国大学英语四、六级考试大纲（2016年修订版）》词表词目；官方未提供释义,官方词表只列词形，不列例句,1,全国大学英语四、六级考试大纲（2016年修订版）,https://cet.neea.edu.cn/res/Home/1704/55b02330ac17274664f06d9d3db8249d.pdf,118
rush,官方词表未提供读音,官方《全国大学英语四、六级考试大纲（2016年修订版）》词表词目；官方未提供释义,官方词表只列词形，不列例句,1,全国大学英语四、六级考试大纲（2016年修订版）,https://cet.neea.edu.cn/res/Home/1704/55b02330ac17274664f06d9d3db8249d.pdf,118
sack,官方词表未提供读音,官方《全国大学英语四、六级考试大纲（2016年修订版）》词表词目；官方未提供释义,官方词表只列词形，不列例句,1,全国大学英语四、六级考试大纲（2016年修订版）,https://cet.neea.edu.cn/res/Home/1704/55b02330ac17274664f06d9d3db8249d.pdf,119
sacrifice sacrificial,官方词表未提供读音,官方《全国大学英语四、六级考试大纲（2016年修订版）》词表词目；官方未提供释义,官方词表只列词形，不列例句,1,全国大学英语四、六级考试大纲（2016年修订版）,https://cet.neea.edu.cn/res/Home/1704/55b02330ac17274664f06d9d3db8249d.pdf,119
sad sadness sadden,官方词表未提供读音,官方《全国大学英语四、六级考试大纲（2016年修订版）》词表词目；官方未提供释义,官方词表只列词形，不列例句,1,全国大学英语四、六级考试大纲（2016年修订版）,https://cet.neea.edu.cn/res/Home/1704/55b02330ac17274664f06d9d3db8249d.pdf,119
safe safety,官方词表未提供读音,官方《全国大学英语四、六级考试大纲（2016年修订版）》词表词目；官方未提供释义,官方词表只列词形，不列例句,1,全国大学英语四、六级考试大纲（2016年修订版）,https://cet.neea.edu.cn/res/Home/1704/55b02330ac17274664f06d9d3db8249d.pdf,119
sail sailing sailor,官方词表未提供读音,官方《全国大学英语四、六级考试大纲（2016年修订版）》词表词目；官方未提供释义,官方词表只列词形，不列例句,1,全国大学英语四、六级考试大纲（2016年修订版）,https://cet.neea.edu.cn/res/Home/1704/55b02330ac17274664f06d9d3db8249d.pdf,119
saint,官方词表未提供读音,官方《全国大学英语四、六级考试大纲（2016年修订版）》词表词目；官方未提供释义,官方词表只列词形，不列例句,1,全国大学英语四、六级考试大纲（2016年修订版）,https://cet.neea.edu.cn/res/Home/1704/55b02330ac17274664f06d9d3db8249d.pdf,119
sake,官方词表未提供读音,官方《全国大学英语四、六级考试大纲（2016年修订版）》词表词目；官方未提供释义,官方词表只列词形，不列例句,1,全国大学英语四、六级考试大纲（2016年修订版）,https://cet.neea.edu.cn/res/Home/1704/55b02330ac17274664f06d9d3db8249d.pdf,119
salad,官方词表未提供读音,官方《全国大学英语四、六级考试大纲（2016年修订版）》词表词目；官方未提供释义,官方词表只列词形，不列例句,1,全国大学英语四、六级考试大纲（2016年修订版）,https://cet.neea.edu.cn/res/Home/1704/55b02330ac17274664f06d9d3db8249d.pdf,119
salary,官方词表未提供读音,官方《全国大学英语四、六级考试大纲（2016年修订版）》词表词目；官方未提供释义,官方词表只列词形，不列例句,1,全国大学英语四、六级考试大纲（2016年修订版）,https://cet.neea.edu.cn/res/Home/1704/55b02330ac17274664f06d9d3db8249d.pdf,119
sale,官方词表未提供读音,官方《全国大学英语四、六级考试大纲（2016年修订版）》词表词目；官方未提供释义,官方词表只列词形，不列例句,1,全国大学英语四、六级考试大纲（2016年修订版）,https://cet.neea.edu.cn/res/Home/1704/55b02330ac17274664f06d9d3db8249d.pdf,119
salesman,官方词表未提供读音,官方《全国大学英语四、六级考试大纲（2016年修订版）》词表词目；官方未提供释义,官方词表只列词形，不列例句,1,全国大学英语四、六级考试大纲（2016年修订版）,https://cet.neea.edu.cn/res/Home/1704/55b02330ac17274664f06d9d3db8249d.pdf,119
salt salty,官方词表未提供读音,官方《全国大学英语四、六级考试大纲（2016年修订版）》词表词目；官方未提供释义,官方词表只列词形，不列例句,1,全国大学英语四、六级考试大纲（2016年修订版）,https://cet.neea.edu.cn/res/Home/1704/55b02330ac17274664f06d9d3db8249d.pdf,119
same,官方词表未提供读音,官方《全国大学英语四、六级考试大纲（2016年修订版）》词表词目；官方未提供释义,官方词表只列词形，不列例句,1,全国大学英语四、六级考试大纲（2016年修订版）,https://cet.neea.edu.cn/res/Home/1704/55b02330ac17274664f06d9d3db8249d.pdf,119
sample,官方词表未提供读音,官方《全国大学英语四、六级考试大纲（2016年修订版）》词表词目；官方未提供释义,官方词表只列词形，不列例句,1,全国大学英语四、六级考试大纲（2016年修订版）,https://cet.neea.edu.cn/res/Home/1704/55b02330ac17274664f06d9d3db8249d.pdf,119
sand,官方词表未提供读音,官方《全国大学英语四、六级考试大纲（2016年修订版）》词表词目；官方未提供释义,官方词表只列词形，不列例句,1,全国大学英语四、六级考试大纲（2016年修订版）,https://cet.neea.edu.cn/res/Home/1704/55b02330ac17274664f06d9d3db8249d.pdf,119
sandwich,官方词表未提供读音,官方《全国大学英语四、六级考试大纲（2016年修订版）》词表词目；官方未提供释义,官方词表只列词形，不列例句,1,全国大学英语四、六级考试大纲（2016年修订版）,https://cet.neea.edu.cn/res/Home/1704/55b02330ac17274664f06d9d3db8249d.pdf,119
satellite,官方词表未提供读音,官方《全国大学英语四、六级考试大纲（2016年修订版）》词表词目；官方未提供释义,官方词表只列词形，不列例句,1,全国大学英语四、六级考试大纲（2016年修订版）,https://cet.neea.edu.cn/res/Home/1704/55b02330ac17274664f06d9d3db8249d.pdf,119
satisfy satisfaction satisfactory,官方词表未提供读音,官方《全国大学英语四、六级考试大纲（2016年修订版）》词表词目；官方未提供释义,官方词表只列词形，不列例句,1,全国大学英语四、六级考试大纲（2016年修订版）,https://cet.neea.edu.cn/res/Home/1704/55b02330ac17274664f06d9d3db8249d.pdf,119
Saturday,官方词表未提供读音,官方《全国大学英语四、六级考试大纲（2016年修订版）》词表词目；官方未提供释义,官方词表只列词形，不列例句,1,全国大学英语四、六级考试大纲（2016年修订版）,https://cet.neea.edu.cn/res/Home/1704/55b02330ac17274664f06d9d3db8249d.pdf,119
sauce,官方词表未提供读音,官方《全国大学英语四、六级考试大纲（2016年修订版）》词表词目；官方未提供释义,官方词表只列词形，不列例句,1,全国大学英语四、六级考试大纲（2016年修订版）,https://cet.neea.edu.cn/res/Home/1704/55b02330ac17274664f06d9d3db8249d.pdf,119
sausage,官方词表未提供读音,官方《全国大学英语四、六级考试大纲（2016年修订版）》词表词目；官方未提供释义,官方词表只列词形，不列例句,1,全国大学英语四、六级考试大纲（2016年修订版）,https://cet.neea.edu.cn/res/Home/1704/55b02330ac17274664f06d9d3db8249d.pdf,119
save saving,官方词表未提供读音,官方《全国大学英语四、六级考试大纲（2016年修订版）》词表词目；官方未提供释义,官方词表只列词形，不列例句,1,全国大学英语四、六级考试大纲（2016年修订版）,https://cet.neea.edu.cn/res/Home/1704/55b02330ac17274664f06d9d3db8249d.pdf,119
say saying,官方词表未提供读音,官方《全国大学英语四、六级考试大纲（2016年修订版）》词表词目；官方未提供释义,官方词表只列词形，不列例句,1,全国大学英语四、六级考试大纲（2016年修订版）,https://cet.neea.edu.cn/res/Home/1704/55b02330ac17274664f06d9d3db8249d.pdf,119
scale,官方词表未提供读音,官方《全国大学英语四、六级考试大纲（2016年修订版）》词表词目；官方未提供释义,官方词表只列词形，不列例句,1,全国大学英语四、六级考试大纲（2016年修订版）,https://cet.neea.edu.cn/res/Home/1704/55b02330ac17274664f06d9d3db8249d.pdf,119
scan scanner,官方词表未提供读音,官方《全国大学英语四、六级考试大纲（2016年修订版）》词表词目；官方未提供释义,官方词表只列词形，不列例句,1,全国大学英语四、六级考试大纲（2016年修订版）,https://cet.neea.edu.cn/res/Home/1704/55b02330ac17274664f06d9d3db8249d.pdf,119
scandal scandalous,官方词表未提供读音,官方《全国大学英语四、六级考试大纲（2016年修订版）》词表词目；官方未提供释义,官方词表只列词形，不列例句,1,全国大学英语四、六级考试大纲（2016年修订版）,https://cet.neea.edu.cn/res/Home/1704/55b02330ac17274664f06d9d3db8249d.pdf,120
scar,官方词表未提供读音,官方《全国大学英语四、六级考试大纲（2016年修订版）》词表词目；官方未提供释义,官方词表只列词形，不列例句,1,全国大学英语四、六级考试大纲（2016年修订版）,https://cet.neea.edu.cn/res/Home/1704/55b02330ac17274664f06d9d3db8249d.pdf,120
scarce scarcity scarcely,官方词表未提供读音,官方《全国大学英语四、六级考试大纲（2016年修订版）》词表词目；官方未提供释义,官方词表只列词形，不列例句,1,全国大学英语四、六级考试大纲（2016年修订版）,https://cet.neea.edu.cn/res/Home/1704/55b02330ac17274664f06d9d3db8249d.pdf,120
scare scary,官方词表未提供读音,官方《全国大学英语四、六级考试大纲（2016年修订版）》词表词目；官方未提供释义,官方词表只列词形，不列例句,1,全国大学英语四、六级考试大纲（2016年修订版）,https://cet.neea.edu.cn/res/Home/1704/55b02330ac17274664f06d9d3db8249d.pdf,120
scatter,官方词表未提供读音,官方《全国大学英语四、六级考试大纲（2016年修订版）》词表词目；官方未提供释义,官方词表只列词形，不列例句,1,全国大学英语四、六级考试大纲（2016年修订版）,https://cet.neea.edu.cn/res/Home/1704/55b02330ac17274664f06d9d3db8249d.pdf,120
scene scenery scenic,官方词表未提供读音,官方《全国大学英语四、六级考试大纲（2016年修订版）》词表词目；官方未提供释义,官方词表只列词形，不列例句,1,全国大学英语四、六级考试大纲（2016年修订版）,https://cet.neea.edu.cn/res/Home/1704/55b02330ac17274664f06d9d3db8249d.pdf,120
scent,官方词表未提供读音,官方《全国大学英语四、六级考试大纲（2016年修订版）》词表词目；官方未提供释义,官方词表只列词形，不列例句,1,全国大学英语四、六级考试大纲（2016年修订版）,https://cet.neea.edu.cn/res/Home/1704/55b02330ac17274664f06d9d3db8249d.pdf,120
schedule,官方词表未提供读音,官方《全国大学英语四、六级考试大纲（2016年修订版）》词表词目；官方未提供释义,官方词表只列词形，不列例句,1,全国大学英语四、六级考试大纲（2016年修订版）,https://cet.neea.edu.cn/res/Home/1704/55b02330ac17274664f06d9d3db8249d.pdf,120
scheme,官方词表未提供读音,官方《全国大学英语四、六级考试大纲（2016年修订版）》词表词目；官方未提供释义,官方词表只列词形，不列例句,1,全国大学英语四、六级考试大纲（2016年修订版）,https://cet.neea.edu.cn/res/Home/1704/55b02330ac17274664f06d9d3db8249d.pdf,120
scholar scholarly scholarship scholastic,官方词表未提供读音,官方《全国大学英语四、六级考试大纲（2016年修订版）》词表词目；官方未提供释义,官方词表只列词形，不列例句,1,全国大学英语四、六级考试大纲（2016年修订版）,https://cet.neea.edu.cn/res/Home/1704/55b02330ac17274664f06d9d3db8249d.pdf,120
school schooling,官方词表未提供读音,官方《全国大学英语四、六级考试大纲（2016年修订版）》词表词目；官方未提供释义,官方词表只列词形，不列例句,1,全国大学英语四、六级考试大纲（2016年修订版）,https://cet.neea.edu.cn/res/Home/1704/55b02330ac17274664f06d9d3db8249d.pdf,120
science scientific scientist,官方词表未提供读音,官方《全国大学英语四、六级考试大纲（2016年修订版）》词表词目；官方未提供释义,官方词表只列词形，不列例句,1,全国大学英语四、六级考试大纲（2016年修订版）,https://cet.neea.edu.cn/res/Home/1704/55b02330ac17274664f06d9d3db8249d.pdf,120
scissors,官方词表未提供读音,官方《全国大学英语四、六级考试大纲（2016年修订版）》词表词目；官方未提供释义,官方词表只列词形，不列例句,1,全国大学英语四、六级考试大纲（2016年修订版）,https://cet.neea.edu.cn/res/Home/1704/55b02330ac17274664f06d9d3db8249d.pdf,120
scold,官方词表未提供读音,官方《全国大学英语四、六级考试大纲（2016年修订版）》词表词目；官方未提供释义,官方词表只列词形，不列例句,1,全国大学英语四、六级考试大纲（2016年修订版）,https://cet.neea.edu.cn/res/Home/1704/55b02330ac17274664f06d9d3db8249d.pdf,120
scope,官方词表未提供读音,官方《全国大学英语四、六级考试大纲（2016年修订版）》词表词目；官方未提供释义,官方词表只列词形，不列例句,1,全国大学英语四、六级考试大纲（2016年修订版）,https://cet.neea.edu.cn/res/Home/1704/55b02330ac17274664f06d9d3db8249d.pdf,120
score,官方词表未提供读音,官方《全国大学英语四、六级考试大纲（2016年修订版）》词表词目；官方未提供释义,官方词表只列词形，不列例句,1,全国大学英语四、六级考试大纲（2016年修订版）,https://cet.neea.edu.cn/res/Home/1704/55b02330ac17274664f06d9d3db8249d.pdf,120
scout,官方词表未提供读音,官方《全国大学英语四、六级考试大纲（2016年修订版）》词表词目；官方未提供释义,官方词表只列词形，不列例句,1,全国大学英语四、六级考试大纲（2016年修订版）,https://cet.neea.edu.cn/res/Home/1704/55b02330ac17274664f06d9d3db8249d.pdf,120
scratch,官方词表未提供读音,官方《全国大学英语四、六级考试大纲（2016年修订版）》词表词目；官方未提供释义,官方词表只列词形，不列例句,1,全国大学英语四、六级考试大纲（2016年修订版）,https://cet.neea.edu.cn/res/Home/1704/55b02330ac17274664f06d9d3db8249d.pdf,120
scream,官方词表未提供读音,官方《全国大学英语四、六级考试大纲（2016年修订版）》词表词目；官方未提供释义,官方词表只列词形，不列例句,1,全国大学英语四、六级考试大纲（2016年修订版）,https://cet.neea.edu.cn/res/Home/1704/55b02330ac17274664f06d9d3db8249d.pdf,120
screen,官方词表未提供读音,官方《全国大学英语四、六级考试大纲（2016年修订版）》词表词目；官方未提供释义,官方词表只列词形，不列例句,1,全国大学英语四、六级考试大纲（2016年修订版）,https://cet.neea.edu.cn/res/Home/1704/55b02330ac17274664f06d9d3db8249d.pdf,120
screw,官方词表未提供读音,官方《全国大学英语四、六级考试大纲（2016年修订版）》词表词目；官方未提供释义,官方词表只列词形，不列例句,1,全国大学英语四、六级考试大纲（2016年修订版）,https://cet.neea.edu.cn/res/Home/1704/55b02330ac17274664f06d9d3db8249d.pdf,120
script scripture,官方词表未提供读音,官方《全国大学英语四、六级考试大纲（2016年修订版）》词表词目；官方未提供释义,官方词表只列词形，不列例句,1,全国大学英语四、六级考试大纲（2016年修订版）,https://cet.neea.edu.cn/res/Home/1704/55b02330ac17274664f06d9d3db8249d.pdf,120
sea,官方词表未提供读音,官方《全国大学英语四、六级考试大纲（2016年修订版）》词表词目；官方未提供释义,官方词表只列词形，不列例句,1,全国大学英语四、六级考试大纲（2016年修订版）,https://cet.neea.edu.cn/res/Home/1704/55b02330ac17274664f06d9d3db8249d.pdf,120
seal,官方词表未提供读音,官方《全国大学英语四、六级考试大纲（2016年修订版）》词表词目；官方未提供释义,官方词表只列词形，不列例句,1,全国大学英语四、六级考试大纲（2016年修订版）,https://cet.neea.edu.cn/res/Home/1704/55b02330ac17274664f06d9d3db8249d.pdf,120
search,官方词表未提供读音,官方《全国大学英语四、六级考试大纲（2016年修订版）》词表词目；官方未提供释义,官方词表只列词形，不列例句,1,全国大学英语四、六级考试大纲（2016年修订版）,https://cet.neea.edu.cn/res/Home/1704/55b02330ac17274664f06d9d3db8249d.pdf,120
season seasonal,官方词表未提供读音,官方《全国大学英语四、六级考试大纲（2016年修订版）》词表词目；官方未提供释义,官方词表只列词形，不列例句,1,全国大学英语四、六级考试大纲（2016年修订版）,https://cet.neea.edu.cn/res/Home/1704/55b02330ac17274664f06d9d3db8249d.pdf,120
seat,官方词表未提供读音,官方《全国大学英语四、六级考试大纲（2016年修订版）》词表词目；官方未提供释义,官方词表只列词形，不列例句,1,全国大学英语四、六级考试大纲（2016年修订版）,https://cet.neea.edu.cn/res/Home/1704/55b02330ac17274664f06d9d3db8249d.pdf,120
second,官方词表未提供读音,官方《全国大学英语四、六级考试大纲（2016年修订版）》词表词目；官方未提供释义,官方词表只列词形，不列例句,1,全国大学英语四、六级考试大纲（2016年修订版）,https://cet.neea.edu.cn/res/Home/1704/55b02330ac17274664f06d9d3db8249d.pdf,120
secondary,官方词表未提供读音,官方《全国大学英语四、六级考试大纲（2016年修订版）》词表词目；官方未提供释义,官方词表只列词形，不列例句,1,全国大学英语四、六级考试大纲（2016年修订版）,https://cet.neea.edu.cn/res/Home/1704/55b02330ac17274664f06d9d3db8249d.pdf,120
second-hand,官方词表未提供读音,官方《全国大学英语四、六级考试大纲（2016年修订版）》词表词目；官方未提供释义,官方词表只列词形，不列例句,1,全国大学英语四、六级考试大纲（2016年修订版）,https://cet.neea.edu.cn/res/Home/1704/55b02330ac17274664f06d9d3db8249d.pdf,120
secret secrecy secretive,官方词表未提供读音,官方《全国大学英语四、六级考试大纲（2016年修订版）》词表词目；官方未提供释义,官方词表只列词形，不列例句,1,全国大学英语四、六级考试大纲（2016年修订版）,https://cet.neea.edu.cn/res/Home/1704/55b02330ac17274664f06d9d3db8249d.pdf,120
secretary secretarial,官方词表未提供读音,官方《全国大学英语四、六级考试大纲（2016年修订版）》词表词目；官方未提供释义,官方词表只列词形，不列例句,1,全国大学英语四、六级考试大纲（2016年修订版）,https://cet.neea.edu.cn/res/Home/1704/55b02330ac17274664f06d9d3db8249d.pdf,120
section,官方词表未提供读音,官方《全国大学英语四、六级考试大纲（2016年修订版）》词表词目；官方未提供释义,官方词表只列词形，不列例句,1,全国大学英语四、六级考试大纲（2016年修订版）,https://cet.neea.edu.cn/res/Home/1704/55b02330ac17274664f06d9d3db8249d.pdf,120
sector,官方词表未提供读音,官方《全国大学英语四、六级考试大纲（2016年修订版）》词表词目；官方未提供释义,官方词表只列词形，不列例句,1,全国大学英语四、六级考试大纲（2016年修订版）,https://cet.neea.edu.cn/res/Home/1704/55b02330ac17274664f06d9d3db8249d.pdf,121
secure security,官方词表未提供读音,官方《全国大学英语四、六级考试大纲（2016年修订版）》词表词目；官方未提供释义,官方词表只列词形，不列例句,1,全国大学英语四、六级考试大纲（2016年修订版）,https://cet.neea.edu.cn/res/Home/1704/55b02330ac17274664f06d9d3db8249d.pdf,121
see,官方词表未提供读音,官方《全国大学英语四、六级考试大纲（2016年修订版）》词表词目；官方未提供释义,官方词表只列词形，不列例句,1,全国大学英语四、六级考试大纲（2016年修订版）,https://cet.neea.edu.cn/res/Home/1704/55b02330ac17274664f06d9d3db8249d.pdf,121
seed seedling,官方词表未提供读音,官方《全国大学英语四、六级考试大纲（2016年修订版）》词表词目；官方未提供释义,官方词表只列词形，不列例句,1,全国大学英语四、六级考试大纲（2016年修订版）,https://cet.neea.edu.cn/res/Home/1704/55b02330ac17274664f06d9d3db8249d.pdf,121
seek,官方词表未提供读音,官方《全国大学英语四、六级考试大纲（2016年修订版）》词表词目；官方未提供释义,官方词表只列词形，不列例句,1,全国大学英语四、六级考试大纲（2016年修订版）,https://cet.neea.edu.cn/res/Home/1704/55b02330ac17274664f06d9d3db8249d.pdf,121
seem seeming seemingly,官方词表未提供读音,官方《全国大学英语四、六级考试大纲（2016年修订版）》词表词目；官方未提供释义,官方词表只列词形，不列例句,1,全国大学英语四、六级考试大纲（2016年修订版）,https://cet.neea.edu.cn/res/Home/1704/55b02330ac17274664f06d9d3db8249d.pdf,121
segment segmental,官方词表未提供读音,官方《全国大学英语四、六级考试大纲（2016年修订版）》词表词目；官方未提供释义,官方词表只列词形，不列例句,1,全国大学英语四、六级考试大纲（2016年修订版）,https://cet.neea.edu.cn/res/Home/1704/55b02330ac17274664f06d9d3db8249d.pdf,121
seize seizure,官方词表未提供读音,官方《全国大学英语四、六级考试大纲（2016年修订版）》词表词目；官方未提供释义,官方词表只列词形，不列例句,1,全国大学英语四、六级考试大纲（2016年修订版）,https://cet.neea.edu.cn/res/Home/1704/55b02330ac17274664f06d9d3db8249d.pdf,121
seldom,官方词表未提供读音,官方《全国大学英语四、六级考试大纲（2016年修订版）》词表词目；官方未提供释义,官方词表只列词形，不列例句,1,全国大学英语四、六级考试大纲（2016年修订版）,https://cet.neea.edu.cn/res/Home/1704/55b02330ac17274664f06d9d3db8249d.pdf,121
select selection selective,官方词表未提供读音,官方《全国大学英语四、六级考试大纲（2016年修订版）》词表词目；官方未提供释义,官方词表只列词形，不列例句,1,全国大学英语四、六级考试大纲（2016年修订版）,https://cet.neea.edu.cn/res/Home/1704/55b02330ac17274664f06d9d3db8249d.pdf,121
self selfish selfless,官方词表未提供读音,官方《全国大学英语四、六级考试大纲（2016年修订版）》词表词目；官方未提供释义,官方词表只列词形，不列例句,1,全国大学英语四、六级考试大纲（2016年修订版）,https://cet.neea.edu.cn/res/Home/1704/55b02330ac17274664f06d9d3db8249d.pdf,121
sell,官方词表未提供读音,官方《全国大学英语四、六级考试大纲（2016年修订版）》词表词目；官方未提供释义,官方词表只列词形，不列例句,1,全国大学英语四、六级考试大纲（2016年修订版）,https://cet.neea.edu.cn/res/Home/1704/55b02330ac17274664f06d9d3db8249d.pdf,121
semester,官方词表未提供读音,官方《全国大学英语四、六级考试大纲（2016年修订版）》词表词目；官方未提供释义,官方词表只列词形，不列例句,1,全国大学英语四、六级考试大纲（2016年修订版）,https://cet.neea.edu.cn/res/Home/1704/55b02330ac17274664f06d9d3db8249d.pdf,121
seminar,官方词表未提供读音,官方《全国大学英语四、六级考试大纲（2016年修订版）》词表词目；官方未提供释义,官方词表只列词形，不列例句,1,全国大学英语四、六级考试大纲（2016年修订版）,https://cet.neea.edu.cn/res/Home/1704/55b02330ac17274664f06d9d3db8249d.pdf,121
senate senator,官方词表未提供读音,官方《全国大学英语四、六级考试大纲（2016年修订版）》词表词目；官方未提供释义,官方词表只列词形，不列例句,1,全国大学英语四、六级考试大纲（2016年修订版）,https://cet.neea.edu.cn/res/Home/1704/55b02330ac17274664f06d9d3db8249d.pdf,121
send,官方词表未提供读音,官方《全国大学英语四、六级考试大纲（2016年修订版）》词表词目；官方未提供释义,官方词表只列词形，不列例句,1,全国大学英语四、六级考试大纲（2016年修订版）,https://cet.neea.edu.cn/res/Home/1704/55b02330ac17274664f06d9d3db8249d.pdf,121
senior seniority,官方词表未提供读音,官方《全国大学英语四、六级考试大纲（2016年修订版）》词表词目；官方未提供释义,官方词表只列词形，不列例句,1,全国大学英语四、六级考试大纲（2016年修订版）,https://cet.neea.edu.cn/res/Home/1704/55b02330ac17274664f06d9d3db8249d.pdf,121
sense sensible sensor,官方词表未提供读音,官方《全国大学英语四、六级考试大纲（2016年修订版）》词表词目；官方未提供释义,官方词表只列词形，不列例句,1,全国大学英语四、六级考试大纲（2016年修订版）,https://cet.neea.edu.cn/res/Home/1704/55b02330ac17274664f06d9d3db8249d.pdf,121
sensitive sensitivity,官方词表未提供读音,官方《全国大学英语四、六级考试大纲（2016年修订版）》词表词目；官方未提供释义,官方词表只列词形，不列例句,1,全国大学英语四、六级考试大纲（2016年修订版）,https://cet.neea.edu.cn/res/Home/1704/55b02330ac17274664f06d9d3db8249d.pdf,121
sentence,官方词表未提供读音,官方《全国大学英语四、六级考试大纲（2016年修订版）》词表词目；官方未提供释义,官方词表只列词形，不列例句,1,全国大学英语四、六级考试大纲（2016年修订版）,https://cet.neea.edu.cn/res/Home/1704/55b02330ac17274664f06d9d3db8249d.pdf,121
separate separation separatist,官方词表未提供读音,官方《全国大学英语四、六级考试大纲（2016年修订版）》词表词目；官方未提供释义,官方词表只列词形，不列例句,1,全国大学英语四、六级考试大纲（2016年修订版）,https://cet.neea.edu.cn/res/Home/1704/55b02330ac17274664f06d9d3db8249d.pdf,121
September,官方词表未提供读音,官方《全国大学英语四、六级考试大纲（2016年修订版）》词表词目；官方未提供释义,官方词表只列词形，不列例句,1,全国大学英语四、六级考试大纲（2016年修订版）,https://cet.neea.edu.cn/res/Home/1704/55b02330ac17274664f06d9d3db8249d.pdf,121
sequence sequential,官方词表未提供读音,官方《全国大学英语四、六级考试大纲（2016年修订版）》词表词目；官方未提供释义,官方词表只列词形，不列例句,1,全国大学英语四、六级考试大纲（2016年修订版）,https://cet.neea.edu.cn/res/Home/1704/55b02330ac17274664f06d9d3db8249d.pdf,121
series,官方词表未提供读音,官方《全国大学英语四、六级考试大纲（2016年修订版）》词表词目；官方未提供释义,官方词表只列词形，不列例句,1,全国大学英语四、六级考试大纲（2016年修订版）,https://cet.neea.edu.cn/res/Home/1704/55b02330ac17274664f06d9d3db8249d.pdf,121
serious,官方词表未提供读音,官方《全国大学英语四、六级考试大纲（2016年修订版）》词表词目；官方未提供释义,官方词表只列词形，不列例句,1,全国大学英语四、六级考试大纲（2016年修订版）,https://cet.neea.edu.cn/res/Home/1704/55b02330ac17274664f06d9d3db8249d.pdf,121
servant,官方词表未提供读音,官方《全国大学英语四、六级考试大纲（2016年修订版）》词表词目；官方未提供释义,官方词表只列词形，不列例句,1,全国大学英语四、六级考试大纲（2016年修订版）,https://cet.neea.edu.cn/res/Home/1704/55b02330ac17274664f06d9d3db8249d.pdf,121
serve service serving,官方词表未提供读音,官方《全国大学英语四、六级考试大纲（2016年修订版）》词表词目；官方未提供释义,官方词表只列词形，不列例句,1,全国大学英语四、六级考试大纲（2016年修订版）,https://cet.neea.edu.cn/res/Home/1704/55b02330ac17274664f06d9d3db8249d.pdf,121
session,官方词表未提供读音,官方《全国大学英语四、六级考试大纲（2016年修订版）》词表词目；官方未提供释义,官方词表只列词形，不列例句,1,全国大学英语四、六级考试大纲（2016年修订版）,https://cet.neea.edu.cn/res/Home/1704/55b02330ac17274664f06d9d3db8249d.pdf,121
set,官方词表未提供读音,官方《全国大学英语四、六级考试大纲（2016年修订版）》词表词目；官方未提供释义,官方词表只列词形，不列例句,1,全国大学英语四、六级考试大纲（2016年修订版）,https://cet.neea.edu.cn/res/Home/1704/55b02330ac17274664f06d9d3db8249d.pdf,121
setback,官方词表未提供读音,官方《全国大学英语四、六级考试大纲（2016年修订版）》词表词目；官方未提供释义,官方词表只列词形，不列例句,1,全国大学英语四、六级考试大纲（2016年修订版）,https://cet.neea.edu.cn/res/Home/1704/55b02330ac17274664f06d9d3db8249d.pdf,121
setting,官方词表未提供读音,官方《全国大学英语四、六级考试大纲（2016年修订版）》词表词目；官方未提供释义,官方词表只列词形，不列例句,1,全国大学英语四、六级考试大纲（2016年修订版）,https://cet.neea.edu.cn/res/Home/1704/55b02330ac17274664f06d9d3db8249d.pdf,121
settle settlement,官方词表未提供读音,官方《全国大学英语四、六级考试大纲（2016年修订版）》词表词目；官方未提供释义,官方词表只列词形，不列例句,1,全国大学英语四、六级考试大纲（2016年修订版）,https://cet.neea.edu.cn/res/Home/1704/55b02330ac17274664f06d9d3db8249d.pdf,121
seven,官方词表未提供读音,官方《全国大学英语四、六级考试大纲（2016年修订版）》词表词目；官方未提供释义,官方词表只列词形，不列例句,1,全国大学英语四、六级考试大纲（2016年修订版）,https://cet.neea.edu.cn/res/Home/1704/55b02330ac17274664f06d9d3db8249d.pdf,121
seventeen,官方词表未提供读音,官方《全国大学英语四、六级考试大纲（2016年修订版）》词表词目；官方未提供释义,官方词表只列词形，不列例句,1,全国大学英语四、六级考试大纲（2016年修订版）,https://cet.neea.edu.cn/res/Home/1704/55b02330ac17274664f06d9d3db8249d.pdf,121
seventy,官方词表未提供读音,官方《全国大学英语四、六级考试大纲（2016年修订版）》词表词目；官方未提供释义,官方词表只列词形，不列例句,1,全国大学英语四、六级考试大纲（2016年修订版）,https://cet.neea.edu.cn/res/Home/1704/55b02330ac17274664f06d9d3db8249d.pdf,121
several,官方词表未提供读音,官方《全国大学英语四、六级考试大纲（2016年修订版）》词表词目；官方未提供释义,官方词表只列词形，不列例句,1,全国大学英语四、六级考试大纲（2016年修订版）,https://cet.neea.edu.cn/res/Home/1704/55b02330ac17274664f06d9d3db8249d.pdf,122
severe severity,官方词表未提供读音,官方《全国大学英语四、六级考试大纲（2016年修订版）》词表词目；官方未提供释义,官方词表只列词形，不列例句,1,全国大学英语四、六级考试大纲（2016年修订版）,https://cet.neea.edu.cn/res/Home/1704/55b02330ac17274664f06d9d3db8249d.pdf,122
sew,官方词表未提供读音,官方《全国大学英语四、六级考试大纲（2016年修订版）》词表词目；官方未提供释义,官方词表只列词形，不列例句,1,全国大学英语四、六级考试大纲（2016年修订版）,https://cet.neea.edu.cn/res/Home/1704/55b02330ac17274664f06d9d3db8249d.pdf,122
sex sexy sexual,官方词表未提供读音,官方《全国大学英语四、六级考试大纲（2016年修订版）》词表词目；官方未提供释义,官方词表只列词形，不列例句,1,全国大学英语四、六级考试大纲（2016年修订版）,https://cet.neea.edu.cn/res/Home/1704/55b02330ac17274664f06d9d3db8249d.pdf,122
shade shady,官方词表未提供读音,官方《全国大学英语四、六级考试大纲（2016年修订版）》词表词目；官方未提供释义,官方词表只列词形，不列例句,1,全国大学英语四、六级考试大纲（2016年修订版）,https://cet.neea.edu.cn/res/Home/1704/55b02330ac17274664f06d9d3db8249d.pdf,122
shadow,官方词表未提供读音,官方《全国大学英语四、六级考试大纲（2016年修订版）》词表词目；官方未提供释义,官方词表只列词形，不列例句,1,全国大学英语四、六级考试大纲（2016年修订版）,https://cet.neea.edu.cn/res/Home/1704/55b02330ac17274664f06d9d3db8249d.pdf,122
shake shaky,官方词表未提供读音,官方《全国大学英语四、六级考试大纲（2016年修订版）》词表词目；官方未提供释义,官方词表只列词形，不列例句,1,全国大学英语四、六级考试大纲（2016年修订版）,https://cet.neea.edu.cn/res/Home/1704/55b02330ac17274664f06d9d3db8249d.pdf,122
shall,官方词表未提供读音,官方《全国大学英语四、六级考试大纲（2016年修订版）》词表词目；官方未提供释义,官方词表只列词形，不列例句,1,全国大学英语四、六级考试大纲（2016年修订版）,https://cet.neea.edu.cn/res/Home/1704/55b02330ac17274664f06d9d3db8249d.pdf,122
shallow,官方词表未提供读音,官方《全国大学英语四、六级考试大纲（2016年修订版）》词表词目；官方未提供释义,官方词表只列词形，不列例句,1,全国大学英语四、六级考试大纲（2016年修订版）,https://cet.neea.edu.cn/res/Home/1704/55b02330ac17274664f06d9d3db8249d.pdf,122
shame shameful shameless,官方词表未提供读音,官方《全国大学英语四、六级考试大纲（2016年修订版）》词表词目；官方未提供释义,官方词表只列词形，不列例句,1,全国大学英语四、六级考试大纲（2016年修订版）,https://cet.neea.edu.cn/res/Home/1704/55b02330ac17274664f06d9d3db8249d.pdf,122
shape,官方词表未提供读音,官方《全国大学英语四、六级考试大纲（2016年修订版）》词表词目；官方未提供释义,官方词表只列词形，不列例句,1,全国大学英语四、六级考试大纲（2016年修订版）,https://cet.neea.edu.cn/res/Home/1704/55b02330ac17274664f06d9d3db8249d.pdf,122
share,官方词表未提供读音,官方《全国大学英语四、六级考试大纲（2016年修订版）》词表词目；官方未提供释义,官方词表只列词形，不列例句,1,全国大学英语四、六级考试大纲（2016年修订版）,https://cet.neea.edu.cn/res/Home/1704/55b02330ac17274664f06d9d3db8249d.pdf,122
sharp sharpen,官方词表未提供读音,官方《全国大学英语四、六级考试大纲（2016年修订版）》词表词目；官方未提供释义,官方词表只列词形，不列例句,1,全国大学英语四、六级考试大纲（2016年修订版）,https://cet.neea.edu.cn/res/Home/1704/55b02330ac17274664f06d9d3db8249d.pdf,122
shave shaver,官方词表未提供读音,官方《全国大学英语四、六级考试大纲（2016年修订版）》词表词目；官方未提供释义,官方词表只列词形，不列例句,1,全国大学英语四、六级考试大纲（2016年修订版）,https://cet.neea.edu.cn/res/Home/1704/55b02330ac17274664f06d9d3db8249d.pdf,122
she,官方词表未提供读音,官方《全国大学英语四、六级考试大纲（2016年修订版）》词表词目；官方未提供释义,官方词表只列词形，不列例句,1,全国大学英语四、六级考试大纲（2016年修订版）,https://cet.neea.edu.cn/res/Home/1704/55b02330ac17274664f06d9d3db8249d.pdf,122
shed,官方词表未提供读音,官方《全国大学英语四、六级考试大纲（2016年修订版）》词表词目；官方未提供释义,官方词表只列词形，不列例句,1,全国大学英语四、六级考试大纲（2016年修订版）,https://cet.neea.edu.cn/res/Home/1704/55b02330ac17274664f06d9d3db8249d.pdf,122
sheep,官方词表未提供读音,官方《全国大学英语四、六级考试大纲（2016年修订版）》词表词目；官方未提供释义,官方词表只列词形，不列例句,1,全国大学英语四、六级考试大纲（2016年修订版）,https://cet.neea.edu.cn/res/Home/1704/55b02330ac17274664f06d9d3db8249d.pdf,122
sheer,官方词表未提供读音,官方《全国大学英语四、六级考试大纲（2016年修订版）》词表词目；官方未提供释义,官方词表只列词形，不列例句,1,全国大学英语四、六级考试大纲（2016年修订版）,https://cet.neea.edu.cn/res/Home/1704/55b02330ac17274664f06d9d3db8249d.pdf,122
sheet,官方词表未提供读音,官方《全国大学英语四、六级考试大纲（2016年修订版）》词表词目；官方未提供释义,官方词表只列词形，不列例句,1,全国大学英语四、六级考试大纲（2016年修订版）,https://cet.neea.edu.cn/res/Home/1704/55b02330ac17274664f06d9d3db8249d.pdf,122
shelf,官方词表未提供读音,官方《全国大学英语四、六级考试大纲（2016年修订版）》词表词目；官方未提供释义,官方词表只列词形，不列例句,1,全国大学英语四、六级考试大纲（2016年修订版）,https://cet.neea.edu.cn/res/Home/1704/55b02330ac17274664f06d9d3db8249d.pdf,122
shell,官方词表未提供读音,官方《全国大学英语四、六级考试大纲（2016年修订版）》词表词目；官方未提供释义,官方词表只列词形，不列例句,1,全国大学英语四、六级考试大纲（2016年修订版）,https://cet.neea.edu.cn/res/Home/1704/55b02330ac17274664f06d9d3db8249d.pdf,122
shelter,官方词表未提供读音,官方《全国大学英语四、六级考试大纲（2016年修订版）》词表词目；官方未提供释义,官方词表只列词形，不列例句,1,全国大学英语四、六级考试大纲（2016年修订版）,https://cet.neea.edu.cn/res/Home/1704/55b02330ac17274664f06d9d3db8249d.pdf,122
shift,官方词表未提供读音,官方《全国大学英语四、六级考试大纲（2016年修订版）》词表词目；官方未提供释义,官方词表只列词形，不列例句,1,全国大学英语四、六级考试大纲（2016年修订版）,https://cet.neea.edu.cn/res/Home/1704/55b02330ac17274664f06d9d3db8249d.pdf,122
shine shiny,官方词表未提供读音,官方《全国大学英语四、六级考试大纲（2016年修订版）》词表词目；官方未提供释义,官方词表只列词形，不列例句,1,全国大学英语四、六级考试大纲（2016年修订版）,https://cet.neea.edu.cn/res/Home/1704/55b02330ac17274664f06d9d3db8249d.pdf,122
ship shipping shipment,官方词表未提供读音,官方《全国大学英语四、六级考试大纲（2016年修订版）》词表词目；官方未提供释义,官方词表只列词形，不列例句,1,全国大学英语四、六级考试大纲（2016年修订版）,https://cet.neea.edu.cn/res/Home/1704/55b02330ac17274664f06d9d3db8249d.pdf,122
shirt,官方词表未提供读音,官方《全国大学英语四、六级考试大纲（2016年修订版）》词表词目；官方未提供释义,官方词表只列词形，不列例句,1,全国大学英语四、六级考试大纲（2016年修订版）,https://cet.neea.edu.cn/res/Home/1704/55b02330ac17274664f06d9d3db8249d.pdf,122
shit,官方词表未提供读音,官方《全国大学英语四、六级考试大纲（2016年修订版）》词表词目；官方未提供释义,官方词表只列词形，不列例句,1,全国大学英语四、六级考试大纲（2016年修订版）,https://cet.neea.edu.cn/res/Home/1704/55b02330ac17274664f06d9d3db8249d.pdf,122
shiver,官方词表未提供读音,官方《全国大学英语四、六级考试大纲（2016年修订版）》词表词目；官方未提供释义,官方词表只列词形，不列例句,1,全国大学英语四、六级考试大纲（2016年修订版）,https://cet.neea.edu.cn/res/Home/1704/55b02330ac17274664f06d9d3db8249d.pdf,122
shock,官方词表未提供读音,官方《全国大学英语四、六级考试大纲（2016年修订版）》词表词目；官方未提供释义,官方词表只列词形，不列例句,1,全国大学英语四、六级考试大纲（2016年修订版）,https://cet.neea.edu.cn/res/Home/1704/55b02330ac17274664f06d9d3db8249d.pdf,122
shoe,官方词表未提供读音,官方《全国大学英语四、六级考试大纲（2016年修订版）》词表词目；官方未提供释义,官方词表只列词形，不列例句,1,全国大学英语四、六级考试大纲（2016年修订版）,https://cet.neea.edu.cn/res/Home/1704/55b02330ac17274664f06d9d3db8249d.pdf,122
shoot,官方词表未提供读音,官方《全国大学英语四、六级考试大纲（2016年修订版）》词表词目；官方未提供释义,官方词表只列词形，不列例句,1,全国大学英语四、六级考试大纲（2016年修订版）,https://cet.neea.edu.cn/res/Home/1704/55b02330ac17274664f06d9d3db8249d.pdf,122
shop shopping,官方词表未提供读音,官方《全国大学英语四、六级考试大纲（2016年修订版）》词表词目；官方未提供释义,官方词表只列词形，不列例句,1,全国大学英语四、六级考试大纲（2016年修订版）,https://cet.neea.edu.cn/res/Home/1704/55b02330ac17274664f06d9d3db8249d.pdf,122
shore,官方词表未提供读音,官方《全国大学英语四、六级考试大纲（2016年修订版）》词表词目；官方未提供释义,官方词表只列词形，不列例句,1,全国大学英语四、六级考试大纲（2016年修订版）,https://cet.neea.edu.cn/res/Home/1704/55b02330ac17274664f06d9d3db8249d.pdf,122
short shortage shorts,官方词表未提供读音,官方《全国大学英语四、六级考试大纲（2016年修订版）》词表词目；官方未提供释义,官方词表只列词形，不列例句,1,全国大学英语四、六级考试大纲（2016年修订版）,https://cet.neea.edu.cn/res/Home/1704/55b02330ac17274664f06d9d3db8249d.pdf,122
shortcoming,官方词表未提供读音,官方《全国大学英语四、六级考试大纲（2016年修订版）》词表词目；官方未提供释义,官方词表只列词形，不列例句,1,全国大学英语四、六级考试大纲（2016年修订版）,https://cet.neea.edu.cn/res/Home/1704/55b02330ac17274664f06d9d3db8249d.pdf,122
shortly,官方词表未提供读音,官方《全国大学英语四、六级考试大纲（2016年修订版）》词表词目；官方未提供释义,官方词表只列词形，不列例句,1,全国大学英语四、六级考试大纲（2016年修订版）,https://cet.neea.edu.cn/res/Home/1704/55b02330ac17274664f06d9d3db8249d.pdf,123
shot,官方词表未提供读音,官方《全国大学英语四、六级考试大纲（2016年修订版）》词表词目；官方未提供释义,官方词表只列词形，不列例句,1,全国大学英语四、六级考试大纲（2016年修订版）,https://cet.neea.edu.cn/res/Home/1704/55b02330ac17274664f06d9d3db8249d.pdf,123
should,官方词表未提供读音,官方《全国大学英语四、六级考试大纲（2016年修订版）》词表词目；官方未提供释义,官方词表只列词形，不列例句,1,全国大学英语四、六级考试大纲（2016年修订版）,https://cet.neea.edu.cn/res/Home/1704/55b02330ac17274664f06d9d3db8249d.pdf,123
shoulder,官方词表未提供读音,官方《全国大学英语四、六级考试大纲（2016年修订版）》词表词目；官方未提供释义,官方词表只列词形，不列例句,1,全国大学英语四、六级考试大纲（2016年修订版）,https://cet.neea.edu.cn/res/Home/1704/55b02330ac17274664f06d9d3db8249d.pdf,123
shout,官方词表未提供读音,官方《全国大学英语四、六级考试大纲（2016年修订版）》词表词目；官方未提供释义,官方词表只列词形，不列例句,1,全国大学英语四、六级考试大纲（2016年修订版）,https://cet.neea.edu.cn/res/Home/1704/55b02330ac17274664f06d9d3db8249d.pdf,123
show showy,官方词表未提供读音,官方《全国大学英语四、六级考试大纲（2016年修订版）》词表词目；官方未提供释义,官方词表只列词形，不列例句,1,全国大学英语四、六级考试大纲（2016年修订版）,https://cet.neea.edu.cn/res/Home/1704/55b02330ac17274664f06d9d3db8249d.pdf,123
shower,官方词表未提供读音,官方《全国大学英语四、六级考试大纲（2016年修订版）》词表词目；官方未提供释义,官方词表只列词形，不列例句,1,全国大学英语四、六级考试大纲（2016年修订版）,https://cet.neea.edu.cn/res/Home/1704/55b02330ac17274664f06d9d3db8249d.pdf,123
shrimp,官方词表未提供读音,官方《全国大学英语四、六级考试大纲（2016年修订版）》词表词目；官方未提供释义,官方词表只列词形，不列例句,1,全国大学英语四、六级考试大纲（2016年修订版）,https://cet.neea.edu.cn/res/Home/1704/55b02330ac17274664f06d9d3db8249d.pdf,123
shrink,官方词表未提供读音,官方《全国大学英语四、六级考试大纲（2016年修订版）》词表词目；官方未提供释义,官方词表只列词形，不列例句,1,全国大学英语四、六级考试大纲（2016年修订版）,https://cet.neea.edu.cn/res/Home/1704/55b02330ac17274664f06d9d3db8249d.pdf,123
shrug,官方词表未提供读音,官方《全国大学英语四、六级考试大纲（2016年修订版）》词表词目；官方未提供释义,官方词表只列词形，不列例句,1,全国大学英语四、六级考试大纲（2016年修订版）,https://cet.neea.edu.cn/res/Home/1704/55b02330ac17274664f06d9d3db8249d.pdf,123
shut,官方词表未提供读音,官方《全国大学英语四、六级考试大纲（2016年修订版）》词表词目；官方未提供释义,官方词表只列词形，不列例句,1,全国大学英语四、六级考试大纲（2016年修订版）,https://cet.neea.edu.cn/res/Home/1704/55b02330ac17274664f06d9d3db8249d.pdf,123
shuttle,官方词表未提供读音,官方《全国大学英语四、六级考试大纲（2016年修订版）》词表词目；官方未提供释义,官方词表只列词形，不列例句,1,全国大学英语四、六级考试大纲（2016年修订版）,https://cet.neea.edu.cn/res/Home/1704/55b02330ac17274664f06d9d3db8249d.pdf,123
shy shyness shyly,官方词表未提供读音,官方《全国大学英语四、六级考试大纲（2016年修订版）》词表词目；官方未提供释义,官方词表只列词形，不列例句,1,全国大学英语四、六级考试大纲（2016年修订版）,https://cet.neea.edu.cn/res/Home/1704/55b02330ac17274664f06d9d3db8249d.pdf,123
sick sicken,官方词表未提供读音,官方《全国大学英语四、六级考试大纲（2016年修订版）》词表词目；官方未提供释义,官方词表只列词形，不列例句,1,全国大学英语四、六级考试大纲（2016年修订版）,https://cet.neea.edu.cn/res/Home/1704/55b02330ac17274664f06d9d3db8249d.pdf,123
side,官方词表未提供读音,官方《全国大学英语四、六级考试大纲（2016年修订版）》词表词目；官方未提供释义,官方词表只列词形，不列例句,1,全国大学英语四、六级考试大纲（2016年修订版）,https://cet.neea.edu.cn/res/Home/1704/55b02330ac17274664f06d9d3db8249d.pdf,123
sideways,官方词表未提供读音,官方《全国大学英语四、六级考试大纲（2016年修订版）》词表词目；官方未提供释义,官方词表只列词形，不列例句,1,全国大学英语四、六级考试大纲（2016年修订版）,https://cet.neea.edu.cn/res/Home/1704/55b02330ac17274664f06d9d3db8249d.pdf,123
siege,官方词表未提供读音,官方《全国大学英语四、六级考试大纲（2016年修订版）》词表词目；官方未提供释义,官方词表只列词形，不列例句,1,全国大学英语四、六级考试大纲（2016年修订版）,https://cet.neea.edu.cn/res/Home/1704/55b02330ac17274664f06d9d3db8249d.pdf,123
sigh,官方词表未提供读音,官方《全国大学英语四、六级考试大纲（2016年修订版）》词表词目；官方未提供释义,官方词表只列词形，不列例句,1,全国大学英语四、六级考试大纲（2016年修订版）,https://cet.neea.edu.cn/res/Home/1704/55b02330ac17274664f06d9d3db8249d.pdf,123
sight,官方词表未提供读音,官方《全国大学英语四、六级考试大纲（2016年修订版）》词表词目；官方未提供释义,官方词表只列词形，不列例句,1,全国大学英语四、六级考试大纲（2016年修订版）,https://cet.neea.edu.cn/res/Home/1704/55b02330ac17274664f06d9d3db8249d.pdf,123
sightseeing,官方词表未提供读音,官方《全国大学英语四、六级考试大纲（2016年修订版）》词表词目；官方未提供释义,官方词表只列词形，不列例句,1,全国大学英语四、六级考试大纲（2016年修订版）,https://cet.neea.edu.cn/res/Home/1704/55b02330ac17274664f06d9d3db8249d.pdf,123
sign signature,官方词表未提供读音,官方《全国大学英语四、六级考试大纲（2016年修订版）》词表词目；官方未提供释义,官方词表只列词形，不列例句,1,全国大学英语四、六级考试大纲（2016年修订版）,https://cet.neea.edu.cn/res/Home/1704/55b02330ac17274664f06d9d3db8249d.pdf,123
signal,官方词表未提供读音,官方《全国大学英语四、六级考试大纲（2016年修订版）》词表词目；官方未提供释义,官方词表只列词形，不列例句,1,全国大学英语四、六级考试大纲（2016年修订版）,https://cet.neea.edu.cn/res/Home/1704/55b02330ac17274664f06d9d3db8249d.pdf,123
significant significance,官方词表未提供读音,官方《全国大学英语四、六级考试大纲（2016年修订版）》词表词目；官方未提供释义,官方词表只列词形，不列例句,1,全国大学英语四、六级考试大纲（2016年修订版）,https://cet.neea.edu.cn/res/Home/1704/55b02330ac17274664f06d9d3db8249d.pdf,123
silent silence,官方词表未提供读音,官方《全国大学英语四、六级考试大纲（2016年修订版）》词表词目；官方未提供释义,官方词表只列词形，不列例句,1,全国大学英语四、六级考试大纲（2016年修订版）,https://cet.neea.edu.cn/res/Home/1704/55b02330ac17274664f06d9d3db8249d.pdf,123
silicon,官方词表未提供读音,官方《全国大学英语四、六级考试大纲（2016年修订版）》词表词目；官方未提供释义,官方词表只列词形，不列例句,1,全国大学英语四、六级考试大纲（2016年修订版）,https://cet.neea.edu.cn/res/Home/1704/55b02330ac17274664f06d9d3db8249d.pdf,123
silk silky,官方词表未提供读音,官方《全国大学英语四、六级考试大纲（2016年修订版）》词表词目；官方未提供释义,官方词表只列词形，不列例句,1,全国大学英语四、六级考试大纲（2016年修订版）,https://cet.neea.edu.cn/res/Home/1704/55b02330ac17274664f06d9d3db8249d.pdf,123
silver silvery,官方词表未提供读音,官方《全国大学英语四、六级考试大纲（2016年修订版）》词表词目；官方未提供释义,官方词表只列词形，不列例句,1,全国大学英语四、六级考试大纲（2016年修订版）,https://cet.neea.edu.cn/res/Home/1704/55b02330ac17274664f06d9d3db8249d.pdf,123
similar similarity,官方词表未提供读音,官方《全国大学英语四、六级考试大纲（2016年修订版）》词表词目；官方未提供释义,官方词表只列词形，不列例句,1,全国大学英语四、六级考试大纲（2016年修订版）,https://cet.neea.edu.cn/res/Home/1704/55b02330ac17274664f06d9d3db8249d.pdf,123
simple simplicity simplify simply,官方词表未提供读音,官方《全国大学英语四、六级考试大纲（2016年修订版）》词表词目；官方未提供释义,官方词表只列词形，不列例句,1,全国大学英语四、六级考试大纲（2016年修订版）,https://cet.neea.edu.cn/res/Home/1704/55b02330ac17274664f06d9d3db8249d.pdf,123
sin,官方词表未提供读音,官方《全国大学英语四、六级考试大纲（2016年修订版）》词表词目；官方未提供释义,官方词表只列词形，不列例句,1,全国大学英语四、六级考试大纲（2016年修订版）,https://cet.neea.edu.cn/res/Home/1704/55b02330ac17274664f06d9d3db8249d.pdf,123
since,官方词表未提供读音,官方《全国大学英语四、六级考试大纲（2016年修订版）》词表词目；官方未提供释义,官方词表只列词形，不列例句,1,全国大学英语四、六级考试大纲（2016年修订版）,https://cet.neea.edu.cn/res/Home/1704/55b02330ac17274664f06d9d3db8249d.pdf,123
sincere sincerity,官方词表未提供读音,官方《全国大学英语四、六级考试大纲（2016年修订版）》词表词目；官方未提供释义,官方词表只列词形，不列例句,1,全国大学英语四、六级考试大纲（2016年修订版）,https://cet.neea.edu.cn/res/Home/1704/55b02330ac17274664f06d9d3db8249d.pdf,123
sing singer,官方词表未提供读音,官方《全国大学英语四、六级考试大纲（2016年修订版）》词表词目；官方未提供释义,官方词表只列词形，不列例句,1,全国大学英语四、六级考试大纲（2016年修订版）,https://cet.neea.edu.cn/res/Home/1704/55b02330ac17274664f06d9d3db8249d.pdf,123
single,官方词表未提供读音,官方《全国大学英语四、六级考试大纲（2016年修订版）》词表词目；官方未提供释义,官方词表只列词形，不列例句,1,全国大学英语四、六级考试大纲（2016年修订版）,https://cet.neea.edu.cn/res/Home/1704/55b02330ac17274664f06d9d3db8249d.pdf,124
singular singularity,官方词表未提供读音,官方《全国大学英语四、六级考试大纲（2016年修订版）》词表词目；官方未提供释义,官方词表只列词形，不列例句,1,全国大学英语四、六级考试大纲（2016年修订版）,https://cet.neea.edu.cn/res/Home/1704/55b02330ac17274664f06d9d3db8249d.pdf,124
sink,官方词表未提供读音,官方《全国大学英语四、六级考试大纲（2016年修订版）》词表词目；官方未提供释义,官方词表只列词形，不列例句,1,全国大学英语四、六级考试大纲（2016年修订版）,https://cet.neea.edu.cn/res/Home/1704/55b02330ac17274664f06d9d3db8249d.pdf,124
sip,官方词表未提供读音,官方《全国大学英语四、六级考试大纲（2016年修订版）》词表词目；官方未提供释义,官方词表只列词形，不列例句,1,全国大学英语四、六级考试大纲（2016年修订版）,https://cet.neea.edu.cn/res/Home/1704/55b02330ac17274664f06d9d3db8249d.pdf,124
sir,官方词表未提供读音,官方《全国大学英语四、六级考试大纲（2016年修订版）》词表词目；官方未提供释义,官方词表只列词形，不列例句,1,全国大学英语四、六级考试大纲（2016年修订版）,https://cet.neea.edu.cn/res/Home/1704/55b02330ac17274664f06d9d3db8249d.pdf,124
sister,官方词表未提供读音,官方《全国大学英语四、六级考试大纲（2016年修订版）》词表词目；官方未提供释义,官方词表只列词形，不列例句,1,全国大学英语四、六级考试大纲（2016年修订版）,https://cet.neea.edu.cn/res/Home/1704/55b02330ac17274664f06d9d3db8249d.pdf,124
sit sitting,官方词表未提供读音,官方《全国大学英语四、六级考试大纲（2016年修订版）》词表词目；官方未提供释义,官方词表只列词形，不列例句,1,全国大学英语四、六级考试大纲（2016年修订版）,https://cet.neea.edu.cn/res/Home/1704/55b02330ac17274664f06d9d3db8249d.pdf,124
site,官方词表未提供读音,官方《全国大学英语四、六级考试大纲（2016年修订版）》词表词目；官方未提供释义,官方词表只列词形，不列例句,1,全国大学英语四、六级考试大纲（2016年修订版）,https://cet.neea.edu.cn/res/Home/1704/55b02330ac17274664f06d9d3db8249d.pdf,124
situation,官方词表未提供读音,官方《全国大学英语四、六级考试大纲（2016年修订版）》词表词目；官方未提供释义,官方词表只列词形，不列例句,1,全国大学英语四、六级考试大纲（2016年修订版）,https://cet.neea.edu.cn/res/Home/1704/55b02330ac17274664f06d9d3db8249d.pdf,124
situate,官方词表未提供读音,官方《全国大学英语四、六级考试大纲（2016年修订版）》词表词目；官方未提供释义,官方词表只列词形，不列例句,1,全国大学英语四、六级考试大纲（2016年修订版）,https://cet.neea.edu.cn/res/Home/1704/55b02330ac17274664f06d9d3db8249d.pdf,124
six,官方词表未提供读音,官方《全国大学英语四、六级考试大纲（2016年修订版）》词表词目；官方未提供释义,官方词表只列词形，不列例句,1,全国大学英语四、六级考试大纲（2016年修订版）,https://cet.neea.edu.cn/res/Home/1704/55b02330ac17274664f06d9d3db8249d.pdf,124
sixteen,官方词表未提供读音,官方《全国大学英语四、六级考试大纲（2016年修订版）》词表词目；官方未提供释义,官方词表只列词形，不列例句,1,全国大学英语四、六级考试大纲（2016年修订版）,https://cet.neea.edu.cn/res/Home/1704/55b02330ac17274664f06d9d3db8249d.pdf,124
sixty,官方词表未提供读音,官方《全国大学英语四、六级考试大纲（2016年修订版）》词表词目；官方未提供释义,官方词表只列词形，不列例句,1,全国大学英语四、六级考试大纲（2016年修订版）,https://cet.neea.edu.cn/res/Home/1704/55b02330ac17274664f06d9d3db8249d.pdf,124
size sizable,官方词表未提供读音,官方《全国大学英语四、六级考试大纲（2016年修订版）》词表词目；官方未提供释义,官方词表只列词形，不列例句,1,全国大学英语四、六级考试大纲（2016年修订版）,https://cet.neea.edu.cn/res/Home/1704/55b02330ac17274664f06d9d3db8249d.pdf,124
skate skating,官方词表未提供读音,官方《全国大学英语四、六级考试大纲（2016年修订版）》词表词目；官方未提供释义,官方词表只列词形，不列例句,1,全国大学英语四、六级考试大纲（2016年修订版）,https://cet.neea.edu.cn/res/Home/1704/55b02330ac17274664f06d9d3db8249d.pdf,124
skeleton,官方词表未提供读音,官方《全国大学英语四、六级考试大纲（2016年修订版）》词表词目；官方未提供释义,官方词表只列词形，不列例句,1,全国大学英语四、六级考试大纲（2016年修订版）,https://cet.neea.edu.cn/res/Home/1704/55b02330ac17274664f06d9d3db8249d.pdf,124
sketch sketchy,官方词表未提供读音,官方《全国大学英语四、六级考试大纲（2016年修订版）》词表词目；官方未提供释义,官方词表只列词形，不列例句,1,全国大学英语四、六级考试大纲（2016年修订版）,https://cet.neea.edu.cn/res/Home/1704/55b02330ac17274664f06d9d3db8249d.pdf,124
ski skiing,官方词表未提供读音,官方《全国大学英语四、六级考试大纲（2016年修订版）》词表词目；官方未提供释义,官方词表只列词形，不列例句,1,全国大学英语四、六级考试大纲（2016年修订版）,https://cet.neea.edu.cn/res/Home/1704/55b02330ac17274664f06d9d3db8249d.pdf,124
skill skil(l)ful skilled,官方词表未提供读音,官方《全国大学英语四、六级考试大纲（2016年修订版）》词表词目；官方未提供释义,官方词表只列词形，不列例句,1,全国大学英语四、六级考试大纲（2016年修订版）,https://cet.neea.edu.cn/res/Home/1704/55b02330ac17274664f06d9d3db8249d.pdf,124
skin skinny,官方词表未提供读音,官方《全国大学英语四、六级考试大纲（2016年修订版）》词表词目；官方未提供释义,官方词表只列词形，不列例句,1,全国大学英语四、六级考试大纲（2016年修订版）,https://cet.neea.edu.cn/res/Home/1704/55b02330ac17274664f06d9d3db8249d.pdf,124
skip,官方词表未提供读音,官方《全国大学英语四、六级考试大纲（2016年修订版）》词表词目；官方未提供释义,官方词表只列词形，不列例句,1,全国大学英语四、六级考试大纲（2016年修订版）,https://cet.neea.edu.cn/res/Home/1704/55b02330ac17274664f06d9d3db8249d.pdf,124
skirt,官方词表未提供读音,官方《全国大学英语四、六级考试大纲（2016年修订版）》词表词目；官方未提供释义,官方词表只列词形，不列例句,1,全国大学英语四、六级考试大纲（2016年修订版）,https://cet.neea.edu.cn/res/Home/1704/55b02330ac17274664f06d9d3db8249d.pdf,124
sky,官方词表未提供读音,官方《全国大学英语四、六级考试大纲（2016年修订版）》词表词目；官方未提供释义,官方词表只列词形，不列例句,1,全国大学英语四、六级考试大纲（2016年修订版）,https://cet.neea.edu.cn/res/Home/1704/55b02330ac17274664f06d9d3db8249d.pdf,124
skyline,官方词表未提供读音,官方《全国大学英语四、六级考试大纲（2016年修订版）》词表词目；官方未提供释义,官方词表只列词形，不列例句,1,全国大学英语四、六级考试大纲（2016年修订版）,https://cet.neea.edu.cn/res/Home/1704/55b02330ac17274664f06d9d3db8249d.pdf,124
skyscraper,官方词表未提供读音,官方《全国大学英语四、六级考试大纲（2016年修订版）》词表词目；官方未提供释义,官方词表只列词形，不列例句,1,全国大学英语四、六级考试大纲（2016年修订版）,https://cet.neea.edu.cn/res/Home/1704/55b02330ac17274664f06d9d3db8249d.pdf,124
slap,官方词表未提供读音,官方《全国大学英语四、六级考试大纲（2016年修订版）》词表词目；官方未提供释义,官方词表只列词形，不列例句,1,全国大学英语四、六级考试大纲（2016年修订版）,https://cet.neea.edu.cn/res/Home/1704/55b02330ac17274664f06d9d3db8249d.pdf,124
slave slavery,官方词表未提供读音,官方《全国大学英语四、六级考试大纲（2016年修订版）》词表词目；官方未提供释义,官方词表只列词形，不列例句,1,全国大学英语四、六级考试大纲（2016年修订版）,https://cet.neea.edu.cn/res/Home/1704/55b02330ac17274664f06d9d3db8249d.pdf,124
sleep sleepy sleepiness,官方词表未提供读音,官方《全国大学英语四、六级考试大纲（2016年修订版）》词表词目；官方未提供释义,官方词表只列词形，不列例句,1,全国大学英语四、六级考试大纲（2016年修订版）,https://cet.neea.edu.cn/res/Home/1704/55b02330ac17274664f06d9d3db8249d.pdf,124
sleeve,官方词表未提供读音,官方《全国大学英语四、六级考试大纲（2016年修订版）》词表词目；官方未提供释义,官方词表只列词形，不列例句,1,全国大学英语四、六级考试大纲（2016年修订版）,https://cet.neea.edu.cn/res/Home/1704/55b02330ac17274664f06d9d3db8249d.pdf,124
slender,官方词表未提供读音,官方《全国大学英语四、六级考试大纲（2016年修订版）》词表词目；官方未提供释义,官方词表只列词形，不列例句,1,全国大学英语四、六级考试大纲（2016年修订版）,https://cet.neea.edu.cn/res/Home/1704/55b02330ac17274664f06d9d3db8249d.pdf,124
slice,官方词表未提供读音,官方《全国大学英语四、六级考试大纲（2016年修订版）》词表词目；官方未提供释义,官方词表只列词形，不列例句,1,全国大学英语四、六级考试大纲（2016年修订版）,https://cet.neea.edu.cn/res/Home/1704/55b02330ac17274664f06d9d3db8249d.pdf,124
slide,官方词表未提供读音,官方《全国大学英语四、六级考试大纲（2016年修订版）》词表词目；官方未提供释义,官方词表只列词形，不列例句,1,全国大学英语四、六级考试大纲（2016年修订版）,https://cet.neea.edu.cn/res/Home/1704/55b02330ac17274664f06d9d3db8249d.pdf,124
slight slightly,官方词表未提供读音,官方《全国大学英语四、六级考试大纲（2016年修订版）》词表词目；官方未提供释义,官方词表只列词形，不列例句,1,全国大学英语四、六级考试大纲（2016年修订版）,https://cet.neea.edu.cn/res/Home/1704/55b02330ac17274664f06d9d3db8249d.pdf,124
slim,官方词表未提供读音,官方《全国大学英语四、六级考试大纲（2016年修订版）》词表词目；官方未提供释义,官方词表只列词形，不列例句,1,全国大学英语四、六级考试大纲（2016年修订版）,https://cet.neea.edu.cn/res/Home/1704/55b02330ac17274664f06d9d3db8249d.pdf,124
slip slippery slipper,官方词表未提供读音,官方《全国大学英语四、六级考试大纲（2016年修订版）》词表词目；官方未提供释义,官方词表只列词形，不列例句,1,全国大学英语四、六级考试大纲（2016年修订版）,https://cet.neea.edu.cn/res/Home/1704/55b02330ac17274664f06d9d3db8249d.pdf,125
slogan,官方词表未提供读音,官方《全国大学英语四、六级考试大纲（2016年修订版）》词表词目；官方未提供释义,官方词表只列词形，不列例句,1,全国大学英语四、六级考试大纲（2016年修订版）,https://cet.neea.edu.cn/res/Home/1704/55b02330ac17274664f06d9d3db8249d.pdf,125
slope,官方词表未提供读音,官方《全国大学英语四、六级考试大纲（2016年修订版）》词表词目；官方未提供释义,官方词表只列词形，不列例句,1,全国大学英语四、六级考试大纲（2016年修订版）,https://cet.neea.edu.cn/res/Home/1704/55b02330ac17274664f06d9d3db8249d.pdf,125
slow,官方词表未提供读音,官方《全国大学英语四、六级考试大纲（2016年修订版）》词表词目；官方未提供释义,官方词表只列词形，不列例句,1,全国大学英语四、六级考试大纲（2016年修订版）,https://cet.neea.edu.cn/res/Home/1704/55b02330ac17274664f06d9d3db8249d.pdf,125
small,官方词表未提供读音,官方《全国大学英语四、六级考试大纲（2016年修订版）》词表词目；官方未提供释义,官方词表只列词形，不列例句,1,全国大学英语四、六级考试大纲（2016年修订版）,https://cet.neea.edu.cn/res/Home/1704/55b02330ac17274664f06d9d3db8249d.pdf,125
smart,官方词表未提供读音,官方《全国大学英语四、六级考试大纲（2016年修订版）》词表词目；官方未提供释义,官方词表只列词形，不列例句,1,全国大学英语四、六级考试大纲（2016年修订版）,https://cet.neea.edu.cn/res/Home/1704/55b02330ac17274664f06d9d3db8249d.pdf,125
smartphone,官方词表未提供读音,官方《全国大学英语四、六级考试大纲（2016年修订版）》词表词目；官方未提供释义,官方词表只列词形，不列例句,1,全国大学英语四、六级考试大纲（2016年修订版）,https://cet.neea.edu.cn/res/Home/1704/55b02330ac17274664f06d9d3db8249d.pdf,125
smash,官方词表未提供读音,官方《全国大学英语四、六级考试大纲（2016年修订版）》词表词目；官方未提供释义,官方词表只列词形，不列例句,1,全国大学英语四、六级考试大纲（2016年修订版）,https://cet.neea.edu.cn/res/Home/1704/55b02330ac17274664f06d9d3db8249d.pdf,125
smell smelly,官方词表未提供读音,官方《全国大学英语四、六级考试大纲（2016年修订版）》词表词目；官方未提供释义,官方词表只列词形，不列例句,1,全国大学英语四、六级考试大纲（2016年修订版）,https://cet.neea.edu.cn/res/Home/1704/55b02330ac17274664f06d9d3db8249d.pdf,125
smile,官方词表未提供读音,官方《全国大学英语四、六级考试大纲（2016年修订版）》词表词目；官方未提供释义,官方词表只列词形，不列例句,1,全国大学英语四、六级考试大纲（2016年修订版）,https://cet.neea.edu.cn/res/Home/1704/55b02330ac17274664f06d9d3db8249d.pdf,125
smog smoggy,官方词表未提供读音,官方《全国大学英语四、六级考试大纲（2016年修订版）》词表词目；官方未提供释义,官方词表只列词形，不列例句,1,全国大学英语四、六级考试大纲（2016年修订版）,https://cet.neea.edu.cn/res/Home/1704/55b02330ac17274664f06d9d3db8249d.pdf,125
smoke smoky,官方词表未提供读音,官方《全国大学英语四、六级考试大纲（2016年修订版）》词表词目；官方未提供释义,官方词表只列词形，不列例句,1,全国大学英语四、六级考试大纲（2016年修订版）,https://cet.neea.edu.cn/res/Home/1704/55b02330ac17274664f06d9d3db8249d.pdf,125
smooth,官方词表未提供读音,官方《全国大学英语四、六级考试大纲（2016年修订版）》词表词目；官方未提供释义,官方词表只列词形，不列例句,1,全国大学英语四、六级考试大纲（2016年修订版）,https://cet.neea.edu.cn/res/Home/1704/55b02330ac17274664f06d9d3db8249d.pdf,125
snack,官方词表未提供读音,官方《全国大学英语四、六级考试大纲（2016年修订版）》词表词目；官方未提供释义,官方词表只列词形，不列例句,1,全国大学英语四、六级考试大纲（2016年修订版）,https://cet.neea.edu.cn/res/Home/1704/55b02330ac17274664f06d9d3db8249d.pdf,125
snake,官方词表未提供读音,官方《全国大学英语四、六级考试大纲（2016年修订版）》词表词目；官方未提供释义,官方词表只列词形，不列例句,1,全国大学英语四、六级考试大纲（2016年修订版）,https://cet.neea.edu.cn/res/Home/1704/55b02330ac17274664f06d9d3db8249d.pdf,125
snow snowy,官方词表未提供读音,官方《全国大学英语四、六级考试大纲（2016年修订版）》词表词目；官方未提供释义,官方词表只列词形，不列例句,1,全国大学英语四、六级考试大纲（2016年修订版）,https://cet.neea.edu.cn/res/Home/1704/55b02330ac17274664f06d9d3db8249d.pdf,125
so,官方词表未提供读音,官方《全国大学英语四、六级考试大纲（2016年修订版）》词表词目；官方未提供释义,官方词表只列词形，不列例句,1,全国大学英语四、六级考试大纲（2016年修订版）,https://cet.neea.edu.cn/res/Home/1704/55b02330ac17274664f06d9d3db8249d.pdf,125
soak,官方词表未提供读音,官方《全国大学英语四、六级考试大纲（2016年修订版）》词表词目；官方未提供释义,官方词表只列词形，不列例句,1,全国大学英语四、六级考试大纲（2016年修订版）,https://cet.neea.edu.cn/res/Home/1704/55b02330ac17274664f06d9d3db8249d.pdf,125
soap,官方词表未提供读音,官方《全国大学英语四、六级考试大纲（2016年修订版）》词表词目；官方未提供释义,官方词表只列词形，不列例句,1,全国大学英语四、六级考试大纲（2016年修订版）,https://cet.neea.edu.cn/res/Home/1704/55b02330ac17274664f06d9d3db8249d.pdf,125
soar,官方词表未提供读音,官方《全国大学英语四、六级考试大纲（2016年修订版）》词表词目；官方未提供释义,官方词表只列词形，不列例句,1,全国大学英语四、六级考试大纲（2016年修订版）,https://cet.neea.edu.cn/res/Home/1704/55b02330ac17274664f06d9d3db8249d.pdf,125
so-called,官方词表未提供读音,官方《全国大学英语四、六级考试大纲（2016年修订版）》词表词目；官方未提供释义,官方词表只列词形，不列例句,1,全国大学英语四、六级考试大纲（2016年修订版）,https://cet.neea.edu.cn/res/Home/1704/55b02330ac17274664f06d9d3db8249d.pdf,125
soccer,官方词表未提供读音,官方《全国大学英语四、六级考试大纲（2016年修订版）》词表词目；官方未提供释义,官方词表只列词形，不列例句,1,全国大学英语四、六级考试大纲（2016年修订版）,https://cet.neea.edu.cn/res/Home/1704/55b02330ac17274664f06d9d3db8249d.pdf,125
society social socialize/-ise sociable,官方词表未提供读音,官方《全国大学英语四、六级考试大纲（2016年修订版）》词表词目；官方未提供释义,官方词表只列词形，不列例句,1,全国大学英语四、六级考试大纲（2016年修订版）,https://cet.neea.edu.cn/res/Home/1704/55b02330ac17274664f06d9d3db8249d.pdf,125
socialism socialist,官方词表未提供读音,官方《全国大学英语四、六级考试大纲（2016年修订版）》词表词目；官方未提供释义,官方词表只列词形，不列例句,1,全国大学英语四、六级考试大纲（2016年修订版）,https://cet.neea.edu.cn/res/Home/1704/55b02330ac17274664f06d9d3db8249d.pdf,125
sociology sociologist,官方词表未提供读音,官方《全国大学英语四、六级考试大纲（2016年修订版）》词表词目；官方未提供释义,官方词表只列词形，不列例句,1,全国大学英语四、六级考试大纲（2016年修订版）,https://cet.neea.edu.cn/res/Home/1704/55b02330ac17274664f06d9d3db8249d.pdf,125
sock,官方词表未提供读音,官方《全国大学英语四、六级考试大纲（2016年修订版）》词表词目；官方未提供释义,官方词表只列词形，不列例句,1,全国大学英语四、六级考试大纲（2016年修订版）,https://cet.neea.edu.cn/res/Home/1704/55b02330ac17274664f06d9d3db8249d.pdf,125
soda,官方词表未提供读音,官方《全国大学英语四、六级考试大纲（2016年修订版）》词表词目；官方未提供释义,官方词表只列词形，不列例句,1,全国大学英语四、六级考试大纲（2016年修订版）,https://cet.neea.edu.cn/res/Home/1704/55b02330ac17274664f06d9d3db8249d.pdf,125
sofa,官方词表未提供读音,官方《全国大学英语四、六级考试大纲（2016年修订版）》词表词目；官方未提供释义,官方词表只列词形，不列例句,1,全国大学英语四、六级考试大纲（2016年修订版）,https://cet.neea.edu.cn/res/Home/1704/55b02330ac17274664f06d9d3db8249d.pdf,125
soft soften,官方词表未提供读音,官方《全国大学英语四、六级考试大纲（2016年修订版）》词表词目；官方未提供释义,官方词表只列词形，不列例句,1,全国大学英语四、六级考试大纲（2016年修订版）,https://cet.neea.edu.cn/res/Home/1704/55b02330ac17274664f06d9d3db8249d.pdf,126
software,官方词表未提供读音,官方《全国大学英语四、六级考试大纲（2016年修订版）》词表词目；官方未提供释义,官方词表只列词形，不列例句,1,全国大学英语四、六级考试大纲（2016年修订版）,https://cet.neea.edu.cn/res/Home/1704/55b02330ac17274664f06d9d3db8249d.pdf,126
soil,官方词表未提供读音,官方《全国大学英语四、六级考试大纲（2016年修订版）》词表词目；官方未提供释义,官方词表只列词形，不列例句,1,全国大学英语四、六级考试大纲（2016年修订版）,https://cet.neea.edu.cn/res/Home/1704/55b02330ac17274664f06d9d3db8249d.pdf,126
solar,官方词表未提供读音,官方《全国大学英语四、六级考试大纲（2016年修订版）》词表词目；官方未提供释义,官方词表只列词形，不列例句,1,全国大学英语四、六级考试大纲（2016年修订版）,https://cet.neea.edu.cn/res/Home/1704/55b02330ac17274664f06d9d3db8249d.pdf,126
soldier,官方词表未提供读音,官方《全国大学英语四、六级考试大纲（2016年修订版）》词表词目；官方未提供释义,官方词表只列词形，不列例句,1,全国大学英语四、六级考试大纲（2016年修订版）,https://cet.neea.edu.cn/res/Home/1704/55b02330ac17274664f06d9d3db8249d.pdf,126
sole solely,官方词表未提供读音,官方《全国大学英语四、六级考试大纲（2016年修订版）》词表词目；官方未提供释义,官方词表只列词形，不列例句,1,全国大学英语四、六级考试大纲（2016年修订版）,https://cet.neea.edu.cn/res/Home/1704/55b02330ac17274664f06d9d3db8249d.pdf,126
solemn solemnity,官方词表未提供读音,官方《全国大学英语四、六级考试大纲（2016年修订版）》词表词目；官方未提供释义,官方词表只列词形，不列例句,1,全国大学英语四、六级考试大纲（2016年修订版）,https://cet.neea.edu.cn/res/Home/1704/55b02330ac17274664f06d9d3db8249d.pdf,126
solid solidity solidify,官方词表未提供读音,官方《全国大学英语四、六级考试大纲（2016年修订版）》词表词目；官方未提供释义,官方词表只列词形，不列例句,1,全国大学英语四、六级考试大纲（2016年修订版）,https://cet.neea.edu.cn/res/Home/1704/55b02330ac17274664f06d9d3db8249d.pdf,126
solve solution solvent soluble,官方词表未提供读音,官方《全国大学英语四、六级考试大纲（2016年修订版）》词表词目；官方未提供释义,官方词表只列词形，不列例句,1,全国大学英语四、六级考试大纲（2016年修订版）,https://cet.neea.edu.cn/res/Home/1704/55b02330ac17274664f06d9d3db8249d.pdf,126
some,官方词表未提供读音,官方《全国大学英语四、六级考试大纲（2016年修订版）》词表词目；官方未提供释义,官方词表只列词形，不列例句,1,全国大学英语四、六级考试大纲（2016年修订版）,https://cet.neea.edu.cn/res/Home/1704/55b02330ac17274664f06d9d3db8249d.pdf,126
somebody,官方词表未提供读音,官方《全国大学英语四、六级考试大纲（2016年修订版）》词表词目；官方未提供释义,官方词表只列词形，不列例句,1,全国大学英语四、六级考试大纲（2016年修订版）,https://cet.neea.edu.cn/res/Home/1704/55b02330ac17274664f06d9d3db8249d.pdf,126
somehow,官方词表未提供读音,官方《全国大学英语四、六级考试大纲（2016年修订版）》词表词目；官方未提供释义,官方词表只列词形，不列例句,1,全国大学英语四、六级考试大纲（2016年修订版）,https://cet.neea.edu.cn/res/Home/1704/55b02330ac17274664f06d9d3db8249d.pdf,126
someone,官方词表未提供读音,官方《全国大学英语四、六级考试大纲（2016年修订版）》词表词目；官方未提供释义,官方词表只列词形，不列例句,1,全国大学英语四、六级考试大纲（2016年修订版）,https://cet.neea.edu.cn/res/Home/1704/55b02330ac17274664f06d9d3db8249d.pdf,126
something,官方词表未提供读音,官方《全国大学英语四、六级考试大纲（2016年修订版）》词表词目；官方未提供释义,官方词表只列词形，不列例句,1,全国大学英语四、六级考试大纲（2016年修订版）,https://cet.neea.edu.cn/res/Home/1704/55b02330ac17274664f06d9d3db8249d.pdf,126
sometime,官方词表未提供读音,官方《全国大学英语四、六级考试大纲（2016年修订版）》词表词目；官方未提供释义,官方词表只列词形，不列例句,1,全国大学英语四、六级考试大纲（2016年修订版）,https://cet.neea.edu.cn/res/Home/1704/55b02330ac17274664f06d9d3db8249d.pdf,126
sometimes,官方词表未提供读音,官方《全国大学英语四、六级考试大纲（2016年修订版）》词表词目；官方未提供释义,官方词表只列词形，不列例句,1,全国大学英语四、六级考试大纲（2016年修订版）,https://cet.neea.edu.cn/res/Home/1704/55b02330ac17274664f06d9d3db8249d.pdf,126
somewhat,官方词表未提供读音,官方《全国大学英语四、六级考试大纲（2016年修订版）》词表词目；官方未提供释义,官方词表只列词形，不列例句,1,全国大学英语四、六级考试大纲（2016年修订版）,https://cet.neea.edu.cn/res/Home/1704/55b02330ac17274664f06d9d3db8249d.pdf,126
somewhere,官方词表未提供读音,官方《全国大学英语四、六级考试大纲（2016年修订版）》词表词目；官方未提供释义,官方词表只列词形，不列例句,1,全国大学英语四、六级考试大纲（2016年修订版）,https://cet.neea.edu.cn/res/Home/1704/55b02330ac17274664f06d9d3db8249d.pdf,126
son,官方词表未提供读音,官方《全国大学英语四、六级考试大纲（2016年修订版）》词表词目；官方未提供释义,官方词表只列词形，不列例句,1,全国大学英语四、六级考试大纲（2016年修订版）,https://cet.neea.edu.cn/res/Home/1704/55b02330ac17274664f06d9d3db8249d.pdf,126
song,官方词表未提供读音,官方《全国大学英语四、六级考试大纲（2016年修订版）》词表词目；官方未提供释义,官方词表只列词形，不列例句,1,全国大学英语四、六级考试大纲（2016年修订版）,https://cet.neea.edu.cn/res/Home/1704/55b02330ac17274664f06d9d3db8249d.pdf,126
soon,官方词表未提供读音,官方《全国大学英语四、六级考试大纲（2016年修订版）》词表词目；官方未提供释义,官方词表只列词形，不列例句,1,全国大学英语四、六级考试大纲（2016年修订版）,https://cet.neea.edu.cn/res/Home/1704/55b02330ac17274664f06d9d3db8249d.pdf,126
sophisticated sophistication,官方词表未提供读音,官方《全国大学英语四、六级考试大纲（2016年修订版）》词表词目；官方未提供释义,官方词表只列词形，不列例句,1,全国大学英语四、六级考试大纲（2016年修订版）,https://cet.neea.edu.cn/res/Home/1704/55b02330ac17274664f06d9d3db8249d.pdf,126
sore,官方词表未提供读音,官方《全国大学英语四、六级考试大纲（2016年修订版）》词表词目；官方未提供释义,官方词表只列词形，不列例句,1,全国大学英语四、六级考试大纲（2016年修订版）,https://cet.neea.edu.cn/res/Home/1704/55b02330ac17274664f06d9d3db8249d.pdf,126
sorrow sorrowful,官方词表未提供读音,官方《全国大学英语四、六级考试大纲（2016年修订版）》词表词目；官方未提供释义,官方词表只列词形，不列例句,1,全国大学英语四、六级考试大纲（2016年修订版）,https://cet.neea.edu.cn/res/Home/1704/55b02330ac17274664f06d9d3db8249d.pdf,126
sorry,官方词表未提供读音,官方《全国大学英语四、六级考试大纲（2016年修订版）》词表词目；官方未提供释义,官方词表只列词形，不列例句,1,全国大学英语四、六级考试大纲（2016年修订版）,https://cet.neea.edu.cn/res/Home/1704/55b02330ac17274664f06d9d3db8249d.pdf,126
sort,官方词表未提供读音,官方《全国大学英语四、六级考试大纲（2016年修订版）》词表词目；官方未提供释义,官方词表只列词形，不列例句,1,全国大学英语四、六级考试大纲（2016年修订版）,https://cet.neea.edu.cn/res/Home/1704/55b02330ac17274664f06d9d3db8249d.pdf,126
soul,官方词表未提供读音,官方《全国大学英语四、六级考试大纲（2016年修订版）》词表词目；官方未提供释义,官方词表只列词形，不列例句,1,全国大学英语四、六级考试大纲（2016年修订版）,https://cet.neea.edu.cn/res/Home/1704/55b02330ac17274664f06d9d3db8249d.pdf,126
sound,官方词表未提供读音,官方《全国大学英语四、六级考试大纲（2016年修订版）》词表词目；官方未提供释义,官方词表只列词形，不列例句,1,全国大学英语四、六级考试大纲（2016年修订版）,https://cet.neea.edu.cn/res/Home/1704/55b02330ac17274664f06d9d3db8249d.pdf,126
soup,官方词表未提供读音,官方《全国大学英语四、六级考试大纲（2016年修订版）》词表词目；官方未提供释义,官方词表只列词形，不列例句,1,全国大学英语四、六级考试大纲（2016年修订版）,https://cet.neea.edu.cn/res/Home/1704/55b02330ac17274664f06d9d3db8249d.pdf,126
sour,官方词表未提供读音,官方《全国大学英语四、六级考试大纲（2016年修订版）》词表词目；官方未提供释义,官方词表只列词形，不列例句,1,全国大学英语四、六级考试大纲（2016年修订版）,https://cet.neea.edu.cn/res/Home/1704/55b02330ac17274664f06d9d3db8249d.pdf,126
source,官方词表未提供读音,官方《全国大学英语四、六级考试大纲（2016年修订版）》词表词目；官方未提供释义,官方词表只列词形，不列例句,1,全国大学英语四、六级考试大纲（2016年修订版）,https://cet.neea.edu.cn/res/Home/1704/55b02330ac17274664f06d9d3db8249d.pdf,126
south southern,官方词表未提供读音,官方《全国大学英语四、六级考试大纲（2016年修订版）》词表词目；官方未提供释义,官方词表只列词形，不列例句,1,全国大学英语四、六级考试大纲（2016年修订版）,https://cet.neea.edu.cn/res/Home/1704/55b02330ac17274664f06d9d3db8249d.pdf,126
southeast southeastern,官方词表未提供读音,官方《全国大学英语四、六级考试大纲（2016年修订版）》词表词目；官方未提供释义,官方词表只列词形，不列例句,1,全国大学英语四、六级考试大纲（2016年修订版）,https://cet.neea.edu.cn/res/Home/1704/55b02330ac17274664f06d9d3db8249d.pdf,126
southwest southwestern,官方词表未提供读音,官方《全国大学英语四、六级考试大纲（2016年修订版）》词表词目；官方未提供释义,官方词表只列词形，不列例句,1,全国大学英语四、六级考试大纲（2016年修订版）,https://cet.neea.edu.cn/res/Home/1704/55b02330ac17274664f06d9d3db8249d.pdf,126
souvenir,官方词表未提供读音,官方《全国大学英语四、六级考试大纲（2016年修订版）》词表词目；官方未提供释义,官方词表只列词形，不列例句,1,全国大学英语四、六级考试大纲（2016年修订版）,https://cet.neea.edu.cn/res/Home/1704/55b02330ac17274664f06d9d3db8249d.pdf,126
sow,官方词表未提供读音,官方《全国大学英语四、六级考试大纲（2016年修订版）》词表词目；官方未提供释义,官方词表只列词形，不列例句,1,全国大学英语四、六级考试大纲（2016年修订版）,https://cet.neea.edu.cn/res/Home/1704/55b02330ac17274664f06d9d3db8249d.pdf,127
space spacious spatial,官方词表未提供读音,官方《全国大学英语四、六级考试大纲（2016年修订版）》词表词目；官方未提供释义,官方词表只列词形，不列例句,1,全国大学英语四、六级考试大纲（2016年修订版）,https://cet.neea.edu.cn/res/Home/1704/55b02330ac17274664f06d9d3db8249d.pdf,127
spaceship/spacecraft,官方词表未提供读音,官方《全国大学英语四、六级考试大纲（2016年修订版）》词表词目；官方未提供释义,官方词表只列词形，不列例句,1,全国大学英语四、六级考试大纲（2016年修订版）,https://cet.neea.edu.cn/res/Home/1704/55b02330ac17274664f06d9d3db8249d.pdf,127
spade,官方词表未提供读音,官方《全国大学英语四、六级考试大纲（2016年修订版）》词表词目；官方未提供释义,官方词表只列词形，不列例句,1,全国大学英语四、六级考试大纲（2016年修订版）,https://cet.neea.edu.cn/res/Home/1704/55b02330ac17274664f06d9d3db8249d.pdf,127
span,官方词表未提供读音,官方《全国大学英语四、六级考试大纲（2016年修订版）》词表词目；官方未提供释义,官方词表只列词形，不列例句,1,全国大学英语四、六级考试大纲（2016年修订版）,https://cet.neea.edu.cn/res/Home/1704/55b02330ac17274664f06d9d3db8249d.pdf,127
spare sparingly,官方词表未提供读音,官方《全国大学英语四、六级考试大纲（2016年修订版）》词表词目；官方未提供释义,官方词表只列词形，不列例句,1,全国大学英语四、六级考试大纲（2016年修订版）,https://cet.neea.edu.cn/res/Home/1704/55b02330ac17274664f06d9d3db8249d.pdf,127
spark,官方词表未提供读音,官方《全国大学英语四、六级考试大纲（2016年修订版）》词表词目；官方未提供释义,官方词表只列词形，不列例句,1,全国大学英语四、六级考试大纲（2016年修订版）,https://cet.neea.edu.cn/res/Home/1704/55b02330ac17274664f06d9d3db8249d.pdf,127
sparkle,官方词表未提供读音,官方《全国大学英语四、六级考试大纲（2016年修订版）》词表词目；官方未提供释义,官方词表只列词形，不列例句,1,全国大学英语四、六级考试大纲（2016年修订版）,https://cet.neea.edu.cn/res/Home/1704/55b02330ac17274664f06d9d3db8249d.pdf,127
speak speaker,官方词表未提供读音,官方《全国大学英语四、六级考试大纲（2016年修订版）》词表词目；官方未提供释义,官方词表只列词形，不列例句,1,全国大学英语四、六级考试大纲（2016年修订版）,https://cet.neea.edu.cn/res/Home/1704/55b02330ac17274664f06d9d3db8249d.pdf,127
special specialize/-ise specialization/-sation specialist,官方词表未提供读音,官方《全国大学英语四、六级考试大纲（2016年修订版）》词表词目；官方未提供释义,官方词表只列词形，不列例句,1,全国大学英语四、六级考试大纲（2016年修订版）,https://cet.neea.edu.cn/res/Home/1704/55b02330ac17274664f06d9d3db8249d.pdf,127
species,官方词表未提供读音,官方《全国大学英语四、六级考试大纲（2016年修订版）》词表词目；官方未提供释义,官方词表只列词形，不列例句,1,全国大学英语四、六级考试大纲（2016年修订版）,https://cet.neea.edu.cn/res/Home/1704/55b02330ac17274664f06d9d3db8249d.pdf,127
specific specifically,官方词表未提供读音,官方《全国大学英语四、六级考试大纲（2016年修订版）》词表词目；官方未提供释义,官方词表只列词形，不列例句,1,全国大学英语四、六级考试大纲（2016年修订版）,https://cet.neea.edu.cn/res/Home/1704/55b02330ac17274664f06d9d3db8249d.pdf,127
specify specification,官方词表未提供读音,官方《全国大学英语四、六级考试大纲（2016年修订版）》词表词目；官方未提供释义,官方词表只列词形，不列例句,1,全国大学英语四、六级考试大纲（2016年修订版）,https://cet.neea.edu.cn/res/Home/1704/55b02330ac17274664f06d9d3db8249d.pdf,127
specimen,官方词表未提供读音,官方《全国大学英语四、六级考试大纲（2016年修订版）》词表词目；官方未提供释义,官方词表只列词形，不列例句,1,全国大学英语四、六级考试大纲（2016年修订版）,https://cet.neea.edu.cn/res/Home/1704/55b02330ac17274664f06d9d3db8249d.pdf,127
speculate speculation speculative,官方词表未提供读音,官方《全国大学英语四、六级考试大纲（2016年修订版）》词表词目；官方未提供释义,官方词表只列词形，不列例句,1,全国大学英语四、六级考试大纲（2016年修订版）,https://cet.neea.edu.cn/res/Home/1704/55b02330ac17274664f06d9d3db8249d.pdf,127
speech speechless,官方词表未提供读音,官方《全国大学英语四、六级考试大纲（2016年修订版）》词表词目；官方未提供释义,官方词表只列词形，不列例句,1,全国大学英语四、六级考试大纲（2016年修订版）,https://cet.neea.edu.cn/res/Home/1704/55b02330ac17274664f06d9d3db8249d.pdf,127
speed speedy speeding,官方词表未提供读音,官方《全国大学英语四、六级考试大纲（2016年修订版）》词表词目；官方未提供释义,官方词表只列词形，不列例句,1,全国大学英语四、六级考试大纲（2016年修订版）,https://cet.neea.edu.cn/res/Home/1704/55b02330ac17274664f06d9d3db8249d.pdf,127
spell spelling,官方词表未提供读音,官方《全国大学英语四、六级考试大纲（2016年修订版）》词表词目；官方未提供释义,官方词表只列词形，不列例句,1,全国大学英语四、六级考试大纲（2016年修订版）,https://cet.neea.edu.cn/res/Home/1704/55b02330ac17274664f06d9d3db8249d.pdf,127
spend spending,官方词表未提供读音,官方《全国大学英语四、六级考试大纲（2016年修订版）》词表词目；官方未提供释义,官方词表只列词形，不列例句,1,全国大学英语四、六级考试大纲（2016年修订版）,https://cet.neea.edu.cn/res/Home/1704/55b02330ac17274664f06d9d3db8249d.pdf,127
sphere spherical,官方词表未提供读音,官方《全国大学英语四、六级考试大纲（2016年修订版）》词表词目；官方未提供释义,官方词表只列词形，不列例句,1,全国大学英语四、六级考试大纲（2016年修订版）,https://cet.neea.edu.cn/res/Home/1704/55b02330ac17274664f06d9d3db8249d.pdf,127
spill,官方词表未提供读音,官方《全国大学英语四、六级考试大纲（2016年修订版）》词表词目；官方未提供释义,官方词表只列词形，不列例句,1,全国大学英语四、六级考试大纲（2016年修订版）,https://cet.neea.edu.cn/res/Home/1704/55b02330ac17274664f06d9d3db8249d.pdf,127
spin,官方词表未提供读音,官方《全国大学英语四、六级考试大纲（2016年修订版）》词表词目；官方未提供释义,官方词表只列词形，不列例句,1,全国大学英语四、六级考试大纲（2016年修订版）,https://cet.neea.edu.cn/res/Home/1704/55b02330ac17274664f06d9d3db8249d.pdf,127
spirit spiritual,官方词表未提供读音,官方《全国大学英语四、六级考试大纲（2016年修订版）》词表词目；官方未提供释义,官方词表只列词形，不列例句,1,全国大学英语四、六级考试大纲（2016年修订版）,https://cet.neea.edu.cn/res/Home/1704/55b02330ac17274664f06d9d3db8249d.pdf,127
spit,官方词表未提供读音,官方《全国大学英语四、六级考试大纲（2016年修订版）》词表词目；官方未提供释义,官方词表只列词形，不列例句,1,全国大学英语四、六级考试大纲（2016年修订版）,https://cet.neea.edu.cn/res/Home/1704/55b02330ac17274664f06d9d3db8249d.pdf,127
spite,官方词表未提供读音,官方《全国大学英语四、六级考试大纲（2016年修订版）》词表词目；官方未提供释义,官方词表只列词形，不列例句,1,全国大学英语四、六级考试大纲（2016年修订版）,https://cet.neea.edu.cn/res/Home/1704/55b02330ac17274664f06d9d3db8249d.pdf,127
splash,官方词表未提供读音,官方《全国大学英语四、六级考试大纲（2016年修订版）》词表词目；官方未提供释义,官方词表只列词形，不列例句,1,全国大学英语四、六级考试大纲（2016年修订版）,https://cet.neea.edu.cn/res/Home/1704/55b02330ac17274664f06d9d3db8249d.pdf,127
splendid splendo(u)r,官方词表未提供读音,官方《全国大学英语四、六级考试大纲（2016年修订版）》词表词目；官方未提供释义,官方词表只列词形，不列例句,1,全国大学英语四、六级考试大纲（2016年修订版）,https://cet.neea.edu.cn/res/Home/1704/55b02330ac17274664f06d9d3db8249d.pdf,127
split,官方词表未提供读音,官方《全国大学英语四、六级考试大纲（2016年修订版）》词表词目；官方未提供释义,官方词表只列词形，不列例句,1,全国大学英语四、六级考试大纲（2016年修订版）,https://cet.neea.edu.cn/res/Home/1704/55b02330ac17274664f06d9d3db8249d.pdf,127
spoil,官方词表未提供读音,官方《全国大学英语四、六级考试大纲（2016年修订版）》词表词目；官方未提供释义,官方词表只列词形，不列例句,1,全国大学英语四、六级考试大纲（2016年修订版）,https://cet.neea.edu.cn/res/Home/1704/55b02330ac17274664f06d9d3db8249d.pdf,127
spokesman/spokeswoman spokesperson,官方词表未提供读音,官方《全国大学英语四、六级考试大纲（2016年修订版）》词表词目；官方未提供释义,官方词表只列词形，不列例句,1,全国大学英语四、六级考试大纲（2016年修订版）,https://cet.neea.edu.cn/res/Home/1704/55b02330ac17274664f06d9d3db8249d.pdf,127
sponsor sponsorship,官方词表未提供读音,官方《全国大学英语四、六级考试大纲（2016年修订版）》词表词目；官方未提供释义,官方词表只列词形，不列例句,1,全国大学英语四、六级考试大纲（2016年修订版）,https://cet.neea.edu.cn/res/Home/1704/55b02330ac17274664f06d9d3db8249d.pdf,127
spontaneous spontaneity,官方词表未提供读音,官方《全国大学英语四、六级考试大纲（2016年修订版）》词表词目；官方未提供释义,官方词表只列词形，不列例句,1,全国大学英语四、六级考试大纲（2016年修订版）,https://cet.neea.edu.cn/res/Home/1704/55b02330ac17274664f06d9d3db8249d.pdf,128
spoon spoonful,官方词表未提供读音,官方《全国大学英语四、六级考试大纲（2016年修订版）》词表词目；官方未提供释义,官方词表只列词形，不列例句,1,全国大学英语四、六级考试大纲（2016年修订版）,https://cet.neea.edu.cn/res/Home/1704/55b02330ac17274664f06d9d3db8249d.pdf,128
sport,官方词表未提供读音,官方《全国大学英语四、六级考试大纲（2016年修订版）》词表词目；官方未提供释义,官方词表只列词形，不列例句,1,全国大学英语四、六级考试大纲（2016年修订版）,https://cet.neea.edu.cn/res/Home/1704/55b02330ac17274664f06d9d3db8249d.pdf,128
sportsman/sportswoman,官方词表未提供读音,官方《全国大学英语四、六级考试大纲（2016年修订版）》词表词目；官方未提供释义,官方词表只列词形，不列例句,1,全国大学英语四、六级考试大纲（2016年修订版）,https://cet.neea.edu.cn/res/Home/1704/55b02330ac17274664f06d9d3db8249d.pdf,128
spot,官方词表未提供读音,官方《全国大学英语四、六级考试大纲（2016年修订版）》词表词目；官方未提供释义,官方词表只列词形，不列例句,1,全国大学英语四、六级考试大纲（2016年修订版）,https://cet.neea.edu.cn/res/Home/1704/55b02330ac17274664f06d9d3db8249d.pdf,128
spouse,官方词表未提供读音,官方《全国大学英语四、六级考试大纲（2016年修订版）》词表词目；官方未提供释义,官方词表只列词形，不列例句,1,全国大学英语四、六级考试大纲（2016年修订版）,https://cet.neea.edu.cn/res/Home/1704/55b02330ac17274664f06d9d3db8249d.pdf,128
spray,官方词表未提供读音,官方《全国大学英语四、六级考试大纲（2016年修订版）》词表词目；官方未提供释义,官方词表只列词形，不列例句,1,全国大学英语四、六级考试大纲（2016年修订版）,https://cet.neea.edu.cn/res/Home/1704/55b02330ac17274664f06d9d3db8249d.pdf,128
spread,官方词表未提供读音,官方《全国大学英语四、六级考试大纲（2016年修订版）》词表词目；官方未提供释义,官方词表只列词形，不列例句,1,全国大学英语四、六级考试大纲（2016年修订版）,https://cet.neea.edu.cn/res/Home/1704/55b02330ac17274664f06d9d3db8249d.pdf,128
spring,官方词表未提供读音,官方《全国大学英语四、六级考试大纲（2016年修订版）》词表词目；官方未提供释义,官方词表只列词形，不列例句,1,全国大学英语四、六级考试大纲（2016年修订版）,https://cet.neea.edu.cn/res/Home/1704/55b02330ac17274664f06d9d3db8249d.pdf,128
spur,官方词表未提供读音,官方《全国大学英语四、六级考试大纲（2016年修订版）》词表词目；官方未提供释义,官方词表只列词形，不列例句,1,全国大学英语四、六级考试大纲（2016年修订版）,https://cet.neea.edu.cn/res/Home/1704/55b02330ac17274664f06d9d3db8249d.pdf,128
spy,官方词表未提供读音,官方《全国大学英语四、六级考试大纲（2016年修订版）》词表词目；官方未提供释义,官方词表只列词形，不列例句,1,全国大学英语四、六级考试大纲（2016年修订版）,https://cet.neea.edu.cn/res/Home/1704/55b02330ac17274664f06d9d3db8249d.pdf,128
square,官方词表未提供读音,官方《全国大学英语四、六级考试大纲（2016年修订版）》词表词目；官方未提供释义,官方词表只列词形，不列例句,1,全国大学英语四、六级考试大纲（2016年修订版）,https://cet.neea.edu.cn/res/Home/1704/55b02330ac17274664f06d9d3db8249d.pdf,128
squeeze,官方词表未提供读音,官方《全国大学英语四、六级考试大纲（2016年修订版）》词表词目；官方未提供释义,官方词表只列词形，不列例句,1,全国大学英语四、六级考试大纲（2016年修订版）,https://cet.neea.edu.cn/res/Home/1704/55b02330ac17274664f06d9d3db8249d.pdf,128
stable stability stabilize/-ise,官方词表未提供读音,官方《全国大学英语四、六级考试大纲（2016年修订版）》词表词目；官方未提供释义,官方词表只列词形，不列例句,1,全国大学英语四、六级考试大纲（2016年修订版）,https://cet.neea.edu.cn/res/Home/1704/55b02330ac17274664f06d9d3db8249d.pdf,128
stack,官方词表未提供读音,官方《全国大学英语四、六级考试大纲（2016年修订版）》词表词目；官方未提供释义,官方词表只列词形，不列例句,1,全国大学英语四、六级考试大纲（2016年修订版）,https://cet.neea.edu.cn/res/Home/1704/55b02330ac17274664f06d9d3db8249d.pdf,128
stadium,官方词表未提供读音,官方《全国大学英语四、六级考试大纲（2016年修订版）》词表词目；官方未提供释义,官方词表只列词形，不列例句,1,全国大学英语四、六级考试大纲（2016年修订版）,https://cet.neea.edu.cn/res/Home/1704/55b02330ac17274664f06d9d3db8249d.pdf,128
staff,官方词表未提供读音,官方《全国大学英语四、六级考试大纲（2016年修订版）》词表词目；官方未提供释义,官方词表只列词形，不列例句,1,全国大学英语四、六级考试大纲（2016年修订版）,https://cet.neea.edu.cn/res/Home/1704/55b02330ac17274664f06d9d3db8249d.pdf,128
stage,官方词表未提供读音,官方《全国大学英语四、六级考试大纲（2016年修订版）》词表词目；官方未提供释义,官方词表只列词形，不列例句,1,全国大学英语四、六级考试大纲（2016年修订版）,https://cet.neea.edu.cn/res/Home/1704/55b02330ac17274664f06d9d3db8249d.pdf,128
stain stainless,官方词表未提供读音,官方《全国大学英语四、六级考试大纲（2016年修订版）》词表词目；官方未提供释义,官方词表只列词形，不列例句,1,全国大学英语四、六级考试大纲（2016年修订版）,https://cet.neea.edu.cn/res/Home/1704/55b02330ac17274664f06d9d3db8249d.pdf,128
stair,官方词表未提供读音,官方《全国大学英语四、六级考试大纲（2016年修订版）》词表词目；官方未提供释义,官方词表只列词形，不列例句,1,全国大学英语四、六级考试大纲（2016年修订版）,https://cet.neea.edu.cn/res/Home/1704/55b02330ac17274664f06d9d3db8249d.pdf,128
staircase,官方词表未提供读音,官方《全国大学英语四、六级考试大纲（2016年修订版）》词表词目；官方未提供释义,官方词表只列词形，不列例句,1,全国大学英语四、六级考试大纲（2016年修订版）,https://cet.neea.edu.cn/res/Home/1704/55b02330ac17274664f06d9d3db8249d.pdf,128
stake,官方词表未提供读音,官方《全国大学英语四、六级考试大纲（2016年修订版）》词表词目；官方未提供释义,官方词表只列词形，不列例句,1,全国大学英语四、六级考试大纲（2016年修订版）,https://cet.neea.edu.cn/res/Home/1704/55b02330ac17274664f06d9d3db8249d.pdf,128
stale,官方词表未提供读音,官方《全国大学英语四、六级考试大纲（2016年修订版）》词表词目；官方未提供释义,官方词表只列词形，不列例句,1,全国大学英语四、六级考试大纲（2016年修订版）,https://cet.neea.edu.cn/res/Home/1704/55b02330ac17274664f06d9d3db8249d.pdf,128
stamp,官方词表未提供读音,官方《全国大学英语四、六级考试大纲（2016年修订版）》词表词目；官方未提供释义,官方词表只列词形，不列例句,1,全国大学英语四、六级考试大纲（2016年修订版）,https://cet.neea.edu.cn/res/Home/1704/55b02330ac17274664f06d9d3db8249d.pdf,128
stand,官方词表未提供读音,官方《全国大学英语四、六级考试大纲（2016年修订版）》词表词目；官方未提供释义,官方词表只列词形，不列例句,1,全国大学英语四、六级考试大纲（2016年修订版）,https://cet.neea.edu.cn/res/Home/1704/55b02330ac17274664f06d9d3db8249d.pdf,128
standard standardize/-ise standardization/-sation,官方词表未提供读音,官方《全国大学英语四、六级考试大纲（2016年修订版）》词表词目；官方未提供释义,官方词表只列词形，不列例句,1,全国大学英语四、六级考试大纲（2016年修订版）,https://cet.neea.edu.cn/res/Home/1704/55b02330ac17274664f06d9d3db8249d.pdf,128
standpoint,官方词表未提供读音,官方《全国大学英语四、六级考试大纲（2016年修订版）》词表词目；官方未提供释义,官方词表只列词形，不列例句,1,全国大学英语四、六级考试大纲（2016年修订版）,https://cet.neea.edu.cn/res/Home/1704/55b02330ac17274664f06d9d3db8249d.pdf,128
staple,官方词表未提供读音,官方《全国大学英语四、六级考试大纲（2016年修订版）》词表词目；官方未提供释义,官方词表只列词形，不列例句,1,全国大学英语四、六级考试大纲（2016年修订版）,https://cet.neea.edu.cn/res/Home/1704/55b02330ac17274664f06d9d3db8249d.pdf,128
stapler,官方词表未提供读音,官方《全国大学英语四、六级考试大纲（2016年修订版）》词表词目；官方未提供释义,官方词表只列词形，不列例句,1,全国大学英语四、六级考试大纲（2016年修订版）,https://cet.neea.edu.cn/res/Home/1704/55b02330ac17274664f06d9d3db8249d.pdf,128
star starry,官方词表未提供读音,官方《全国大学英语四、六级考试大纲（2016年修订版）》词表词目；官方未提供释义,官方词表只列词形，不列例句,1,全国大学英语四、六级考试大纲（2016年修订版）,https://cet.neea.edu.cn/res/Home/1704/55b02330ac17274664f06d9d3db8249d.pdf,129
stare,官方词表未提供读音,官方《全国大学英语四、六级考试大纲（2016年修订版）》词表词目；官方未提供释义,官方词表只列词形，不列例句,1,全国大学英语四、六级考试大纲（2016年修订版）,https://cet.neea.edu.cn/res/Home/1704/55b02330ac17274664f06d9d3db8249d.pdf,129
start starter,官方词表未提供读音,官方《全国大学英语四、六级考试大纲（2016年修订版）》词表词目；官方未提供释义,官方词表只列词形，不列例句,1,全国大学英语四、六级考试大纲（2016年修订版）,https://cet.neea.edu.cn/res/Home/1704/55b02330ac17274664f06d9d3db8249d.pdf,129
startle,官方词表未提供读音,官方《全国大学英语四、六级考试大纲（2016年修订版）》词表词目；官方未提供释义,官方词表只列词形，不列例句,1,全国大学英语四、六级考试大纲（2016年修订版）,https://cet.neea.edu.cn/res/Home/1704/55b02330ac17274664f06d9d3db8249d.pdf,129
starve starvation,官方词表未提供读音,官方《全国大学英语四、六级考试大纲（2016年修订版）》词表词目；官方未提供释义,官方词表只列词形，不列例句,1,全国大学英语四、六级考试大纲（2016年修订版）,https://cet.neea.edu.cn/res/Home/1704/55b02330ac17274664f06d9d3db8249d.pdf,129
state statement,官方词表未提供读音,官方《全国大学英语四、六级考试大纲（2016年修订版）》词表词目；官方未提供释义,官方词表只列词形，不列例句,1,全国大学英语四、六级考试大纲（2016年修订版）,https://cet.neea.edu.cn/res/Home/1704/55b02330ac17274664f06d9d3db8249d.pdf,129
statesman,官方词表未提供读音,官方《全国大学英语四、六级考试大纲（2016年修订版）》词表词目；官方未提供释义,官方词表只列词形，不列例句,1,全国大学英语四、六级考试大纲（2016年修订版）,https://cet.neea.edu.cn/res/Home/1704/55b02330ac17274664f06d9d3db8249d.pdf,129
station stationary,官方词表未提供读音,官方《全国大学英语四、六级考试大纲（2016年修订版）》词表词目；官方未提供释义,官方词表只列词形，不列例句,1,全国大学英语四、六级考试大纲（2016年修订版）,https://cet.neea.edu.cn/res/Home/1704/55b02330ac17274664f06d9d3db8249d.pdf,129
statistic statistical,官方词表未提供读音,官方《全国大学英语四、六级考试大纲（2016年修订版）》词表词目；官方未提供释义,官方词表只列词形，不列例句,1,全国大学英语四、六级考试大纲（2016年修订版）,https://cet.neea.edu.cn/res/Home/1704/55b02330ac17274664f06d9d3db8249d.pdf,129
statue,官方词表未提供读音,官方《全国大学英语四、六级考试大纲（2016年修订版）》词表词目；官方未提供释义,官方词表只列词形，不列例句,1,全国大学英语四、六级考试大纲（2016年修订版）,https://cet.neea.edu.cn/res/Home/1704/55b02330ac17274664f06d9d3db8249d.pdf,129
status,官方词表未提供读音,官方《全国大学英语四、六级考试大纲（2016年修订版）》词表词目；官方未提供释义,官方词表只列词形，不列例句,1,全国大学英语四、六级考试大纲（2016年修订版）,https://cet.neea.edu.cn/res/Home/1704/55b02330ac17274664f06d9d3db8249d.pdf,129
stay,官方词表未提供读音,官方《全国大学英语四、六级考试大纲（2016年修订版）》词表词目；官方未提供释义,官方词表只列词形，不列例句,1,全国大学英语四、六级考试大纲（2016年修订版）,https://cet.neea.edu.cn/res/Home/1704/55b02330ac17274664f06d9d3db8249d.pdf,129
steady steadily,官方词表未提供读音,官方《全国大学英语四、六级考试大纲（2016年修订版）》词表词目；官方未提供释义,官方词表只列词形，不列例句,1,全国大学英语四、六级考试大纲（2016年修订版）,https://cet.neea.edu.cn/res/Home/1704/55b02330ac17274664f06d9d3db8249d.pdf,129
steak,官方词表未提供读音,官方《全国大学英语四、六级考试大纲（2016年修订版）》词表词目；官方未提供释义,官方词表只列词形，不列例句,1,全国大学英语四、六级考试大纲（2016年修订版）,https://cet.neea.edu.cn/res/Home/1704/55b02330ac17274664f06d9d3db8249d.pdf,129
steal,官方词表未提供读音,官方《全国大学英语四、六级考试大纲（2016年修订版）》词表词目；官方未提供释义,官方词表只列词形，不列例句,1,全国大学英语四、六级考试大纲（2016年修订版）,https://cet.neea.edu.cn/res/Home/1704/55b02330ac17274664f06d9d3db8249d.pdf,129
steam steamy steamer,官方词表未提供读音,官方《全国大学英语四、六级考试大纲（2016年修订版）》词表词目；官方未提供释义,官方词表只列词形，不列例句,1,全国大学英语四、六级考试大纲（2016年修订版）,https://cet.neea.edu.cn/res/Home/1704/55b02330ac17274664f06d9d3db8249d.pdf,129
steel,官方词表未提供读音,官方《全国大学英语四、六级考试大纲（2016年修订版）》词表词目；官方未提供释义,官方词表只列词形，不列例句,1,全国大学英语四、六级考试大纲（2016年修订版）,https://cet.neea.edu.cn/res/Home/1704/55b02330ac17274664f06d9d3db8249d.pdf,129
steep,官方词表未提供读音,官方《全国大学英语四、六级考试大纲（2016年修订版）》词表词目；官方未提供释义,官方词表只列词形，不列例句,1,全国大学英语四、六级考试大纲（2016年修订版）,https://cet.neea.edu.cn/res/Home/1704/55b02330ac17274664f06d9d3db8249d.pdf,129
steer,官方词表未提供读音,官方《全国大学英语四、六级考试大纲（2016年修订版）》词表词目；官方未提供释义,官方词表只列词形，不列例句,1,全国大学英语四、六级考试大纲（2016年修订版）,https://cet.neea.edu.cn/res/Home/1704/55b02330ac17274664f06d9d3db8249d.pdf,129
stem,官方词表未提供读音,官方《全国大学英语四、六级考试大纲（2016年修订版）》词表词目；官方未提供释义,官方词表只列词形，不列例句,1,全国大学英语四、六级考试大纲（2016年修订版）,https://cet.neea.edu.cn/res/Home/1704/55b02330ac17274664f06d9d3db8249d.pdf,129
step,官方词表未提供读音,官方《全国大学英语四、六级考试大纲（2016年修订版）》词表词目；官方未提供释义,官方词表只列词形，不列例句,1,全国大学英语四、六级考试大纲（2016年修订版）,https://cet.neea.edu.cn/res/Home/1704/55b02330ac17274664f06d9d3db8249d.pdf,129
stick,官方词表未提供读音,官方《全国大学英语四、六级考试大纲（2016年修订版）》词表词目；官方未提供释义,官方词表只列词形，不列例句,1,全国大学英语四、六级考试大纲（2016年修订版）,https://cet.neea.edu.cn/res/Home/1704/55b02330ac17274664f06d9d3db8249d.pdf,129
sticky,官方词表未提供读音,官方《全国大学英语四、六级考试大纲（2016年修订版）》词表词目；官方未提供释义,官方词表只列词形，不列例句,1,全国大学英语四、六级考试大纲（2016年修订版）,https://cet.neea.edu.cn/res/Home/1704/55b02330ac17274664f06d9d3db8249d.pdf,129
stiff stiffen,官方词表未提供读音,官方《全国大学英语四、六级考试大纲（2016年修订版）》词表词目；官方未提供释义,官方词表只列词形，不列例句,1,全国大学英语四、六级考试大纲（2016年修订版）,https://cet.neea.edu.cn/res/Home/1704/55b02330ac17274664f06d9d3db8249d.pdf,129
still,官方词表未提供读音,官方《全国大学英语四、六级考试大纲（2016年修订版）》词表词目；官方未提供释义,官方词表只列词形，不列例句,1,全国大学英语四、六级考试大纲（2016年修订版）,https://cet.neea.edu.cn/res/Home/1704/55b02330ac17274664f06d9d3db8249d.pdf,129
stimulate stimulation stimulus stimulant,官方词表未提供读音,官方《全国大学英语四、六级考试大纲（2016年修订版）》词表词目；官方未提供释义,官方词表只列词形，不列例句,1,全国大学英语四、六级考试大纲（2016年修订版）,https://cet.neea.edu.cn/res/Home/1704/55b02330ac17274664f06d9d3db8249d.pdf,129
sting,官方词表未提供读音,官方《全国大学英语四、六级考试大纲（2016年修订版）》词表词目；官方未提供释义,官方词表只列词形，不列例句,1,全国大学英语四、六级考试大纲（2016年修订版）,https://cet.neea.edu.cn/res/Home/1704/55b02330ac17274664f06d9d3db8249d.pdf,129
stir,官方词表未提供读音,官方《全国大学英语四、六级考试大纲（2016年修订版）》词表词目；官方未提供释义,官方词表只列词形，不列例句,1,全国大学英语四、六级考试大纲（2016年修订版）,https://cet.neea.edu.cn/res/Home/1704/55b02330ac17274664f06d9d3db8249d.pdf,129
stock,官方词表未提供读音,官方《全国大学英语四、六级考试大纲（2016年修订版）》词表词目；官方未提供释义,官方词表只列词形，不列例句,1,全国大学英语四、六级考试大纲（2016年修订版）,https://cet.neea.edu.cn/res/Home/1704/55b02330ac17274664f06d9d3db8249d.pdf,129
stocking,官方词表未提供读音,官方《全国大学英语四、六级考试大纲（2016年修订版）》词表词目；官方未提供释义,官方词表只列词形，不列例句,1,全国大学英语四、六级考试大纲（2016年修订版）,https://cet.neea.edu.cn/res/Home/1704/55b02330ac17274664f06d9d3db8249d.pdf,130
stomach,官方词表未提供读音,官方《全国大学英语四、六级考试大纲（2016年修订版）》词表词目；官方未提供释义,官方词表只列词形，不列例句,1,全国大学英语四、六级考试大纲（2016年修订版）,https://cet.neea.edu.cn/res/Home/1704/55b02330ac17274664f06d9d3db8249d.pdf,130
stone stony,官方词表未提供读音,官方《全国大学英语四、六级考试大纲（2016年修订版）》词表词目；官方未提供释义,官方词表只列词形，不列例句,1,全国大学英语四、六级考试大纲（2016年修订版）,https://cet.neea.edu.cn/res/Home/1704/55b02330ac17274664f06d9d3db8249d.pdf,130
stool,官方词表未提供读音,官方《全国大学英语四、六级考试大纲（2016年修订版）》词表词目；官方未提供释义,官方词表只列词形，不列例句,1,全国大学英语四、六级考试大纲（2016年修订版）,https://cet.neea.edu.cn/res/Home/1704/55b02330ac17274664f06d9d3db8249d.pdf,130
stop stoppage,官方词表未提供读音,官方《全国大学英语四、六级考试大纲（2016年修订版）》词表词目；官方未提供释义,官方词表只列词形，不列例句,1,全国大学英语四、六级考试大纲（2016年修订版）,https://cet.neea.edu.cn/res/Home/1704/55b02330ac17274664f06d9d3db8249d.pdf,130
store,官方词表未提供读音,官方《全国大学英语四、六级考试大纲（2016年修订版）》词表词目；官方未提供释义,官方词表只列词形，不列例句,1,全国大学英语四、六级考试大纲（2016年修订版）,https://cet.neea.edu.cn/res/Home/1704/55b02330ac17274664f06d9d3db8249d.pdf,130
storage,官方词表未提供读音,官方《全国大学英语四、六级考试大纲（2016年修订版）》词表词目；官方未提供释义,官方词表只列词形，不列例句,1,全国大学英语四、六级考试大纲（2016年修订版）,https://cet.neea.edu.cn/res/Home/1704/55b02330ac17274664f06d9d3db8249d.pdf,130
storm stormy,官方词表未提供读音,官方《全国大学英语四、六级考试大纲（2016年修订版）》词表词目；官方未提供释义,官方词表只列词形，不列例句,1,全国大学英语四、六级考试大纲（2016年修订版）,https://cet.neea.edu.cn/res/Home/1704/55b02330ac17274664f06d9d3db8249d.pdf,130
story,官方词表未提供读音,官方《全国大学英语四、六级考试大纲（2016年修订版）》词表词目；官方未提供释义,官方词表只列词形，不列例句,1,全国大学英语四、六级考试大纲（2016年修订版）,https://cet.neea.edu.cn/res/Home/1704/55b02330ac17274664f06d9d3db8249d.pdf,130
stor(e)y,官方词表未提供读音,官方《全国大学英语四、六级考试大纲（2016年修订版）》词表词目；官方未提供释义,官方词表只列词形，不列例句,1,全国大学英语四、六级考试大纲（2016年修订版）,https://cet.neea.edu.cn/res/Home/1704/55b02330ac17274664f06d9d3db8249d.pdf,130
stove,官方词表未提供读音,官方《全国大学英语四、六级考试大纲（2016年修订版）》词表词目；官方未提供释义,官方词表只列词形，不列例句,1,全国大学英语四、六级考试大纲（2016年修订版）,https://cet.neea.edu.cn/res/Home/1704/55b02330ac17274664f06d9d3db8249d.pdf,130
straight straighten,官方词表未提供读音,官方《全国大学英语四、六级考试大纲（2016年修订版）》词表词目；官方未提供释义,官方词表只列词形，不列例句,1,全国大学英语四、六级考试大纲（2016年修订版）,https://cet.neea.edu.cn/res/Home/1704/55b02330ac17274664f06d9d3db8249d.pdf,130
straightforward,官方词表未提供读音,官方《全国大学英语四、六级考试大纲（2016年修订版）》词表词目；官方未提供释义,官方词表只列词形，不列例句,1,全国大学英语四、六级考试大纲（2016年修订版）,https://cet.neea.edu.cn/res/Home/1704/55b02330ac17274664f06d9d3db8249d.pdf,130
strain,官方词表未提供读音,官方《全国大学英语四、六级考试大纲（2016年修订版）》词表词目；官方未提供释义,官方词表只列词形，不列例句,1,全国大学英语四、六级考试大纲（2016年修订版）,https://cet.neea.edu.cn/res/Home/1704/55b02330ac17274664f06d9d3db8249d.pdf,130
strange stranger,官方词表未提供读音,官方《全国大学英语四、六级考试大纲（2016年修订版）》词表词目；官方未提供释义,官方词表只列词形，不列例句,1,全国大学英语四、六级考试大纲（2016年修订版）,https://cet.neea.edu.cn/res/Home/1704/55b02330ac17274664f06d9d3db8249d.pdf,130
strap,官方词表未提供读音,官方《全国大学英语四、六级考试大纲（2016年修订版）》词表词目；官方未提供释义,官方词表只列词形，不列例句,1,全国大学英语四、六级考试大纲（2016年修订版）,https://cet.neea.edu.cn/res/Home/1704/55b02330ac17274664f06d9d3db8249d.pdf,130
strategy strategic,官方词表未提供读音,官方《全国大学英语四、六级考试大纲（2016年修订版）》词表词目；官方未提供释义,官方词表只列词形，不列例句,1,全国大学英语四、六级考试大纲（2016年修订版）,https://cet.neea.edu.cn/res/Home/1704/55b02330ac17274664f06d9d3db8249d.pdf,130
straw,官方词表未提供读音,官方《全国大学英语四、六级考试大纲（2016年修订版）》词表词目；官方未提供释义,官方词表只列词形，不列例句,1,全国大学英语四、六级考试大纲（2016年修订版）,https://cet.neea.edu.cn/res/Home/1704/55b02330ac17274664f06d9d3db8249d.pdf,130
stream,官方词表未提供读音,官方《全国大学英语四、六级考试大纲（2016年修订版）》词表词目；官方未提供释义,官方词表只列词形，不列例句,1,全国大学英语四、六级考试大纲（2016年修订版）,https://cet.neea.edu.cn/res/Home/1704/55b02330ac17274664f06d9d3db8249d.pdf,130
street,官方词表未提供读音,官方《全国大学英语四、六级考试大纲（2016年修订版）》词表词目；官方未提供释义,官方词表只列词形，不列例句,1,全国大学英语四、六级考试大纲（2016年修订版）,https://cet.neea.edu.cn/res/Home/1704/55b02330ac17274664f06d9d3db8249d.pdf,130
stress stressful,官方词表未提供读音,官方《全国大学英语四、六级考试大纲（2016年修订版）》词表词目；官方未提供释义,官方词表只列词形，不列例句,1,全国大学英语四、六级考试大纲（2016年修订版）,https://cet.neea.edu.cn/res/Home/1704/55b02330ac17274664f06d9d3db8249d.pdf,130
stretch,官方词表未提供读音,官方《全国大学英语四、六级考试大纲（2016年修订版）》词表词目；官方未提供释义,官方词表只列词形，不列例句,1,全国大学英语四、六级考试大纲（2016年修订版）,https://cet.neea.edu.cn/res/Home/1704/55b02330ac17274664f06d9d3db8249d.pdf,130
strict,官方词表未提供读音,官方《全国大学英语四、六级考试大纲（2016年修订版）》词表词目；官方未提供释义,官方词表只列词形，不列例句,1,全国大学英语四、六级考试大纲（2016年修订版）,https://cet.neea.edu.cn/res/Home/1704/55b02330ac17274664f06d9d3db8249d.pdf,130
stride,官方词表未提供读音,官方《全国大学英语四、六级考试大纲（2016年修订版）》词表词目；官方未提供释义,官方词表只列词形，不列例句,1,全国大学英语四、六级考试大纲（2016年修订版）,https://cet.neea.edu.cn/res/Home/1704/55b02330ac17274664f06d9d3db8249d.pdf,130
strike striking,官方词表未提供读音,官方《全国大学英语四、六级考试大纲（2016年修订版）》词表词目；官方未提供释义,官方词表只列词形，不列例句,1,全国大学英语四、六级考试大纲（2016年修订版）,https://cet.neea.edu.cn/res/Home/1704/55b02330ac17274664f06d9d3db8249d.pdf,130
string,官方词表未提供读音,官方《全国大学英语四、六级考试大纲（2016年修订版）》词表词目；官方未提供释义,官方词表只列词形，不列例句,1,全国大学英语四、六级考试大纲（2016年修订版）,https://cet.neea.edu.cn/res/Home/1704/55b02330ac17274664f06d9d3db8249d.pdf,130
strip,官方词表未提供读音,官方《全国大学英语四、六级考试大纲（2016年修订版）》词表词目；官方未提供释义,官方词表只列词形，不列例句,1,全国大学英语四、六级考试大纲（2016年修订版）,https://cet.neea.edu.cn/res/Home/1704/55b02330ac17274664f06d9d3db8249d.pdf,130
stripe,官方词表未提供读音,官方《全国大学英语四、六级考试大纲（2016年修订版）》词表词目；官方未提供释义,官方词表只列词形，不列例句,1,全国大学英语四、六级考试大纲（2016年修订版）,https://cet.neea.edu.cn/res/Home/1704/55b02330ac17274664f06d9d3db8249d.pdf,130
strive,官方词表未提供读音,官方《全国大学英语四、六级考试大纲（2016年修订版）》词表词目；官方未提供释义,官方词表只列词形，不列例句,1,全国大学英语四、六级考试大纲（2016年修订版）,https://cet.neea.edu.cn/res/Home/1704/55b02330ac17274664f06d9d3db8249d.pdf,130
stroke,官方词表未提供读音,官方《全国大学英语四、六级考试大纲（2016年修订版）》词表词目；官方未提供释义,官方词表只列词形，不列例句,1,全国大学英语四、六级考试大纲（2016年修订版）,https://cet.neea.edu.cn/res/Home/1704/55b02330ac17274664f06d9d3db8249d.pdf,130
strong strength strengthen,官方词表未提供读音,官方《全国大学英语四、六级考试大纲（2016年修订版）》词表词目；官方未提供释义,官方词表只列词形，不列例句,1,全国大学英语四、六级考试大纲（2016年修订版）,https://cet.neea.edu.cn/res/Home/1704/55b02330ac17274664f06d9d3db8249d.pdf,130
structure structural,官方词表未提供读音,官方《全国大学英语四、六级考试大纲（2016年修订版）》词表词目；官方未提供释义,官方词表只列词形，不列例句,1,全国大学英语四、六级考试大纲（2016年修订版）,https://cet.neea.edu.cn/res/Home/1704/55b02330ac17274664f06d9d3db8249d.pdf,131
struggle,官方词表未提供读音,官方《全国大学英语四、六级考试大纲（2016年修订版）》词表词目；官方未提供释义,官方词表只列词形，不列例句,1,全国大学英语四、六级考试大纲（2016年修订版）,https://cet.neea.edu.cn/res/Home/1704/55b02330ac17274664f06d9d3db8249d.pdf,131
student,官方词表未提供读音,官方《全国大学英语四、六级考试大纲（2016年修订版）》词表词目；官方未提供释义,官方词表只列词形，不列例句,1,全国大学英语四、六级考试大纲（2016年修订版）,https://cet.neea.edu.cn/res/Home/1704/55b02330ac17274664f06d9d3db8249d.pdf,131
studio,官方词表未提供读音,官方《全国大学英语四、六级考试大纲（2016年修订版）》词表词目；官方未提供释义,官方词表只列词形，不列例句,1,全国大学英语四、六级考试大纲（2016年修订版）,https://cet.neea.edu.cn/res/Home/1704/55b02330ac17274664f06d9d3db8249d.pdf,131
study,官方词表未提供读音,官方《全国大学英语四、六级考试大纲（2016年修订版）》词表词目；官方未提供释义,官方词表只列词形，不列例句,1,全国大学英语四、六级考试大纲（2016年修订版）,https://cet.neea.edu.cn/res/Home/1704/55b02330ac17274664f06d9d3db8249d.pdf,131
stuff stuffy stuffing,官方词表未提供读音,官方《全国大学英语四、六级考试大纲（2016年修订版）》词表词目；官方未提供释义,官方词表只列词形，不列例句,1,全国大学英语四、六级考试大纲（2016年修订版）,https://cet.neea.edu.cn/res/Home/1704/55b02330ac17274664f06d9d3db8249d.pdf,131
stupid stupidity,官方词表未提供读音,官方《全国大学英语四、六级考试大纲（2016年修订版）》词表词目；官方未提供释义,官方词表只列词形，不列例句,1,全国大学英语四、六级考试大纲（2016年修订版）,https://cet.neea.edu.cn/res/Home/1704/55b02330ac17274664f06d9d3db8249d.pdf,131
style stylish,官方词表未提供读音,官方《全国大学英语四、六级考试大纲（2016年修订版）》词表词目；官方未提供释义,官方词表只列词形，不列例句,1,全国大学英语四、六级考试大纲（2016年修订版）,https://cet.neea.edu.cn/res/Home/1704/55b02330ac17274664f06d9d3db8249d.pdf,131
subject,官方词表未提供读音,官方《全国大学英语四、六级考试大纲（2016年修订版）》词表词目；官方未提供释义,官方词表只列词形，不列例句,1,全国大学英语四、六级考试大纲（2016年修订版）,https://cet.neea.edu.cn/res/Home/1704/55b02330ac17274664f06d9d3db8249d.pdf,131
subjective,官方词表未提供读音,官方《全国大学英语四、六级考试大纲（2016年修订版）》词表词目；官方未提供释义,官方词表只列词形，不列例句,1,全国大学英语四、六级考试大纲（2016年修订版）,https://cet.neea.edu.cn/res/Home/1704/55b02330ac17274664f06d9d3db8249d.pdf,131
submit submission submissive,官方词表未提供读音,官方《全国大学英语四、六级考试大纲（2016年修订版）》词表词目；官方未提供释义,官方词表只列词形，不列例句,1,全国大学英语四、六级考试大纲（2016年修订版）,https://cet.neea.edu.cn/res/Home/1704/55b02330ac17274664f06d9d3db8249d.pdf,131
subsequent,官方词表未提供读音,官方《全国大学英语四、六级考试大纲（2016年修订版）》词表词目；官方未提供释义,官方词表只列词形，不列例句,1,全国大学英语四、六级考试大纲（2016年修订版）,https://cet.neea.edu.cn/res/Home/1704/55b02330ac17274664f06d9d3db8249d.pdf,131
substance substantial,官方词表未提供读音,官方《全国大学英语四、六级考试大纲（2016年修订版）》词表词目；官方未提供释义,官方词表只列词形，不列例句,1,全国大学英语四、六级考试大纲（2016年修订版）,https://cet.neea.edu.cn/res/Home/1704/55b02330ac17274664f06d9d3db8249d.pdf,131
substitute substitution,官方词表未提供读音,官方《全国大学英语四、六级考试大纲（2016年修订版）》词表词目；官方未提供释义,官方词表只列词形，不列例句,1,全国大学英语四、六级考试大纲（2016年修订版）,https://cet.neea.edu.cn/res/Home/1704/55b02330ac17274664f06d9d3db8249d.pdf,131
subtract subtraction,官方词表未提供读音,官方《全国大学英语四、六级考试大纲（2016年修订版）》词表词目；官方未提供释义,官方词表只列词形，不列例句,1,全国大学英语四、六级考试大纲（2016年修订版）,https://cet.neea.edu.cn/res/Home/1704/55b02330ac17274664f06d9d3db8249d.pdf,131
suburb suburban,官方词表未提供读音,官方《全国大学英语四、六级考试大纲（2016年修订版）》词表词目；官方未提供释义,官方词表只列词形，不列例句,1,全国大学英语四、六级考试大纲（2016年修订版）,https://cet.neea.edu.cn/res/Home/1704/55b02330ac17274664f06d9d3db8249d.pdf,131
subway,官方词表未提供读音,官方《全国大学英语四、六级考试大纲（2016年修订版）》词表词目；官方未提供释义,官方词表只列词形，不列例句,1,全国大学英语四、六级考试大纲（2016年修订版）,https://cet.neea.edu.cn/res/Home/1704/55b02330ac17274664f06d9d3db8249d.pdf,131
succeed successor succession successive,官方词表未提供读音,官方《全国大学英语四、六级考试大纲（2016年修订版）》词表词目；官方未提供释义,官方词表只列词形，不列例句,1,全国大学英语四、六级考试大纲（2016年修订版）,https://cet.neea.edu.cn/res/Home/1704/55b02330ac17274664f06d9d3db8249d.pdf,131
success successful,官方词表未提供读音,官方《全国大学英语四、六级考试大纲（2016年修订版）》词表词目；官方未提供释义,官方词表只列词形，不列例句,1,全国大学英语四、六级考试大纲（2016年修订版）,https://cet.neea.edu.cn/res/Home/1704/55b02330ac17274664f06d9d3db8249d.pdf,131
such,官方词表未提供读音,官方《全国大学英语四、六级考试大纲（2016年修订版）》词表词目；官方未提供释义,官方词表只列词形，不列例句,1,全国大学英语四、六级考试大纲（2016年修订版）,https://cet.neea.edu.cn/res/Home/1704/55b02330ac17274664f06d9d3db8249d.pdf,131
suck,官方词表未提供读音,官方《全国大学英语四、六级考试大纲（2016年修订版）》词表词目；官方未提供释义,官方词表只列词形，不列例句,1,全国大学英语四、六级考试大纲（2016年修订版）,https://cet.neea.edu.cn/res/Home/1704/55b02330ac17274664f06d9d3db8249d.pdf,131
sudden suddenly,官方词表未提供读音,官方《全国大学英语四、六级考试大纲（2016年修订版）》词表词目；官方未提供释义,官方词表只列词形，不列例句,1,全国大学英语四、六级考试大纲（2016年修订版）,https://cet.neea.edu.cn/res/Home/1704/55b02330ac17274664f06d9d3db8249d.pdf,131
suffer suffering,官方词表未提供读音,官方《全国大学英语四、六级考试大纲（2016年修订版）》词表词目；官方未提供释义,官方词表只列词形，不列例句,1,全国大学英语四、六级考试大纲（2016年修订版）,https://cet.neea.edu.cn/res/Home/1704/55b02330ac17274664f06d9d3db8249d.pdf,131
sufficient,官方词表未提供读音,官方《全国大学英语四、六级考试大纲（2016年修订版）》词表词目；官方未提供释义,官方词表只列词形，不列例句,1,全国大学英语四、六级考试大纲（2016年修订版）,https://cet.neea.edu.cn/res/Home/1704/55b02330ac17274664f06d9d3db8249d.pdf,131
sugar,官方词表未提供读音,官方《全国大学英语四、六级考试大纲（2016年修订版）》词表词目；官方未提供释义,官方词表只列词形，不列例句,1,全国大学英语四、六级考试大纲（2016年修订版）,https://cet.neea.edu.cn/res/Home/1704/55b02330ac17274664f06d9d3db8249d.pdf,131
suggest suggestion suggestive,官方词表未提供读音,官方《全国大学英语四、六级考试大纲（2016年修订版）》词表词目；官方未提供释义,官方词表只列词形，不列例句,1,全国大学英语四、六级考试大纲（2016年修订版）,https://cet.neea.edu.cn/res/Home/1704/55b02330ac17274664f06d9d3db8249d.pdf,131
suit,官方词表未提供读音,官方《全国大学英语四、六级考试大纲（2016年修订版）》词表词目；官方未提供释义,官方词表只列词形，不列例句,1,全国大学英语四、六级考试大纲（2016年修订版）,https://cet.neea.edu.cn/res/Home/1704/55b02330ac17274664f06d9d3db8249d.pdf,132
suitable,官方词表未提供读音,官方《全国大学英语四、六级考试大纲（2016年修订版）》词表词目；官方未提供释义,官方词表只列词形，不列例句,1,全国大学英语四、六级考试大纲（2016年修订版）,https://cet.neea.edu.cn/res/Home/1704/55b02330ac17274664f06d9d3db8249d.pdf,132
suitcase,官方词表未提供读音,官方《全国大学英语四、六级考试大纲（2016年修订版）》词表词目；官方未提供释义,官方词表只列词形，不列例句,1,全国大学英语四、六级考试大纲（2016年修订版）,https://cet.neea.edu.cn/res/Home/1704/55b02330ac17274664f06d9d3db8249d.pdf,132
sum,官方词表未提供读音,官方《全国大学英语四、六级考试大纲（2016年修订版）》词表词目；官方未提供释义,官方词表只列词形，不列例句,1,全国大学英语四、六级考试大纲（2016年修订版）,https://cet.neea.edu.cn/res/Home/1704/55b02330ac17274664f06d9d3db8249d.pdf,132
summary summarize/-ise,官方词表未提供读音,官方《全国大学英语四、六级考试大纲（2016年修订版）》词表词目；官方未提供释义,官方词表只列词形，不列例句,1,全国大学英语四、六级考试大纲（2016年修订版）,https://cet.neea.edu.cn/res/Home/1704/55b02330ac17274664f06d9d3db8249d.pdf,132
summer,官方词表未提供读音,官方《全国大学英语四、六级考试大纲（2016年修订版）》词表词目；官方未提供释义,官方词表只列词形，不列例句,1,全国大学英语四、六级考试大纲（2016年修订版）,https://cet.neea.edu.cn/res/Home/1704/55b02330ac17274664f06d9d3db8249d.pdf,132
summit,官方词表未提供读音,官方《全国大学英语四、六级考试大纲（2016年修订版）》词表词目；官方未提供释义,官方词表只列词形，不列例句,1,全国大学英语四、六级考试大纲（2016年修订版）,https://cet.neea.edu.cn/res/Home/1704/55b02330ac17274664f06d9d3db8249d.pdf,132
sun sunny,官方词表未提供读音,官方《全国大学英语四、六级考试大纲（2016年修订版）》词表词目；官方未提供释义,官方词表只列词形，不列例句,1,全国大学英语四、六级考试大纲（2016年修订版）,https://cet.neea.edu.cn/res/Home/1704/55b02330ac17274664f06d9d3db8249d.pdf,132
Sunday,官方词表未提供读音,官方《全国大学英语四、六级考试大纲（2016年修订版）》词表词目；官方未提供释义,官方词表只列词形，不列例句,1,全国大学英语四、六级考试大纲（2016年修订版）,https://cet.neea.edu.cn/res/Home/1704/55b02330ac17274664f06d9d3db8249d.pdf,132
sunlight,官方词表未提供读音,官方《全国大学英语四、六级考试大纲（2016年修订版）》词表词目；官方未提供释义,官方词表只列词形，不列例句,1,全国大学英语四、六级考试大纲（2016年修订版）,https://cet.neea.edu.cn/res/Home/1704/55b02330ac17274664f06d9d3db8249d.pdf,132
sunrise,官方词表未提供读音,官方《全国大学英语四、六级考试大纲（2016年修订版）》词表词目；官方未提供释义,官方词表只列词形，不列例句,1,全国大学英语四、六级考试大纲（2016年修订版）,https://cet.neea.edu.cn/res/Home/1704/55b02330ac17274664f06d9d3db8249d.pdf,132
sunset,官方词表未提供读音,官方《全国大学英语四、六级考试大纲（2016年修订版）》词表词目；官方未提供释义,官方词表只列词形，不列例句,1,全国大学英语四、六级考试大纲（2016年修订版）,https://cet.neea.edu.cn/res/Home/1704/55b02330ac17274664f06d9d3db8249d.pdf,132
sunshine,官方词表未提供读音,官方《全国大学英语四、六级考试大纲（2016年修订版）》词表词目；官方未提供释义,官方词表只列词形，不列例句,1,全国大学英语四、六级考试大纲（2016年修订版）,https://cet.neea.edu.cn/res/Home/1704/55b02330ac17274664f06d9d3db8249d.pdf,132
super,官方词表未提供读音,官方《全国大学英语四、六级考试大纲（2016年修订版）》词表词目；官方未提供释义,官方词表只列词形，不列例句,1,全国大学英语四、六级考试大纲（2016年修订版）,https://cet.neea.edu.cn/res/Home/1704/55b02330ac17274664f06d9d3db8249d.pdf,132
superb,官方词表未提供读音,官方《全国大学英语四、六级考试大纲（2016年修订版）》词表词目；官方未提供释义,官方词表只列词形，不列例句,1,全国大学英语四、六级考试大纲（2016年修订版）,https://cet.neea.edu.cn/res/Home/1704/55b02330ac17274664f06d9d3db8249d.pdf,132
superficial,官方词表未提供读音,官方《全国大学英语四、六级考试大纲（2016年修订版）》词表词目；官方未提供释义,官方词表只列词形，不列例句,1,全国大学英语四、六级考试大纲（2016年修订版）,https://cet.neea.edu.cn/res/Home/1704/55b02330ac17274664f06d9d3db8249d.pdf,132
superior superiority,官方词表未提供读音,官方《全国大学英语四、六级考试大纲（2016年修订版）》词表词目；官方未提供释义,官方词表只列词形，不列例句,1,全国大学英语四、六级考试大纲（2016年修订版）,https://cet.neea.edu.cn/res/Home/1704/55b02330ac17274664f06d9d3db8249d.pdf,132
supermarket,官方词表未提供读音,官方《全国大学英语四、六级考试大纲（2016年修订版）》词表词目；官方未提供释义,官方词表只列词形，不列例句,1,全国大学英语四、六级考试大纲（2016年修订版）,https://cet.neea.edu.cn/res/Home/1704/55b02330ac17274664f06d9d3db8249d.pdf,132
supervise supervision supervisor,官方词表未提供读音,官方《全国大学英语四、六级考试大纲（2016年修订版）》词表词目；官方未提供释义,官方词表只列词形，不列例句,1,全国大学英语四、六级考试大纲（2016年修订版）,https://cet.neea.edu.cn/res/Home/1704/55b02330ac17274664f06d9d3db8249d.pdf,132
supper,官方词表未提供读音,官方《全国大学英语四、六级考试大纲（2016年修订版）》词表词目；官方未提供释义,官方词表只列词形，不列例句,1,全国大学英语四、六级考试大纲（2016年修订版）,https://cet.neea.edu.cn/res/Home/1704/55b02330ac17274664f06d9d3db8249d.pdf,132
supplement supplementary,官方词表未提供读音,官方《全国大学英语四、六级考试大纲（2016年修订版）》词表词目；官方未提供释义,官方词表只列词形，不列例句,1,全国大学英语四、六级考试大纲（2016年修订版）,https://cet.neea.edu.cn/res/Home/1704/55b02330ac17274664f06d9d3db8249d.pdf,132
supply supplier,官方词表未提供读音,官方《全国大学英语四、六级考试大纲（2016年修订版）》词表词目；官方未提供释义,官方词表只列词形，不列例句,1,全国大学英语四、六级考试大纲（2016年修订版）,https://cet.neea.edu.cn/res/Home/1704/55b02330ac17274664f06d9d3db8249d.pdf,132
support supportive supporter,官方词表未提供读音,官方《全国大学英语四、六级考试大纲（2016年修订版）》词表词目；官方未提供释义,官方词表只列词形，不列例句,1,全国大学英语四、六级考试大纲（2016年修订版）,https://cet.neea.edu.cn/res/Home/1704/55b02330ac17274664f06d9d3db8249d.pdf,132
suppose supposition supposedly,官方词表未提供读音,官方《全国大学英语四、六级考试大纲（2016年修订版）》词表词目；官方未提供释义,官方词表只列词形，不列例句,1,全国大学英语四、六级考试大纲（2016年修订版）,https://cet.neea.edu.cn/res/Home/1704/55b02330ac17274664f06d9d3db8249d.pdf,132
supreme supremacy,官方词表未提供读音,官方《全国大学英语四、六级考试大纲（2016年修订版）》词表词目；官方未提供释义,官方词表只列词形，不列例句,1,全国大学英语四、六级考试大纲（2016年修订版）,https://cet.neea.edu.cn/res/Home/1704/55b02330ac17274664f06d9d3db8249d.pdf,132
sure,官方词表未提供读音,官方《全国大学英语四、六级考试大纲（2016年修订版）》词表词目；官方未提供释义,官方词表只列词形，不列例句,1,全国大学英语四、六级考试大纲（2016年修订版）,https://cet.neea.edu.cn/res/Home/1704/55b02330ac17274664f06d9d3db8249d.pdf,132
surf surfing,官方词表未提供读音,官方《全国大学英语四、六级考试大纲（2016年修订版）》词表词目；官方未提供释义,官方词表只列词形，不列例句,1,全国大学英语四、六级考试大纲（2016年修订版）,https://cet.neea.edu.cn/res/Home/1704/55b02330ac17274664f06d9d3db8249d.pdf,132
surface,官方词表未提供读音,官方《全国大学英语四、六级考试大纲（2016年修订版）》词表词目；官方未提供释义,官方词表只列词形，不列例句,1,全国大学英语四、六级考试大纲（2016年修订版）,https://cet.neea.edu.cn/res/Home/1704/55b02330ac17274664f06d9d3db8249d.pdf,132
surge,官方词表未提供读音,官方《全国大学英语四、六级考试大纲（2016年修订版）》词表词目；官方未提供释义,官方词表只列词形，不列例句,1,全国大学英语四、六级考试大纲（2016年修订版）,https://cet.neea.edu.cn/res/Home/1704/55b02330ac17274664f06d9d3db8249d.pdf,132
surgery surgical surgeon,官方词表未提供读音,官方《全国大学英语四、六级考试大纲（2016年修订版）》词表词目；官方未提供释义,官方词表只列词形，不列例句,1,全国大学英语四、六级考试大纲（2016年修订版）,https://cet.neea.edu.cn/res/Home/1704/55b02330ac17274664f06d9d3db8249d.pdf,132
surname,官方词表未提供读音,官方《全国大学英语四、六级考试大纲（2016年修订版）》词表词目；官方未提供释义,官方词表只列词形，不列例句,1,全国大学英语四、六级考试大纲（2016年修订版）,https://cet.neea.edu.cn/res/Home/1704/55b02330ac17274664f06d9d3db8249d.pdf,132
surplus,官方词表未提供读音,官方《全国大学英语四、六级考试大纲（2016年修订版）》词表词目；官方未提供释义,官方词表只列词形，不列例句,1,全国大学英语四、六级考试大纲（2016年修订版）,https://cet.neea.edu.cn/res/Home/1704/55b02330ac17274664f06d9d3db8249d.pdf,132
surprise,官方词表未提供读音,官方《全国大学英语四、六级考试大纲（2016年修订版）》词表词目；官方未提供释义,官方词表只列词形，不列例句,1,全国大学英语四、六级考试大纲（2016年修订版）,https://cet.neea.edu.cn/res/Home/1704/55b02330ac17274664f06d9d3db8249d.pdf,132
surrender,官方词表未提供读音,官方《全国大学英语四、六级考试大纲（2016年修订版）》词表词目；官方未提供释义,官方词表只列词形，不列例句,1,全国大学英语四、六级考试大纲（2016年修订版）,https://cet.neea.edu.cn/res/Home/1704/55b02330ac17274664f06d9d3db8249d.pdf,132
surround surroundings,官方词表未提供读音,官方《全国大学英语四、六级考试大纲（2016年修订版）》词表词目；官方未提供释义,官方词表只列词形，不列例句,1,全国大学英语四、六级考试大纲（2016年修订版）,https://cet.neea.edu.cn/res/Home/1704/55b02330ac17274664f06d9d3db8249d.pdf,132
survey,官方词表未提供读音,官方《全国大学英语四、六级考试大纲（2016年修订版）》词表词目；官方未提供释义,官方词表只列词形，不列例句,1,全国大学英语四、六级考试大纲（2016年修订版）,https://cet.neea.edu.cn/res/Home/1704/55b02330ac17274664f06d9d3db8249d.pdf,133
survive survival survivor,官方词表未提供读音,官方《全国大学英语四、六级考试大纲（2016年修订版）》词表词目；官方未提供释义,官方词表只列词形，不列例句,1,全国大学英语四、六级考试大纲（2016年修订版）,https://cet.neea.edu.cn/res/Home/1704/55b02330ac17274664f06d9d3db8249d.pdf,133
suspect,官方词表未提供读音,官方《全国大学英语四、六级考试大纲（2016年修订版）》词表词目；官方未提供释义,官方词表只列词形，不列例句,1,全国大学英语四、六级考试大纲（2016年修订版）,https://cet.neea.edu.cn/res/Home/1704/55b02330ac17274664f06d9d3db8249d.pdf,133
suspend suspension suspense,官方词表未提供读音,官方《全国大学英语四、六级考试大纲（2016年修订版）》词表词目；官方未提供释义,官方词表只列词形，不列例句,1,全国大学英语四、六级考试大纲（2016年修订版）,https://cet.neea.edu.cn/res/Home/1704/55b02330ac17274664f06d9d3db8249d.pdf,133
suspicion suspicious,官方词表未提供读音,官方《全国大学英语四、六级考试大纲（2016年修订版）》词表词目；官方未提供释义,官方词表只列词形，不列例句,1,全国大学英语四、六级考试大纲（2016年修订版）,https://cet.neea.edu.cn/res/Home/1704/55b02330ac17274664f06d9d3db8249d.pdf,133
sustain sustainable sustainability,官方词表未提供读音,官方《全国大学英语四、六级考试大纲（2016年修订版）》词表词目；官方未提供释义,官方词表只列词形，不列例句,1,全国大学英语四、六级考试大纲（2016年修订版）,https://cet.neea.edu.cn/res/Home/1704/55b02330ac17274664f06d9d3db8249d.pdf,133
swallow,官方词表未提供读音,官方《全国大学英语四、六级考试大纲（2016年修订版）》词表词目；官方未提供释义,官方词表只列词形，不列例句,1,全国大学英语四、六级考试大纲（2016年修订版）,https://cet.neea.edu.cn/res/Home/1704/55b02330ac17274664f06d9d3db8249d.pdf,133
sway,官方词表未提供读音,官方《全国大学英语四、六级考试大纲（2016年修订版）》词表词目；官方未提供释义,官方词表只列词形，不列例句,1,全国大学英语四、六级考试大纲（2016年修订版）,https://cet.neea.edu.cn/res/Home/1704/55b02330ac17274664f06d9d3db8249d.pdf,133
swear,官方词表未提供读音,官方《全国大学英语四、六级考试大纲（2016年修订版）》词表词目；官方未提供释义,官方词表只列词形，不列例句,1,全国大学英语四、六级考试大纲（2016年修订版）,https://cet.neea.edu.cn/res/Home/1704/55b02330ac17274664f06d9d3db8249d.pdf,133
sweat sweater,官方词表未提供读音,官方《全国大学英语四、六级考试大纲（2016年修订版）》词表词目；官方未提供释义,官方词表只列词形，不列例句,1,全国大学英语四、六级考试大纲（2016年修订版）,https://cet.neea.edu.cn/res/Home/1704/55b02330ac17274664f06d9d3db8249d.pdf,133
sweep,官方词表未提供读音,官方《全国大学英语四、六级考试大纲（2016年修订版）》词表词目；官方未提供释义,官方词表只列词形，不列例句,1,全国大学英语四、六级考试大纲（2016年修订版）,https://cet.neea.edu.cn/res/Home/1704/55b02330ac17274664f06d9d3db8249d.pdf,133
sweet,官方词表未提供读音,官方《全国大学英语四、六级考试大纲（2016年修订版）》词表词目；官方未提供释义,官方词表只列词形，不列例句,1,全国大学英语四、六级考试大纲（2016年修订版）,https://cet.neea.edu.cn/res/Home/1704/55b02330ac17274664f06d9d3db8249d.pdf,133
swell,官方词表未提供读音,官方《全国大学英语四、六级考试大纲（2016年修订版）》词表词目；官方未提供释义,官方词表只列词形，不列例句,1,全国大学英语四、六级考试大纲（2016年修订版）,https://cet.neea.edu.cn/res/Home/1704/55b02330ac17274664f06d9d3db8249d.pdf,133
swift,官方词表未提供读音,官方《全国大学英语四、六级考试大纲（2016年修订版）》词表词目；官方未提供释义,官方词表只列词形，不列例句,1,全国大学英语四、六级考试大纲（2016年修订版）,https://cet.neea.edu.cn/res/Home/1704/55b02330ac17274664f06d9d3db8249d.pdf,133
swim swimming swimmer,官方词表未提供读音,官方《全国大学英语四、六级考试大纲（2016年修订版）》词表词目；官方未提供释义,官方词表只列词形，不列例句,1,全国大学英语四、六级考试大纲（2016年修订版）,https://cet.neea.edu.cn/res/Home/1704/55b02330ac17274664f06d9d3db8249d.pdf,133
swing,官方词表未提供读音,官方《全国大学英语四、六级考试大纲（2016年修订版）》词表词目；官方未提供释义,官方词表只列词形，不列例句,1,全国大学英语四、六级考试大纲（2016年修订版）,https://cet.neea.edu.cn/res/Home/1704/55b02330ac17274664f06d9d3db8249d.pdf,133
swipe,官方词表未提供读音,官方《全国大学英语四、六级考试大纲（2016年修订版）》词表词目；官方未提供释义,官方词表只列词形，不列例句,1,全国大学英语四、六级考试大纲（2016年修订版）,https://cet.neea.edu.cn/res/Home/1704/55b02330ac17274664f06d9d3db8249d.pdf,133
switch,官方词表未提供读音,官方《全国大学英语四、六级考试大纲（2016年修订版）》词表词目；官方未提供释义,官方词表只列词形，不列例句,1,全国大学英语四、六级考试大纲（2016年修订版）,https://cet.neea.edu.cn/res/Home/1704/55b02330ac17274664f06d9d3db8249d.pdf,133
sword,官方词表未提供读音,官方《全国大学英语四、六级考试大纲（2016年修订版）》词表词目；官方未提供释义,官方词表只列词形，不列例句,1,全国大学英语四、六级考试大纲（2016年修订版）,https://cet.neea.edu.cn/res/Home/1704/55b02330ac17274664f06d9d3db8249d.pdf,133
symbol symbolic(al),官方词表未提供读音,官方《全国大学英语四、六级考试大纲（2016年修订版）》词表词目；官方未提供释义,官方词表只列词形，不列例句,1,全国大学英语四、六级考试大纲（2016年修订版）,https://cet.neea.edu.cn/res/Home/1704/55b02330ac17274664f06d9d3db8249d.pdf,133
sympathy sympathetic sympathize/-ise,官方词表未提供读音,官方《全国大学英语四、六级考试大纲（2016年修订版）》词表词目；官方未提供释义,官方词表只列词形，不列例句,1,全国大学英语四、六级考试大纲（2016年修订版）,https://cet.neea.edu.cn/res/Home/1704/55b02330ac17274664f06d9d3db8249d.pdf,133
symptom,官方词表未提供读音,官方《全国大学英语四、六级考试大纲（2016年修订版）》词表词目；官方未提供释义,官方词表只列词形，不列例句,1,全国大学英语四、六级考试大纲（2016年修订版）,https://cet.neea.edu.cn/res/Home/1704/55b02330ac17274664f06d9d3db8249d.pdf,133
system systematic systematically,官方词表未提供读音,官方《全国大学英语四、六级考试大纲（2016年修订版）》词表词目；官方未提供释义,官方词表只列词形，不列例句,1,全国大学英语四、六级考试大纲（2016年修订版）,https://cet.neea.edu.cn/res/Home/1704/55b02330ac17274664f06d9d3db8249d.pdf,133
table,官方词表未提供读音,官方《全国大学英语四、六级考试大纲（2016年修订版）》词表词目；官方未提供释义,官方词表只列词形，不列例句,1,全国大学英语四、六级考试大纲（2016年修订版）,https://cet.neea.edu.cn/res/Home/1704/55b02330ac17274664f06d9d3db8249d.pdf,133
tablet,官方词表未提供读音,官方《全国大学英语四、六级考试大纲（2016年修订版）》词表词目；官方未提供释义,官方词表只列词形，不列例句,1,全国大学英语四、六级考试大纲（2016年修订版）,https://cet.neea.edu.cn/res/Home/1704/55b02330ac17274664f06d9d3db8249d.pdf,133
tackle,官方词表未提供读音,官方《全国大学英语四、六级考试大纲（2016年修订版）》词表词目；官方未提供释义,官方词表只列词形，不列例句,1,全国大学英语四、六级考试大纲（2016年修订版）,https://cet.neea.edu.cn/res/Home/1704/55b02330ac17274664f06d9d3db8249d.pdf,133
tag,官方词表未提供读音,官方《全国大学英语四、六级考试大纲（2016年修订版）》词表词目；官方未提供释义,官方词表只列词形，不列例句,1,全国大学英语四、六级考试大纲（2016年修订版）,https://cet.neea.edu.cn/res/Home/1704/55b02330ac17274664f06d9d3db8249d.pdf,134
tail,官方词表未提供读音,官方《全国大学英语四、六级考试大纲（2016年修订版）》词表词目；官方未提供释义,官方词表只列词形，不列例句,1,全国大学英语四、六级考试大纲（2016年修订版）,https://cet.neea.edu.cn/res/Home/1704/55b02330ac17274664f06d9d3db8249d.pdf,134
tailor,官方词表未提供读音,官方《全国大学英语四、六级考试大纲（2016年修订版）》词表词目；官方未提供释义,官方词表只列词形，不列例句,1,全国大学英语四、六级考试大纲（2016年修订版）,https://cet.neea.edu.cn/res/Home/1704/55b02330ac17274664f06d9d3db8249d.pdf,134
take,官方词表未提供读音,官方《全国大学英语四、六级考试大纲（2016年修订版）》词表词目；官方未提供释义,官方词表只列词形，不列例句,1,全国大学英语四、六级考试大纲（2016年修订版）,https://cet.neea.edu.cn/res/Home/1704/55b02330ac17274664f06d9d3db8249d.pdf,134
takeoff,官方词表未提供读音,官方《全国大学英语四、六级考试大纲（2016年修订版）》词表词目；官方未提供释义,官方词表只列词形，不列例句,1,全国大学英语四、六级考试大纲（2016年修订版）,https://cet.neea.edu.cn/res/Home/1704/55b02330ac17274664f06d9d3db8249d.pdf,134
tale,官方词表未提供读音,官方《全国大学英语四、六级考试大纲（2016年修订版）》词表词目；官方未提供释义,官方词表只列词形，不列例句,1,全国大学英语四、六级考试大纲（2016年修订版）,https://cet.neea.edu.cn/res/Home/1704/55b02330ac17274664f06d9d3db8249d.pdf,134
talent talented,官方词表未提供读音,官方《全国大学英语四、六级考试大纲（2016年修订版）》词表词目；官方未提供释义,官方词表只列词形，不列例句,1,全国大学英语四、六级考试大纲（2016年修订版）,https://cet.neea.edu.cn/res/Home/1704/55b02330ac17274664f06d9d3db8249d.pdf,134
talk talkative,官方词表未提供读音,官方《全国大学英语四、六级考试大纲（2016年修订版）》词表词目；官方未提供释义,官方词表只列词形，不列例句,1,全国大学英语四、六级考试大纲（2016年修订版）,https://cet.neea.edu.cn/res/Home/1704/55b02330ac17274664f06d9d3db8249d.pdf,134
tall,官方词表未提供读音,官方《全国大学英语四、六级考试大纲（2016年修订版）》词表词目；官方未提供释义,官方词表只列词形，不列例句,1,全国大学英语四、六级考试大纲（2016年修订版）,https://cet.neea.edu.cn/res/Home/1704/55b02330ac17274664f06d9d3db8249d.pdf,134
tame,官方词表未提供读音,官方《全国大学英语四、六级考试大纲（2016年修订版）》词表词目；官方未提供释义,官方词表只列词形，不列例句,1,全国大学英语四、六级考试大纲（2016年修订版）,https://cet.neea.edu.cn/res/Home/1704/55b02330ac17274664f06d9d3db8249d.pdf,134
tangible,官方词表未提供读音,官方《全国大学英语四、六级考试大纲（2016年修订版）》词表词目；官方未提供释义,官方词表只列词形，不列例句,1,全国大学英语四、六级考试大纲（2016年修订版）,https://cet.neea.edu.cn/res/Home/1704/55b02330ac17274664f06d9d3db8249d.pdf,134
tank,官方词表未提供读音,官方《全国大学英语四、六级考试大纲（2016年修订版）》词表词目；官方未提供释义,官方词表只列词形，不列例句,1,全国大学英语四、六级考试大纲（2016年修订版）,https://cet.neea.edu.cn/res/Home/1704/55b02330ac17274664f06d9d3db8249d.pdf,134
tap,官方词表未提供读音,官方《全国大学英语四、六级考试大纲（2016年修订版）》词表词目；官方未提供释义,官方词表只列词形，不列例句,1,全国大学英语四、六级考试大纲（2016年修订版）,https://cet.neea.edu.cn/res/Home/1704/55b02330ac17274664f06d9d3db8249d.pdf,134
tape,官方词表未提供读音,官方《全国大学英语四、六级考试大纲（2016年修订版）》词表词目；官方未提供释义,官方词表只列词形，不列例句,1,全国大学英语四、六级考试大纲（2016年修订版）,https://cet.neea.edu.cn/res/Home/1704/55b02330ac17274664f06d9d3db8249d.pdf,134
target,官方词表未提供读音,官方《全国大学英语四、六级考试大纲（2016年修订版）》词表词目；官方未提供释义,官方词表只列词形，不列例句,1,全国大学英语四、六级考试大纲（2016年修订版）,https://cet.neea.edu.cn/res/Home/1704/55b02330ac17274664f06d9d3db8249d.pdf,134
task,官方词表未提供读音,官方《全国大学英语四、六级考试大纲（2016年修订版）》词表词目；官方未提供释义,官方词表只列词形，不列例句,1,全国大学英语四、六级考试大纲（2016年修订版）,https://cet.neea.edu.cn/res/Home/1704/55b02330ac17274664f06d9d3db8249d.pdf,134
taste tasty,官方词表未提供读音,官方《全国大学英语四、六级考试大纲（2016年修订版）》词表词目；官方未提供释义,官方词表只列词形，不列例句,1,全国大学英语四、六级考试大纲（2016年修订版）,https://cet.neea.edu.cn/res/Home/1704/55b02330ac17274664f06d9d3db8249d.pdf,134
tax taxation,官方词表未提供读音,官方《全国大学英语四、六级考试大纲（2016年修订版）》词表词目；官方未提供释义,官方词表只列词形，不列例句,1,全国大学英语四、六级考试大纲（2016年修订版）,https://cet.neea.edu.cn/res/Home/1704/55b02330ac17274664f06d9d3db8249d.pdf,134
taxi,官方词表未提供读音,官方《全国大学英语四、六级考试大纲（2016年修订版）》词表词目；官方未提供释义,官方词表只列词形，不列例句,1,全国大学英语四、六级考试大纲（2016年修订版）,https://cet.neea.edu.cn/res/Home/1704/55b02330ac17274664f06d9d3db8249d.pdf,134
tea,官方词表未提供读音,官方《全国大学英语四、六级考试大纲（2016年修订版）》词表词目；官方未提供释义,官方词表只列词形，不列例句,1,全国大学英语四、六级考试大纲（2016年修订版）,https://cet.neea.edu.cn/res/Home/1704/55b02330ac17274664f06d9d3db8249d.pdf,134
teach teacher teaching,官方词表未提供读音,官方《全国大学英语四、六级考试大纲（2016年修订版）》词表词目；官方未提供释义,官方词表只列词形，不列例句,1,全国大学英语四、六级考试大纲（2016年修订版）,https://cet.neea.edu.cn/res/Home/1704/55b02330ac17274664f06d9d3db8249d.pdf,134
team,官方词表未提供读音,官方《全国大学英语四、六级考试大纲（2016年修订版）》词表词目；官方未提供释义,官方词表只列词形，不列例句,1,全国大学英语四、六级考试大纲（2016年修订版）,https://cet.neea.edu.cn/res/Home/1704/55b02330ac17274664f06d9d3db8249d.pdf,134
tear,官方词表未提供读音,官方《全国大学英语四、六级考试大纲（2016年修订版）》词表词目；官方未提供释义,官方词表只列词形，不列例句,1,全国大学英语四、六级考试大纲（2016年修订版）,https://cet.neea.edu.cn/res/Home/1704/55b02330ac17274664f06d9d3db8249d.pdf,134
technical technician,官方词表未提供读音,官方《全国大学英语四、六级考试大纲（2016年修订版）》词表词目；官方未提供释义,官方词表只列词形，不列例句,1,全国大学英语四、六级考试大纲（2016年修订版）,https://cet.neea.edu.cn/res/Home/1704/55b02330ac17274664f06d9d3db8249d.pdf,134
technique,官方词表未提供读音,官方《全国大学英语四、六级考试大纲（2016年修订版）》词表词目；官方未提供释义,官方词表只列词形，不列例句,1,全国大学英语四、六级考试大纲（2016年修订版）,https://cet.neea.edu.cn/res/Home/1704/55b02330ac17274664f06d9d3db8249d.pdf,134
technology/tech technological,官方词表未提供读音,官方《全国大学英语四、六级考试大纲（2016年修订版）》词表词目；官方未提供释义,官方词表只列词形，不列例句,1,全国大学英语四、六级考试大纲（2016年修订版）,https://cet.neea.edu.cn/res/Home/1704/55b02330ac17274664f06d9d3db8249d.pdf,134
tedious,官方词表未提供读音,官方《全国大学英语四、六级考试大纲（2016年修订版）》词表词目；官方未提供释义,官方词表只列词形，不列例句,1,全国大学英语四、六级考试大纲（2016年修订版）,https://cet.neea.edu.cn/res/Home/1704/55b02330ac17274664f06d9d3db8249d.pdf,134
teen,官方词表未提供读音,官方《全国大学英语四、六级考试大纲（2016年修订版）》词表词目；官方未提供释义,官方词表只列词形，不列例句,1,全国大学英语四、六级考试大纲（2016年修订版）,https://cet.neea.edu.cn/res/Home/1704/55b02330ac17274664f06d9d3db8249d.pdf,134
teenager,官方词表未提供读音,官方《全国大学英语四、六级考试大纲（2016年修订版）》词表词目；官方未提供释义,官方词表只列词形，不列例句,1,全国大学英语四、六级考试大纲（2016年修订版）,https://cet.neea.edu.cn/res/Home/1704/55b02330ac17274664f06d9d3db8249d.pdf,134
telecommunications,官方词表未提供读音,官方《全国大学英语四、六级考试大纲（2016年修订版）》词表词目；官方未提供释义,官方词表只列词形，不列例句,1,全国大学英语四、六级考试大纲（2016年修订版）,https://cet.neea.edu.cn/res/Home/1704/55b02330ac17274664f06d9d3db8249d.pdf,134
telephone/phone,官方词表未提供读音,官方《全国大学英语四、六级考试大纲（2016年修订版）》词表词目；官方未提供释义,官方词表只列词形，不列例句,1,全国大学英语四、六级考试大纲（2016年修订版）,https://cet.neea.edu.cn/res/Home/1704/55b02330ac17274664f06d9d3db8249d.pdf,134
telescope telescopic,官方词表未提供读音,官方《全国大学英语四、六级考试大纲（2016年修订版）》词表词目；官方未提供释义,官方词表只列词形，不列例句,1,全国大学英语四、六级考试大纲（2016年修订版）,https://cet.neea.edu.cn/res/Home/1704/55b02330ac17274664f06d9d3db8249d.pdf,134
television/TV,官方词表未提供读音,官方《全国大学英语四、六级考试大纲（2016年修订版）》词表词目；官方未提供释义,官方词表只列词形，不列例句,1,全国大学英语四、六级考试大纲（2016年修订版）,https://cet.neea.edu.cn/res/Home/1704/55b02330ac17274664f06d9d3db8249d.pdf,134
tell telling,官方词表未提供读音,官方《全国大学英语四、六级考试大纲（2016年修订版）》词表词目；官方未提供释义,官方词表只列词形，不列例句,1,全国大学英语四、六级考试大纲（2016年修订版）,https://cet.neea.edu.cn/res/Home/1704/55b02330ac17274664f06d9d3db8249d.pdf,134
teller,官方词表未提供读音,官方《全国大学英语四、六级考试大纲（2016年修订版）》词表词目；官方未提供释义,官方词表只列词形，不列例句,1,全国大学英语四、六级考试大纲（2016年修订版）,https://cet.neea.edu.cn/res/Home/1704/55b02330ac17274664f06d9d3db8249d.pdf,134
temper,官方词表未提供读音,官方《全国大学英语四、六级考试大纲（2016年修订版）》词表词目；官方未提供释义,官方词表只列词形，不列例句,1,全国大学英语四、六级考试大纲（2016年修订版）,https://cet.neea.edu.cn/res/Home/1704/55b02330ac17274664f06d9d3db8249d.pdf,134
temperature,官方词表未提供读音,官方《全国大学英语四、六级考试大纲（2016年修订版）》词表词目；官方未提供释义,官方词表只列词形，不列例句,1,全国大学英语四、六级考试大纲（2016年修订版）,https://cet.neea.edu.cn/res/Home/1704/55b02330ac17274664f06d9d3db8249d.pdf,135
temple,官方词表未提供读音,官方《全国大学英语四、六级考试大纲（2016年修订版）》词表词目；官方未提供释义,官方词表只列词形，不列例句,1,全国大学英语四、六级考试大纲（2016年修订版）,https://cet.neea.edu.cn/res/Home/1704/55b02330ac17274664f06d9d3db8249d.pdf,135
temporary temporarily,官方词表未提供读音,官方《全国大学英语四、六级考试大纲（2016年修订版）》词表词目；官方未提供释义,官方词表只列词形，不列例句,1,全国大学英语四、六级考试大纲（2016年修订版）,https://cet.neea.edu.cn/res/Home/1704/55b02330ac17274664f06d9d3db8249d.pdf,135
ten,官方词表未提供读音,官方《全国大学英语四、六级考试大纲（2016年修订版）》词表词目；官方未提供释义,官方词表只列词形，不列例句,1,全国大学英语四、六级考试大纲（2016年修订版）,https://cet.neea.edu.cn/res/Home/1704/55b02330ac17274664f06d9d3db8249d.pdf,135
tend tendency,官方词表未提供读音,官方《全国大学英语四、六级考试大纲（2016年修订版）》词表词目；官方未提供释义,官方词表只列词形，不列例句,1,全国大学英语四、六级考试大纲（2016年修订版）,https://cet.neea.edu.cn/res/Home/1704/55b02330ac17274664f06d9d3db8249d.pdf,135
tender,官方词表未提供读音,官方《全国大学英语四、六级考试大纲（2016年修订版）》词表词目；官方未提供释义,官方词表只列词形，不列例句,1,全国大学英语四、六级考试大纲（2016年修订版）,https://cet.neea.edu.cn/res/Home/1704/55b02330ac17274664f06d9d3db8249d.pdf,135
tennis,官方词表未提供读音,官方《全国大学英语四、六级考试大纲（2016年修订版）》词表词目；官方未提供释义,官方词表只列词形，不列例句,1,全国大学英语四、六级考试大纲（2016年修订版）,https://cet.neea.edu.cn/res/Home/1704/55b02330ac17274664f06d9d3db8249d.pdf,135
tense,官方词表未提供读音,官方《全国大学英语四、六级考试大纲（2016年修订版）》词表词目；官方未提供释义,官方词表只列词形，不列例句,1,全国大学英语四、六级考试大纲（2016年修订版）,https://cet.neea.edu.cn/res/Home/1704/55b02330ac17274664f06d9d3db8249d.pdf,135
tension,官方词表未提供读音,官方《全国大学英语四、六级考试大纲（2016年修订版）》词表词目；官方未提供释义,官方词表只列词形，不列例句,1,全国大学英语四、六级考试大纲（2016年修订版）,https://cet.neea.edu.cn/res/Home/1704/55b02330ac17274664f06d9d3db8249d.pdf,135
tent,官方词表未提供读音,官方《全国大学英语四、六级考试大纲（2016年修订版）》词表词目；官方未提供释义,官方词表只列词形，不列例句,1,全国大学英语四、六级考试大纲（2016年修订版）,https://cet.neea.edu.cn/res/Home/1704/55b02330ac17274664f06d9d3db8249d.pdf,135
term,官方词表未提供读音,官方《全国大学英语四、六级考试大纲（2016年修订版）》词表词目；官方未提供释义,官方词表只列词形，不列例句,1,全国大学英语四、六级考试大纲（2016年修订版）,https://cet.neea.edu.cn/res/Home/1704/55b02330ac17274664f06d9d3db8249d.pdf,135
terminal,官方词表未提供读音,官方《全国大学英语四、六级考试大纲（2016年修订版）》词表词目；官方未提供释义,官方词表只列词形，不列例句,1,全国大学英语四、六级考试大纲（2016年修订版）,https://cet.neea.edu.cn/res/Home/1704/55b02330ac17274664f06d9d3db8249d.pdf,135
terrible terribly,官方词表未提供读音,官方《全国大学英语四、六级考试大纲（2016年修订版）》词表词目；官方未提供释义,官方词表只列词形，不列例句,1,全国大学英语四、六级考试大纲（2016年修订版）,https://cet.neea.edu.cn/res/Home/1704/55b02330ac17274664f06d9d3db8249d.pdf,135
terrific,官方词表未提供读音,官方《全国大学英语四、六级考试大纲（2016年修订版）》词表词目；官方未提供释义,官方词表只列词形，不列例句,1,全国大学英语四、六级考试大纲（2016年修订版）,https://cet.neea.edu.cn/res/Home/1704/55b02330ac17274664f06d9d3db8249d.pdf,135
territory territorial,官方词表未提供读音,官方《全国大学英语四、六级考试大纲（2016年修订版）》词表词目；官方未提供释义,官方词表只列词形，不列例句,1,全国大学英语四、六级考试大纲（2016年修订版）,https://cet.neea.edu.cn/res/Home/1704/55b02330ac17274664f06d9d3db8249d.pdf,135
terror terrify terrorism terrorist,官方词表未提供读音,官方《全国大学英语四、六级考试大纲（2016年修订版）》词表词目；官方未提供释义,官方词表只列词形，不列例句,1,全国大学英语四、六级考试大纲（2016年修订版）,https://cet.neea.edu.cn/res/Home/1704/55b02330ac17274664f06d9d3db8249d.pdf,135
test,官方词表未提供读音,官方《全国大学英语四、六级考试大纲（2016年修订版）》词表词目；官方未提供释义,官方词表只列词形，不列例句,1,全国大学英语四、六级考试大纲（2016年修订版）,https://cet.neea.edu.cn/res/Home/1704/55b02330ac17274664f06d9d3db8249d.pdf,135
text,官方词表未提供读音,官方《全国大学英语四、六级考试大纲（2016年修订版）》词表词目；官方未提供释义,官方词表只列词形，不列例句,1,全国大学英语四、六级考试大纲（2016年修订版）,https://cet.neea.edu.cn/res/Home/1704/55b02330ac17274664f06d9d3db8249d.pdf,135
textbook,官方词表未提供读音,官方《全国大学英语四、六级考试大纲（2016年修订版）》词表词目；官方未提供释义,官方词表只列词形，不列例句,1,全国大学英语四、六级考试大纲（2016年修订版）,https://cet.neea.edu.cn/res/Home/1704/55b02330ac17274664f06d9d3db8249d.pdf,135
textile,官方词表未提供读音,官方《全国大学英语四、六级考试大纲（2016年修订版）》词表词目；官方未提供释义,官方词表只列词形，不列例句,1,全国大学英语四、六级考试大纲（2016年修订版）,https://cet.neea.edu.cn/res/Home/1704/55b02330ac17274664f06d9d3db8249d.pdf,135
than,官方词表未提供读音,官方《全国大学英语四、六级考试大纲（2016年修订版）》词表词目；官方未提供释义,官方词表只列词形，不列例句,1,全国大学英语四、六级考试大纲（2016年修订版）,https://cet.neea.edu.cn/res/Home/1704/55b02330ac17274664f06d9d3db8249d.pdf,135
thank thankful,官方词表未提供读音,官方《全国大学英语四、六级考试大纲（2016年修订版）》词表词目；官方未提供释义,官方词表只列词形，不列例句,1,全国大学英语四、六级考试大纲（2016年修订版）,https://cet.neea.edu.cn/res/Home/1704/55b02330ac17274664f06d9d3db8249d.pdf,135
Thanksgiving,官方词表未提供读音,官方《全国大学英语四、六级考试大纲（2016年修订版）》词表词目；官方未提供释义,官方词表只列词形，不列例句,1,全国大学英语四、六级考试大纲（2016年修订版）,https://cet.neea.edu.cn/res/Home/1704/55b02330ac17274664f06d9d3db8249d.pdf,135
that,官方词表未提供读音,官方《全国大学英语四、六级考试大纲（2016年修订版）》词表词目；官方未提供释义,官方词表只列词形，不列例句,1,全国大学英语四、六级考试大纲（2016年修订版）,https://cet.neea.edu.cn/res/Home/1704/55b02330ac17274664f06d9d3db8249d.pdf,135
the,官方词表未提供读音,官方《全国大学英语四、六级考试大纲（2016年修订版）》词表词目；官方未提供释义,官方词表只列词形，不列例句,1,全国大学英语四、六级考试大纲（2016年修订版）,https://cet.neea.edu.cn/res/Home/1704/55b02330ac17274664f06d9d3db8249d.pdf,135
theater/-tre theatrical,官方词表未提供读音,官方《全国大学英语四、六级考试大纲（2016年修订版）》词表词目；官方未提供释义,官方词表只列词形，不列例句,1,全国大学英语四、六级考试大纲（2016年修订版）,https://cet.neea.edu.cn/res/Home/1704/55b02330ac17274664f06d9d3db8249d.pdf,135
theft,官方词表未提供读音,官方《全国大学英语四、六级考试大纲（2016年修订版）》词表词目；官方未提供释义,官方词表只列词形，不列例句,1,全国大学英语四、六级考试大纲（2016年修订版）,https://cet.neea.edu.cn/res/Home/1704/55b02330ac17274664f06d9d3db8249d.pdf,135
their,官方词表未提供读音,官方《全国大学英语四、六级考试大纲（2016年修订版）》词表词目；官方未提供释义,官方词表只列词形，不列例句,1,全国大学英语四、六级考试大纲（2016年修订版）,https://cet.neea.edu.cn/res/Home/1704/55b02330ac17274664f06d9d3db8249d.pdf,135
theirs,官方词表未提供读音,官方《全国大学英语四、六级考试大纲（2016年修订版）》词表词目；官方未提供释义,官方词表只列词形，不列例句,1,全国大学英语四、六级考试大纲（2016年修订版）,https://cet.neea.edu.cn/res/Home/1704/55b02330ac17274664f06d9d3db8249d.pdf,136
them,官方词表未提供读音,官方《全国大学英语四、六级考试大纲（2016年修订版）》词表词目；官方未提供释义,官方词表只列词形，不列例句,1,全国大学英语四、六级考试大纲（2016年修订版）,https://cet.neea.edu.cn/res/Home/1704/55b02330ac17274664f06d9d3db8249d.pdf,136
theme,官方词表未提供读音,官方《全国大学英语四、六级考试大纲（2016年修订版）》词表词目；官方未提供释义,官方词表只列词形，不列例句,1,全国大学英语四、六级考试大纲（2016年修订版）,https://cet.neea.edu.cn/res/Home/1704/55b02330ac17274664f06d9d3db8249d.pdf,136
themselves,官方词表未提供读音,官方《全国大学英语四、六级考试大纲（2016年修订版）》词表词目；官方未提供释义,官方词表只列词形，不列例句,1,全国大学英语四、六级考试大纲（2016年修订版）,https://cet.neea.edu.cn/res/Home/1704/55b02330ac17274664f06d9d3db8249d.pdf,136
then,官方词表未提供读音,官方《全国大学英语四、六级考试大纲（2016年修订版）》词表词目；官方未提供释义,官方词表只列词形，不列例句,1,全国大学英语四、六级考试大纲（2016年修订版）,https://cet.neea.edu.cn/res/Home/1704/55b02330ac17274664f06d9d3db8249d.pdf,136
theory theoretical,官方词表未提供读音,官方《全国大学英语四、六级考试大纲（2016年修订版）》词表词目；官方未提供释义,官方词表只列词形，不列例句,1,全国大学英语四、六级考试大纲（2016年修订版）,https://cet.neea.edu.cn/res/Home/1704/55b02330ac17274664f06d9d3db8249d.pdf,136
therapy therapist therapeutic(al),官方词表未提供读音,官方《全国大学英语四、六级考试大纲（2016年修订版）》词表词目；官方未提供释义,官方词表只列词形，不列例句,1,全国大学英语四、六级考试大纲（2016年修订版）,https://cet.neea.edu.cn/res/Home/1704/55b02330ac17274664f06d9d3db8249d.pdf,136
there,官方词表未提供读音,官方《全国大学英语四、六级考试大纲（2016年修订版）》词表词目；官方未提供释义,官方词表只列词形，不列例句,1,全国大学英语四、六级考试大纲（2016年修订版）,https://cet.neea.edu.cn/res/Home/1704/55b02330ac17274664f06d9d3db8249d.pdf,136
thereby,官方词表未提供读音,官方《全国大学英语四、六级考试大纲（2016年修订版）》词表词目；官方未提供释义,官方词表只列词形，不列例句,1,全国大学英语四、六级考试大纲（2016年修订版）,https://cet.neea.edu.cn/res/Home/1704/55b02330ac17274664f06d9d3db8249d.pdf,136
therefore,官方词表未提供读音,官方《全国大学英语四、六级考试大纲（2016年修订版）》词表词目；官方未提供释义,官方词表只列词形，不列例句,1,全国大学英语四、六级考试大纲（2016年修订版）,https://cet.neea.edu.cn/res/Home/1704/55b02330ac17274664f06d9d3db8249d.pdf,136
thermometer,官方词表未提供读音,官方《全国大学英语四、六级考试大纲（2016年修订版）》词表词目；官方未提供释义,官方词表只列词形，不列例句,1,全国大学英语四、六级考试大纲（2016年修订版）,https://cet.neea.edu.cn/res/Home/1704/55b02330ac17274664f06d9d3db8249d.pdf,136
these,官方词表未提供读音,官方《全国大学英语四、六级考试大纲（2016年修订版）》词表词目；官方未提供释义,官方词表只列词形，不列例句,1,全国大学英语四、六级考试大纲（2016年修订版）,https://cet.neea.edu.cn/res/Home/1704/55b02330ac17274664f06d9d3db8249d.pdf,136
thesis,官方词表未提供读音,官方《全国大学英语四、六级考试大纲（2016年修订版）》词表词目；官方未提供释义,官方词表只列词形，不列例句,1,全国大学英语四、六级考试大纲（2016年修订版）,https://cet.neea.edu.cn/res/Home/1704/55b02330ac17274664f06d9d3db8249d.pdf,136
they,官方词表未提供读音,官方《全国大学英语四、六级考试大纲（2016年修订版）》词表词目；官方未提供释义,官方词表只列词形，不列例句,1,全国大学英语四、六级考试大纲（2016年修订版）,https://cet.neea.edu.cn/res/Home/1704/55b02330ac17274664f06d9d3db8249d.pdf,136
thick,官方词表未提供读音,官方《全国大学英语四、六级考试大纲（2016年修订版）》词表词目；官方未提供释义,官方词表只列词形，不列例句,1,全国大学英语四、六级考试大纲（2016年修订版）,https://cet.neea.edu.cn/res/Home/1704/55b02330ac17274664f06d9d3db8249d.pdf,136
thief,官方词表未提供读音,官方《全国大学英语四、六级考试大纲（2016年修订版）》词表词目；官方未提供释义,官方词表只列词形，不列例句,1,全国大学英语四、六级考试大纲（2016年修订版）,https://cet.neea.edu.cn/res/Home/1704/55b02330ac17274664f06d9d3db8249d.pdf,136
thin,官方词表未提供读音,官方《全国大学英语四、六级考试大纲（2016年修订版）》词表词目；官方未提供释义,官方词表只列词形，不列例句,1,全国大学英语四、六级考试大纲（2016年修订版）,https://cet.neea.edu.cn/res/Home/1704/55b02330ac17274664f06d9d3db8249d.pdf,136
thing,官方词表未提供读音,官方《全国大学英语四、六级考试大纲（2016年修订版）》词表词目；官方未提供释义,官方词表只列词形，不列例句,1,全国大学英语四、六级考试大纲（2016年修订版）,https://cet.neea.edu.cn/res/Home/1704/55b02330ac17274664f06d9d3db8249d.pdf,136
think thinking,官方词表未提供读音,官方《全国大学英语四、六级考试大纲（2016年修订版）》词表词目；官方未提供释义,官方词表只列词形，不列例句,1,全国大学英语四、六级考试大纲（2016年修订版）,https://cet.neea.edu.cn/res/Home/1704/55b02330ac17274664f06d9d3db8249d.pdf,136
third,官方词表未提供读音,官方《全国大学英语四、六级考试大纲（2016年修订版）》词表词目；官方未提供释义,官方词表只列词形，不列例句,1,全国大学英语四、六级考试大纲（2016年修订版）,https://cet.neea.edu.cn/res/Home/1704/55b02330ac17274664f06d9d3db8249d.pdf,136
thirst thirsty,官方词表未提供读音,官方《全国大学英语四、六级考试大纲（2016年修订版）》词表词目；官方未提供释义,官方词表只列词形，不列例句,1,全国大学英语四、六级考试大纲（2016年修订版）,https://cet.neea.edu.cn/res/Home/1704/55b02330ac17274664f06d9d3db8249d.pdf,136
thirteen,官方词表未提供读音,官方《全国大学英语四、六级考试大纲（2016年修订版）》词表词目；官方未提供释义,官方词表只列词形，不列例句,1,全国大学英语四、六级考试大纲（2016年修订版）,https://cet.neea.edu.cn/res/Home/1704/55b02330ac17274664f06d9d3db8249d.pdf,136
thirty,官方词表未提供读音,官方《全国大学英语四、六级考试大纲（2016年修订版）》词表词目；官方未提供释义,官方词表只列词形，不列例句,1,全国大学英语四、六级考试大纲（2016年修订版）,https://cet.neea.edu.cn/res/Home/1704/55b02330ac17274664f06d9d3db8249d.pdf,136
this,官方词表未提供读音,官方《全国大学英语四、六级考试大纲（2016年修订版）》词表词目；官方未提供释义,官方词表只列词形，不列例句,1,全国大学英语四、六级考试大纲（2016年修订版）,https://cet.neea.edu.cn/res/Home/1704/55b02330ac17274664f06d9d3db8249d.pdf,136
thorough,官方词表未提供读音,官方《全国大学英语四、六级考试大纲（2016年修订版）》词表词目；官方未提供释义,官方词表只列词形，不列例句,1,全国大学英语四、六级考试大纲（2016年修订版）,https://cet.neea.edu.cn/res/Home/1704/55b02330ac17274664f06d9d3db8249d.pdf,136
those,官方词表未提供读音,官方《全国大学英语四、六级考试大纲（2016年修订版）》词表词目；官方未提供释义,官方词表只列词形，不列例句,1,全国大学英语四、六级考试大纲（2016年修订版）,https://cet.neea.edu.cn/res/Home/1704/55b02330ac17274664f06d9d3db8249d.pdf,136
though,官方词表未提供读音,官方《全国大学英语四、六级考试大纲（2016年修订版）》词表词目；官方未提供释义,官方词表只列词形，不列例句,1,全国大学英语四、六级考试大纲（2016年修订版）,https://cet.neea.edu.cn/res/Home/1704/55b02330ac17274664f06d9d3db8249d.pdf,136
thought thoughtful,官方词表未提供读音,官方《全国大学英语四、六级考试大纲（2016年修订版）》词表词目；官方未提供释义,官方词表只列词形，不列例句,1,全国大学英语四、六级考试大纲（2016年修订版）,https://cet.neea.edu.cn/res/Home/1704/55b02330ac17274664f06d9d3db8249d.pdf,136
thousand,官方词表未提供读音,官方《全国大学英语四、六级考试大纲（2016年修订版）》词表词目；官方未提供释义,官方词表只列词形，不列例句,1,全国大学英语四、六级考试大纲（2016年修订版）,https://cet.neea.edu.cn/res/Home/1704/55b02330ac17274664f06d9d3db8249d.pdf,136
thread,官方词表未提供读音,官方《全国大学英语四、六级考试大纲（2016年修订版）》词表词目；官方未提供释义,官方词表只列词形，不列例句,1,全国大学英语四、六级考试大纲（2016年修订版）,https://cet.neea.edu.cn/res/Home/1704/55b02330ac17274664f06d9d3db8249d.pdf,136
threat threaten,官方词表未提供读音,官方《全国大学英语四、六级考试大纲（2016年修订版）》词表词目；官方未提供释义,官方词表只列词形，不列例句,1,全国大学英语四、六级考试大纲（2016年修订版）,https://cet.neea.edu.cn/res/Home/1704/55b02330ac17274664f06d9d3db8249d.pdf,136
three,官方词表未提供读音,官方《全国大学英语四、六级考试大纲（2016年修订版）》词表词目；官方未提供释义,官方词表只列词形，不列例句,1,全国大学英语四、六级考试大纲（2016年修订版）,https://cet.neea.edu.cn/res/Home/1704/55b02330ac17274664f06d9d3db8249d.pdf,136
thrive,官方词表未提供读音,官方《全国大学英语四、六级考试大纲（2016年修订版）》词表词目；官方未提供释义,官方词表只列词形，不列例句,1,全国大学英语四、六级考试大纲（2016年修订版）,https://cet.neea.edu.cn/res/Home/1704/55b02330ac17274664f06d9d3db8249d.pdf,136
throat,官方词表未提供读音,官方《全国大学英语四、六级考试大纲（2016年修订版）》词表词目；官方未提供释义,官方词表只列词形，不列例句,1,全国大学英语四、六级考试大纲（2016年修订版）,https://cet.neea.edu.cn/res/Home/1704/55b02330ac17274664f06d9d3db8249d.pdf,136
through,官方词表未提供读音,官方《全国大学英语四、六级考试大纲（2016年修订版）》词表词目；官方未提供释义,官方词表只列词形，不列例句,1,全国大学英语四、六级考试大纲（2016年修订版）,https://cet.neea.edu.cn/res/Home/1704/55b02330ac17274664f06d9d3db8249d.pdf,136
throughout,官方词表未提供读音,官方《全国大学英语四、六级考试大纲（2016年修订版）》词表词目；官方未提供释义,官方词表只列词形，不列例句,1,全国大学英语四、六级考试大纲（2016年修订版）,https://cet.neea.edu.cn/res/Home/1704/55b02330ac17274664f06d9d3db8249d.pdf,137
throw,官方词表未提供读音,官方《全国大学英语四、六级考试大纲（2016年修订版）》词表词目；官方未提供释义,官方词表只列词形，不列例句,1,全国大学英语四、六级考试大纲（2016年修订版）,https://cet.neea.edu.cn/res/Home/1704/55b02330ac17274664f06d9d3db8249d.pdf,137
thrust,官方词表未提供读音,官方《全国大学英语四、六级考试大纲（2016年修订版）》词表词目；官方未提供释义,官方词表只列词形，不列例句,1,全国大学英语四、六级考试大纲（2016年修订版）,https://cet.neea.edu.cn/res/Home/1704/55b02330ac17274664f06d9d3db8249d.pdf,137
thumb,官方词表未提供读音,官方《全国大学英语四、六级考试大纲（2016年修订版）》词表词目；官方未提供释义,官方词表只列词形，不列例句,1,全国大学英语四、六级考试大纲（2016年修订版）,https://cet.neea.edu.cn/res/Home/1704/55b02330ac17274664f06d9d3db8249d.pdf,137
thunder thunderous,官方词表未提供读音,官方《全国大学英语四、六级考试大纲（2016年修订版）》词表词目；官方未提供释义,官方词表只列词形，不列例句,1,全国大学英语四、六级考试大纲（2016年修订版）,https://cet.neea.edu.cn/res/Home/1704/55b02330ac17274664f06d9d3db8249d.pdf,137
Thursday,官方词表未提供读音,官方《全国大学英语四、六级考试大纲（2016年修订版）》词表词目；官方未提供释义,官方词表只列词形，不列例句,1,全国大学英语四、六级考试大纲（2016年修订版）,https://cet.neea.edu.cn/res/Home/1704/55b02330ac17274664f06d9d3db8249d.pdf,137
thus,官方词表未提供读音,官方《全国大学英语四、六级考试大纲（2016年修订版）》词表词目；官方未提供释义,官方词表只列词形，不列例句,1,全国大学英语四、六级考试大纲（2016年修订版）,https://cet.neea.edu.cn/res/Home/1704/55b02330ac17274664f06d9d3db8249d.pdf,137
tick,官方词表未提供读音,官方《全国大学英语四、六级考试大纲（2016年修订版）》词表词目；官方未提供释义,官方词表只列词形，不列例句,1,全国大学英语四、六级考试大纲（2016年修订版）,https://cet.neea.edu.cn/res/Home/1704/55b02330ac17274664f06d9d3db8249d.pdf,137
ticket,官方词表未提供读音,官方《全国大学英语四、六级考试大纲（2016年修订版）》词表词目；官方未提供释义,官方词表只列词形，不列例句,1,全国大学英语四、六级考试大纲（2016年修订版）,https://cet.neea.edu.cn/res/Home/1704/55b02330ac17274664f06d9d3db8249d.pdf,137
tide tidal,官方词表未提供读音,官方《全国大学英语四、六级考试大纲（2016年修订版）》词表词目；官方未提供释义,官方词表只列词形，不列例句,1,全国大学英语四、六级考试大纲（2016年修订版）,https://cet.neea.edu.cn/res/Home/1704/55b02330ac17274664f06d9d3db8249d.pdf,137
tidy,官方词表未提供读音,官方《全国大学英语四、六级考试大纲（2016年修订版）》词表词目；官方未提供释义,官方词表只列词形，不列例句,1,全国大学英语四、六级考试大纲（2016年修订版）,https://cet.neea.edu.cn/res/Home/1704/55b02330ac17274664f06d9d3db8249d.pdf,137
tie,官方词表未提供读音,官方《全国大学英语四、六级考试大纲（2016年修订版）》词表词目；官方未提供释义,官方词表只列词形，不列例句,1,全国大学英语四、六级考试大纲（2016年修订版）,https://cet.neea.edu.cn/res/Home/1704/55b02330ac17274664f06d9d3db8249d.pdf,137
tiger tigress,官方词表未提供读音,官方《全国大学英语四、六级考试大纲（2016年修订版）》词表词目；官方未提供释义,官方词表只列词形，不列例句,1,全国大学英语四、六级考试大纲（2016年修订版）,https://cet.neea.edu.cn/res/Home/1704/55b02330ac17274664f06d9d3db8249d.pdf,137
tight tighten,官方词表未提供读音,官方《全国大学英语四、六级考试大纲（2016年修订版）》词表词目；官方未提供释义,官方词表只列词形，不列例句,1,全国大学英语四、六级考试大纲（2016年修订版）,https://cet.neea.edu.cn/res/Home/1704/55b02330ac17274664f06d9d3db8249d.pdf,137
till,官方词表未提供读音,官方《全国大学英语四、六级考试大纲（2016年修订版）》词表词目；官方未提供释义,官方词表只列词形，不列例句,1,全国大学英语四、六级考试大纲（2016年修订版）,https://cet.neea.edu.cn/res/Home/1704/55b02330ac17274664f06d9d3db8249d.pdf,137
timber,官方词表未提供读音,官方《全国大学英语四、六级考试大纲（2016年修订版）》词表词目；官方未提供释义,官方词表只列词形，不列例句,1,全国大学英语四、六级考试大纲（2016年修订版）,https://cet.neea.edu.cn/res/Home/1704/55b02330ac17274664f06d9d3db8249d.pdf,137
time timely timing,官方词表未提供读音,官方《全国大学英语四、六级考试大纲（2016年修订版）》词表词目；官方未提供释义,官方词表只列词形，不列例句,1,全国大学英语四、六级考试大纲（2016年修订版）,https://cet.neea.edu.cn/res/Home/1704/55b02330ac17274664f06d9d3db8249d.pdf,137
tin,官方词表未提供读音,官方《全国大学英语四、六级考试大纲（2016年修订版）》词表词目；官方未提供释义,官方词表只列词形，不列例句,1,全国大学英语四、六级考试大纲（2016年修订版）,https://cet.neea.edu.cn/res/Home/1704/55b02330ac17274664f06d9d3db8249d.pdf,137
tiny,官方词表未提供读音,官方《全国大学英语四、六级考试大纲（2016年修订版）》词表词目；官方未提供释义,官方词表只列词形，不列例句,1,全国大学英语四、六级考试大纲（2016年修订版）,https://cet.neea.edu.cn/res/Home/1704/55b02330ac17274664f06d9d3db8249d.pdf,137
tip,官方词表未提供读音,官方《全国大学英语四、六级考试大纲（2016年修订版）》词表词目；官方未提供释义,官方词表只列词形，不列例句,1,全国大学英语四、六级考试大纲（2016年修订版）,https://cet.neea.edu.cn/res/Home/1704/55b02330ac17274664f06d9d3db8249d.pdf,137
tire tired tiring tireless tiresome,官方词表未提供读音,官方《全国大学英语四、六级考试大纲（2016年修订版）》词表词目；官方未提供释义,官方词表只列词形，不列例句,1,全国大学英语四、六级考试大纲（2016年修订版）,https://cet.neea.edu.cn/res/Home/1704/55b02330ac17274664f06d9d3db8249d.pdf,137
tissue,官方词表未提供读音,官方《全国大学英语四、六级考试大纲（2016年修订版）》词表词目；官方未提供释义,官方词表只列词形，不列例句,1,全国大学英语四、六级考试大纲（2016年修订版）,https://cet.neea.edu.cn/res/Home/1704/55b02330ac17274664f06d9d3db8249d.pdf,137
title,官方词表未提供读音,官方《全国大学英语四、六级考试大纲（2016年修订版）》词表词目；官方未提供释义,官方词表只列词形，不列例句,1,全国大学英语四、六级考试大纲（2016年修订版）,https://cet.neea.edu.cn/res/Home/1704/55b02330ac17274664f06d9d3db8249d.pdf,137
to,官方词表未提供读音,官方《全国大学英语四、六级考试大纲（2016年修订版）》词表词目；官方未提供释义,官方词表只列词形，不列例句,1,全国大学英语四、六级考试大纲（2016年修订版）,https://cet.neea.edu.cn/res/Home/1704/55b02330ac17274664f06d9d3db8249d.pdf,137
toast,官方词表未提供读音,官方《全国大学英语四、六级考试大纲（2016年修订版）》词表词目；官方未提供释义,官方词表只列词形，不列例句,1,全国大学英语四、六级考试大纲（2016年修订版）,https://cet.neea.edu.cn/res/Home/1704/55b02330ac17274664f06d9d3db8249d.pdf,137
tobacco,官方词表未提供读音,官方《全国大学英语四、六级考试大纲（2016年修订版）》词表词目；官方未提供释义,官方词表只列词形，不列例句,1,全国大学英语四、六级考试大纲（2016年修订版）,https://cet.neea.edu.cn/res/Home/1704/55b02330ac17274664f06d9d3db8249d.pdf,137
today,官方词表未提供读音,官方《全国大学英语四、六级考试大纲（2016年修订版）》词表词目；官方未提供释义,官方词表只列词形，不列例句,1,全国大学英语四、六级考试大纲（2016年修订版）,https://cet.neea.edu.cn/res/Home/1704/55b02330ac17274664f06d9d3db8249d.pdf,137
toe,官方词表未提供读音,官方《全国大学英语四、六级考试大纲（2016年修订版）》词表词目；官方未提供释义,官方词表只列词形，不列例句,1,全国大学英语四、六级考试大纲（2016年修订版）,https://cet.neea.edu.cn/res/Home/1704/55b02330ac17274664f06d9d3db8249d.pdf,137
together,官方词表未提供读音,官方《全国大学英语四、六级考试大纲（2016年修订版）》词表词目；官方未提供释义,官方词表只列词形，不列例句,1,全国大学英语四、六级考试大纲（2016年修订版）,https://cet.neea.edu.cn/res/Home/1704/55b02330ac17274664f06d9d3db8249d.pdf,137
toilet,官方词表未提供读音,官方《全国大学英语四、六级考试大纲（2016年修订版）》词表词目；官方未提供释义,官方词表只列词形，不列例句,1,全国大学英语四、六级考试大纲（2016年修订版）,https://cet.neea.edu.cn/res/Home/1704/55b02330ac17274664f06d9d3db8249d.pdf,137
token,官方词表未提供读音,官方《全国大学英语四、六级考试大纲（2016年修订版）》词表词目；官方未提供释义,官方词表只列词形，不列例句,1,全国大学英语四、六级考试大纲（2016年修订版）,https://cet.neea.edu.cn/res/Home/1704/55b02330ac17274664f06d9d3db8249d.pdf,137
tolerate tolerance tolerant tolerable,官方词表未提供读音,官方《全国大学英语四、六级考试大纲（2016年修订版）》词表词目；官方未提供释义,官方词表只列词形，不列例句,1,全国大学英语四、六级考试大纲（2016年修订版）,https://cet.neea.edu.cn/res/Home/1704/55b02330ac17274664f06d9d3db8249d.pdf,137
toll,官方词表未提供读音,官方《全国大学英语四、六级考试大纲（2016年修订版）》词表词目；官方未提供释义,官方词表只列词形，不列例句,1,全国大学英语四、六级考试大纲（2016年修订版）,https://cet.neea.edu.cn/res/Home/1704/55b02330ac17274664f06d9d3db8249d.pdf,137
tomato,官方词表未提供读音,官方《全国大学英语四、六级考试大纲（2016年修订版）》词表词目；官方未提供释义,官方词表只列词形，不列例句,1,全国大学英语四、六级考试大纲（2016年修订版）,https://cet.neea.edu.cn/res/Home/1704/55b02330ac17274664f06d9d3db8249d.pdf,137
tomorrow,官方词表未提供读音,官方《全国大学英语四、六级考试大纲（2016年修订版）》词表词目；官方未提供释义,官方词表只列词形，不列例句,1,全国大学英语四、六级考试大纲（2016年修订版）,https://cet.neea.edu.cn/res/Home/1704/55b02330ac17274664f06d9d3db8249d.pdf,137
ton tonnage,官方词表未提供读音,官方《全国大学英语四、六级考试大纲（2016年修订版）》词表词目；官方未提供释义,官方词表只列词形，不列例句,1,全国大学英语四、六级考试大纲（2016年修订版）,https://cet.neea.edu.cn/res/Home/1704/55b02330ac17274664f06d9d3db8249d.pdf,137
tone,官方词表未提供读音,官方《全国大学英语四、六级考试大纲（2016年修订版）》词表词目；官方未提供释义,官方词表只列词形，不列例句,1,全国大学英语四、六级考试大纲（2016年修订版）,https://cet.neea.edu.cn/res/Home/1704/55b02330ac17274664f06d9d3db8249d.pdf,137
tongue,官方词表未提供读音,官方《全国大学英语四、六级考试大纲（2016年修订版）》词表词目；官方未提供释义,官方词表只列词形，不列例句,1,全国大学英语四、六级考试大纲（2016年修订版）,https://cet.neea.edu.cn/res/Home/1704/55b02330ac17274664f06d9d3db8249d.pdf,138
tonight,官方词表未提供读音,官方《全国大学英语四、六级考试大纲（2016年修订版）》词表词目；官方未提供释义,官方词表只列词形，不列例句,1,全国大学英语四、六级考试大纲（2016年修订版）,https://cet.neea.edu.cn/res/Home/1704/55b02330ac17274664f06d9d3db8249d.pdf,138
too,官方词表未提供读音,官方《全国大学英语四、六级考试大纲（2016年修订版）》词表词目；官方未提供释义,官方词表只列词形，不列例句,1,全国大学英语四、六级考试大纲（2016年修订版）,https://cet.neea.edu.cn/res/Home/1704/55b02330ac17274664f06d9d3db8249d.pdf,138
tool,官方词表未提供读音,官方《全国大学英语四、六级考试大纲（2016年修订版）》词表词目；官方未提供释义,官方词表只列词形，不列例句,1,全国大学英语四、六级考试大纲（2016年修订版）,https://cet.neea.edu.cn/res/Home/1704/55b02330ac17274664f06d9d3db8249d.pdf,138
tooth,官方词表未提供读音,官方《全国大学英语四、六级考试大纲（2016年修订版）》词表词目；官方未提供释义,官方词表只列词形，不列例句,1,全国大学英语四、六级考试大纲（2016年修订版）,https://cet.neea.edu.cn/res/Home/1704/55b02330ac17274664f06d9d3db8249d.pdf,138
top,官方词表未提供读音,官方《全国大学英语四、六级考试大纲（2016年修订版）》词表词目；官方未提供释义,官方词表只列词形，不列例句,1,全国大学英语四、六级考试大纲（2016年修订版）,https://cet.neea.edu.cn/res/Home/1704/55b02330ac17274664f06d9d3db8249d.pdf,138
topic topical,官方词表未提供读音,官方《全国大学英语四、六级考试大纲（2016年修订版）》词表词目；官方未提供释义,官方词表只列词形，不列例句,1,全国大学英语四、六级考试大纲（2016年修订版）,https://cet.neea.edu.cn/res/Home/1704/55b02330ac17274664f06d9d3db8249d.pdf,138
torch,官方词表未提供读音,官方《全国大学英语四、六级考试大纲（2016年修订版）》词表词目；官方未提供释义,官方词表只列词形，不列例句,1,全国大学英语四、六级考试大纲（2016年修订版）,https://cet.neea.edu.cn/res/Home/1704/55b02330ac17274664f06d9d3db8249d.pdf,138
torture,官方词表未提供读音,官方《全国大学英语四、六级考试大纲（2016年修订版）》词表词目；官方未提供释义,官方词表只列词形，不列例句,1,全国大学英语四、六级考试大纲（2016年修订版）,https://cet.neea.edu.cn/res/Home/1704/55b02330ac17274664f06d9d3db8249d.pdf,138
toss,官方词表未提供读音,官方《全国大学英语四、六级考试大纲（2016年修订版）》词表词目；官方未提供释义,官方词表只列词形，不列例句,1,全国大学英语四、六级考试大纲（2016年修订版）,https://cet.neea.edu.cn/res/Home/1704/55b02330ac17274664f06d9d3db8249d.pdf,138
total,官方词表未提供读音,官方《全国大学英语四、六级考试大纲（2016年修订版）》词表词目；官方未提供释义,官方词表只列词形，不列例句,1,全国大学英语四、六级考试大纲（2016年修订版）,https://cet.neea.edu.cn/res/Home/1704/55b02330ac17274664f06d9d3db8249d.pdf,138
touch,官方词表未提供读音,官方《全国大学英语四、六级考试大纲（2016年修订版）》词表词目；官方未提供释义,官方词表只列词形，不列例句,1,全国大学英语四、六级考试大纲（2016年修订版）,https://cet.neea.edu.cn/res/Home/1704/55b02330ac17274664f06d9d3db8249d.pdf,138
tough,官方词表未提供读音,官方《全国大学英语四、六级考试大纲（2016年修订版）》词表词目；官方未提供释义,官方词表只列词形，不列例句,1,全国大学英语四、六级考试大纲（2016年修订版）,https://cet.neea.edu.cn/res/Home/1704/55b02330ac17274664f06d9d3db8249d.pdf,138
tour tourism tourist,官方词表未提供读音,官方《全国大学英语四、六级考试大纲（2016年修订版）》词表词目；官方未提供释义,官方词表只列词形，不列例句,1,全国大学英语四、六级考试大纲（2016年修订版）,https://cet.neea.edu.cn/res/Home/1704/55b02330ac17274664f06d9d3db8249d.pdf,138
toward(s),官方词表未提供读音,官方《全国大学英语四、六级考试大纲（2016年修订版）》词表词目；官方未提供释义,官方词表只列词形，不列例句,1,全国大学英语四、六级考试大纲（2016年修订版）,https://cet.neea.edu.cn/res/Home/1704/55b02330ac17274664f06d9d3db8249d.pdf,138
towel,官方词表未提供读音,官方《全国大学英语四、六级考试大纲（2016年修订版）》词表词目；官方未提供释义,官方词表只列词形，不列例句,1,全国大学英语四、六级考试大纲（2016年修订版）,https://cet.neea.edu.cn/res/Home/1704/55b02330ac17274664f06d9d3db8249d.pdf,138
tower,官方词表未提供读音,官方《全国大学英语四、六级考试大纲（2016年修订版）》词表词目；官方未提供释义,官方词表只列词形，不列例句,1,全国大学英语四、六级考试大纲（2016年修订版）,https://cet.neea.edu.cn/res/Home/1704/55b02330ac17274664f06d9d3db8249d.pdf,138
town township,官方词表未提供读音,官方《全国大学英语四、六级考试大纲（2016年修订版）》词表词目；官方未提供释义,官方词表只列词形，不列例句,1,全国大学英语四、六级考试大纲（2016年修订版）,https://cet.neea.edu.cn/res/Home/1704/55b02330ac17274664f06d9d3db8249d.pdf,138
toy,官方词表未提供读音,官方《全国大学英语四、六级考试大纲（2016年修订版）》词表词目；官方未提供释义,官方词表只列词形，不列例句,1,全国大学英语四、六级考试大纲（2016年修订版）,https://cet.neea.edu.cn/res/Home/1704/55b02330ac17274664f06d9d3db8249d.pdf,138
trace,官方词表未提供读音,官方《全国大学英语四、六级考试大纲（2016年修订版）》词表词目；官方未提供释义,官方词表只列词形，不列例句,1,全国大学英语四、六级考试大纲（2016年修订版）,https://cet.neea.edu.cn/res/Home/1704/55b02330ac17274664f06d9d3db8249d.pdf,138
track,官方词表未提供读音,官方《全国大学英语四、六级考试大纲（2016年修订版）》词表词目；官方未提供释义,官方词表只列词形，不列例句,1,全国大学英语四、六级考试大纲（2016年修订版）,https://cet.neea.edu.cn/res/Home/1704/55b02330ac17274664f06d9d3db8249d.pdf,138
tractor,官方词表未提供读音,官方《全国大学英语四、六级考试大纲（2016年修订版）》词表词目；官方未提供释义,官方词表只列词形，不列例句,1,全国大学英语四、六级考试大纲（2016年修订版）,https://cet.neea.edu.cn/res/Home/1704/55b02330ac17274664f06d9d3db8249d.pdf,138
trade,官方词表未提供读音,官方《全国大学英语四、六级考试大纲（2016年修订版）》词表词目；官方未提供释义,官方词表只列词形，不列例句,1,全国大学英语四、六级考试大纲（2016年修订版）,https://cet.neea.edu.cn/res/Home/1704/55b02330ac17274664f06d9d3db8249d.pdf,138
trademark,官方词表未提供读音,官方《全国大学英语四、六级考试大纲（2016年修订版）》词表词目；官方未提供释义,官方词表只列词形，不列例句,1,全国大学英语四、六级考试大纲（2016年修订版）,https://cet.neea.edu.cn/res/Home/1704/55b02330ac17274664f06d9d3db8249d.pdf,138
tradition traditional,官方词表未提供读音,官方《全国大学英语四、六级考试大纲（2016年修订版）》词表词目；官方未提供释义,官方词表只列词形，不列例句,1,全国大学英语四、六级考试大纲（2016年修订版）,https://cet.neea.edu.cn/res/Home/1704/55b02330ac17274664f06d9d3db8249d.pdf,138
traffic trafficking,官方词表未提供读音,官方《全国大学英语四、六级考试大纲（2016年修订版）》词表词目；官方未提供释义,官方词表只列词形，不列例句,1,全国大学英语四、六级考试大纲（2016年修订版）,https://cet.neea.edu.cn/res/Home/1704/55b02330ac17274664f06d9d3db8249d.pdf,138
tragedy tragic tragically,官方词表未提供读音,官方《全国大学英语四、六级考试大纲（2016年修订版）》词表词目；官方未提供释义,官方词表只列词形，不列例句,1,全国大学英语四、六级考试大纲（2016年修订版）,https://cet.neea.edu.cn/res/Home/1704/55b02330ac17274664f06d9d3db8249d.pdf,138
trail trailer,官方词表未提供读音,官方《全国大学英语四、六级考试大纲（2016年修订版）》词表词目；官方未提供释义,官方词表只列词形，不列例句,1,全国大学英语四、六级考试大纲（2016年修订版）,https://cet.neea.edu.cn/res/Home/1704/55b02330ac17274664f06d9d3db8249d.pdf,138
train trainer trainee training,官方词表未提供读音,官方《全国大学英语四、六级考试大纲（2016年修订版）》词表词目；官方未提供释义,官方词表只列词形，不列例句,1,全国大学英语四、六级考试大纲（2016年修订版）,https://cet.neea.edu.cn/res/Home/1704/55b02330ac17274664f06d9d3db8249d.pdf,138
tram,官方词表未提供读音,官方《全国大学英语四、六级考试大纲（2016年修订版）》词表词目；官方未提供释义,官方词表只列词形，不列例句,1,全国大学英语四、六级考试大纲（2016年修订版）,https://cet.neea.edu.cn/res/Home/1704/55b02330ac17274664f06d9d3db8249d.pdf,138
transaction,官方词表未提供读音,官方《全国大学英语四、六级考试大纲（2016年修订版）》词表词目；官方未提供释义,官方词表只列词形，不列例句,1,全国大学英语四、六级考试大纲（2016年修订版）,https://cet.neea.edu.cn/res/Home/1704/55b02330ac17274664f06d9d3db8249d.pdf,138
transcript,官方词表未提供读音,官方《全国大学英语四、六级考试大纲（2016年修订版）》词表词目；官方未提供释义,官方词表只列词形，不列例句,1,全国大学英语四、六级考试大纲（2016年修订版）,https://cet.neea.edu.cn/res/Home/1704/55b02330ac17274664f06d9d3db8249d.pdf,138
transfer transference,官方词表未提供读音,官方《全国大学英语四、六级考试大纲（2016年修订版）》词表词目；官方未提供释义,官方词表只列词形，不列例句,1,全国大学英语四、六级考试大纲（2016年修订版）,https://cet.neea.edu.cn/res/Home/1704/55b02330ac17274664f06d9d3db8249d.pdf,138
transform transformation,官方词表未提供读音,官方《全国大学英语四、六级考试大纲（2016年修订版）》词表词目；官方未提供释义,官方词表只列词形，不列例句,1,全国大学英语四、六级考试大纲（2016年修订版）,https://cet.neea.edu.cn/res/Home/1704/55b02330ac17274664f06d9d3db8249d.pdf,139
transit,官方词表未提供读音,官方《全国大学英语四、六级考试大纲（2016年修订版）》词表词目；官方未提供释义,官方词表只列词形，不列例句,1,全国大学英语四、六级考试大纲（2016年修订版）,https://cet.neea.edu.cn/res/Home/1704/55b02330ac17274664f06d9d3db8249d.pdf,139
translate translation translator,官方词表未提供读音,官方《全国大学英语四、六级考试大纲（2016年修订版）》词表词目；官方未提供释义,官方词表只列词形，不列例句,1,全国大学英语四、六级考试大纲（2016年修订版）,https://cet.neea.edu.cn/res/Home/1704/55b02330ac17274664f06d9d3db8249d.pdf,139
transmit transmission transmitter,官方词表未提供读音,官方《全国大学英语四、六级考试大纲（2016年修订版）》词表词目；官方未提供释义,官方词表只列词形，不列例句,1,全国大学英语四、六级考试大纲（2016年修订版）,https://cet.neea.edu.cn/res/Home/1704/55b02330ac17274664f06d9d3db8249d.pdf,139
transparent transparency,官方词表未提供读音,官方《全国大学英语四、六级考试大纲（2016年修订版）》词表词目；官方未提供释义,官方词表只列词形，不列例句,1,全国大学英语四、六级考试大纲（2016年修订版）,https://cet.neea.edu.cn/res/Home/1704/55b02330ac17274664f06d9d3db8249d.pdf,139
transplant transplantation,官方词表未提供读音,官方《全国大学英语四、六级考试大纲（2016年修订版）》词表词目；官方未提供释义,官方词表只列词形，不列例句,1,全国大学英语四、六级考试大纲（2016年修订版）,https://cet.neea.edu.cn/res/Home/1704/55b02330ac17274664f06d9d3db8249d.pdf,139
transport transportation,官方词表未提供读音,官方《全国大学英语四、六级考试大纲（2016年修订版）》词表词目；官方未提供释义,官方词表只列词形，不列例句,1,全国大学英语四、六级考试大纲（2016年修订版）,https://cet.neea.edu.cn/res/Home/1704/55b02330ac17274664f06d9d3db8249d.pdf,139
trap,官方词表未提供读音,官方《全国大学英语四、六级考试大纲（2016年修订版）》词表词目；官方未提供释义,官方词表只列词形，不列例句,1,全国大学英语四、六级考试大纲（2016年修订版）,https://cet.neea.edu.cn/res/Home/1704/55b02330ac17274664f06d9d3db8249d.pdf,139
trash,官方词表未提供读音,官方《全国大学英语四、六级考试大纲（2016年修订版）》词表词目；官方未提供释义,官方词表只列词形，不列例句,1,全国大学英语四、六级考试大纲（2016年修订版）,https://cet.neea.edu.cn/res/Home/1704/55b02330ac17274664f06d9d3db8249d.pdf,139
travel,官方词表未提供读音,官方《全国大学英语四、六级考试大纲（2016年修订版）》词表词目；官方未提供释义,官方词表只列词形，不列例句,1,全国大学英语四、六级考试大纲（2016年修订版）,https://cet.neea.edu.cn/res/Home/1704/55b02330ac17274664f06d9d3db8249d.pdf,139
tray,官方词表未提供读音,官方《全国大学英语四、六级考试大纲（2016年修订版）》词表词目；官方未提供释义,官方词表只列词形，不列例句,1,全国大学英语四、六级考试大纲（2016年修订版）,https://cet.neea.edu.cn/res/Home/1704/55b02330ac17274664f06d9d3db8249d.pdf,139
treasure,官方词表未提供读音,官方《全国大学英语四、六级考试大纲（2016年修订版）》词表词目；官方未提供释义,官方词表只列词形，不列例句,1,全国大学英语四、六级考试大纲（2016年修订版）,https://cet.neea.edu.cn/res/Home/1704/55b02330ac17274664f06d9d3db8249d.pdf,139
treat treatment,官方词表未提供读音,官方《全国大学英语四、六级考试大纲（2016年修订版）》词表词目；官方未提供释义,官方词表只列词形，不列例句,1,全国大学英语四、六级考试大纲（2016年修订版）,https://cet.neea.edu.cn/res/Home/1704/55b02330ac17274664f06d9d3db8249d.pdf,139
treaty,官方词表未提供读音,官方《全国大学英语四、六级考试大纲（2016年修订版）》词表词目；官方未提供释义,官方词表只列词形，不列例句,1,全国大学英语四、六级考试大纲（2016年修订版）,https://cet.neea.edu.cn/res/Home/1704/55b02330ac17274664f06d9d3db8249d.pdf,139
tree,官方词表未提供读音,官方《全国大学英语四、六级考试大纲（2016年修订版）》词表词目；官方未提供释义,官方词表只列词形，不列例句,1,全国大学英语四、六级考试大纲（2016年修订版）,https://cet.neea.edu.cn/res/Home/1704/55b02330ac17274664f06d9d3db8249d.pdf,139
tremble,官方词表未提供读音,官方《全国大学英语四、六级考试大纲（2016年修订版）》词表词目；官方未提供释义,官方词表只列词形，不列例句,1,全国大学英语四、六级考试大纲（2016年修订版）,https://cet.neea.edu.cn/res/Home/1704/55b02330ac17274664f06d9d3db8249d.pdf,139
tremendous,官方词表未提供读音,官方《全国大学英语四、六级考试大纲（2016年修订版）》词表词目；官方未提供释义,官方词表只列词形，不列例句,1,全国大学英语四、六级考试大纲（2016年修订版）,https://cet.neea.edu.cn/res/Home/1704/55b02330ac17274664f06d9d3db8249d.pdf,139
trend,官方词表未提供读音,官方《全国大学英语四、六级考试大纲（2016年修订版）》词表词目；官方未提供释义,官方词表只列词形，不列例句,1,全国大学英语四、六级考试大纲（2016年修订版）,https://cet.neea.edu.cn/res/Home/1704/55b02330ac17274664f06d9d3db8249d.pdf,139
trial,官方词表未提供读音,官方《全国大学英语四、六级考试大纲（2016年修订版）》词表词目；官方未提供释义,官方词表只列词形，不列例句,1,全国大学英语四、六级考试大纲（2016年修订版）,https://cet.neea.edu.cn/res/Home/1704/55b02330ac17274664f06d9d3db8249d.pdf,139
triangle triangular,官方词表未提供读音,官方《全国大学英语四、六级考试大纲（2016年修订版）》词表词目；官方未提供释义,官方词表只列词形，不列例句,1,全国大学英语四、六级考试大纲（2016年修订版）,https://cet.neea.edu.cn/res/Home/1704/55b02330ac17274664f06d9d3db8249d.pdf,139
trick tricky,官方词表未提供读音,官方《全国大学英语四、六级考试大纲（2016年修订版）》词表词目；官方未提供释义,官方词表只列词形，不列例句,1,全国大学英语四、六级考试大纲（2016年修订版）,https://cet.neea.edu.cn/res/Home/1704/55b02330ac17274664f06d9d3db8249d.pdf,139
trifle,官方词表未提供读音,官方《全国大学英语四、六级考试大纲（2016年修订版）》词表词目；官方未提供释义,官方词表只列词形，不列例句,1,全国大学英语四、六级考试大纲（2016年修订版）,https://cet.neea.edu.cn/res/Home/1704/55b02330ac17274664f06d9d3db8249d.pdf,139
trigger,官方词表未提供读音,官方《全国大学英语四、六级考试大纲（2016年修订版）》词表词目；官方未提供释义,官方词表只列词形，不列例句,1,全国大学英语四、六级考试大纲（2016年修订版）,https://cet.neea.edu.cn/res/Home/1704/55b02330ac17274664f06d9d3db8249d.pdf,139
trip,官方词表未提供读音,官方《全国大学英语四、六级考试大纲（2016年修订版）》词表词目；官方未提供释义,官方词表只列词形，不列例句,1,全国大学英语四、六级考试大纲（2016年修订版）,https://cet.neea.edu.cn/res/Home/1704/55b02330ac17274664f06d9d3db8249d.pdf,139
triple,官方词表未提供读音,官方《全国大学英语四、六级考试大纲（2016年修订版）》词表词目；官方未提供释义,官方词表只列词形，不列例句,1,全国大学英语四、六级考试大纲（2016年修订版）,https://cet.neea.edu.cn/res/Home/1704/55b02330ac17274664f06d9d3db8249d.pdf,139
triumph triumphant,官方词表未提供读音,官方《全国大学英语四、六级考试大纲（2016年修订版）》词表词目；官方未提供释义,官方词表只列词形，不列例句,1,全国大学英语四、六级考试大纲（2016年修订版）,https://cet.neea.edu.cn/res/Home/1704/55b02330ac17274664f06d9d3db8249d.pdf,139
trolley,官方词表未提供读音,官方《全国大学英语四、六级考试大纲（2016年修订版）》词表词目；官方未提供释义,官方词表只列词形，不列例句,1,全国大学英语四、六级考试大纲（2016年修订版）,https://cet.neea.edu.cn/res/Home/1704/55b02330ac17274664f06d9d3db8249d.pdf,139
troop,官方词表未提供读音,官方《全国大学英语四、六级考试大纲（2016年修订版）》词表词目；官方未提供释义,官方词表只列词形，不列例句,1,全国大学英语四、六级考试大纲（2016年修订版）,https://cet.neea.edu.cn/res/Home/1704/55b02330ac17274664f06d9d3db8249d.pdf,140
trouble troublesome,官方词表未提供读音,官方《全国大学英语四、六级考试大纲（2016年修订版）》词表词目；官方未提供释义,官方词表只列词形，不列例句,1,全国大学英语四、六级考试大纲（2016年修订版）,https://cet.neea.edu.cn/res/Home/1704/55b02330ac17274664f06d9d3db8249d.pdf,140
trousers,官方词表未提供读音,官方《全国大学英语四、六级考试大纲（2016年修订版）》词表词目；官方未提供释义,官方词表只列词形，不列例句,1,全国大学英语四、六级考试大纲（2016年修订版）,https://cet.neea.edu.cn/res/Home/1704/55b02330ac17274664f06d9d3db8249d.pdf,140
truck,官方词表未提供读音,官方《全国大学英语四、六级考试大纲（2016年修订版）》词表词目；官方未提供释义,官方词表只列词形，不列例句,1,全国大学英语四、六级考试大纲（2016年修订版）,https://cet.neea.edu.cn/res/Home/1704/55b02330ac17274664f06d9d3db8249d.pdf,140
true truly,官方词表未提供读音,官方《全国大学英语四、六级考试大纲（2016年修订版）》词表词目；官方未提供释义,官方词表只列词形，不列例句,1,全国大学英语四、六级考试大纲（2016年修订版）,https://cet.neea.edu.cn/res/Home/1704/55b02330ac17274664f06d9d3db8249d.pdf,140
trunk,官方词表未提供读音,官方《全国大学英语四、六级考试大纲（2016年修订版）》词表词目；官方未提供释义,官方词表只列词形，不列例句,1,全国大学英语四、六级考试大纲（2016年修订版）,https://cet.neea.edu.cn/res/Home/1704/55b02330ac17274664f06d9d3db8249d.pdf,140
trust trustee,官方词表未提供读音,官方《全国大学英语四、六级考试大纲（2016年修订版）》词表词目；官方未提供释义,官方词表只列词形，不列例句,1,全国大学英语四、六级考试大纲（2016年修订版）,https://cet.neea.edu.cn/res/Home/1704/55b02330ac17274664f06d9d3db8249d.pdf,140
truth truthful,官方词表未提供读音,官方《全国大学英语四、六级考试大纲（2016年修订版）》词表词目；官方未提供释义,官方词表只列词形，不列例句,1,全国大学英语四、六级考试大纲（2016年修订版）,https://cet.neea.edu.cn/res/Home/1704/55b02330ac17274664f06d9d3db8249d.pdf,140
try trial trying,官方词表未提供读音,官方《全国大学英语四、六级考试大纲（2016年修订版）》词表词目；官方未提供释义,官方词表只列词形，不列例句,1,全国大学英语四、六级考试大纲（2016年修订版）,https://cet.neea.edu.cn/res/Home/1704/55b02330ac17274664f06d9d3db8249d.pdf,140
tube,官方词表未提供读音,官方《全国大学英语四、六级考试大纲（2016年修订版）》词表词目；官方未提供释义,官方词表只列词形，不列例句,1,全国大学英语四、六级考试大纲（2016年修订版）,https://cet.neea.edu.cn/res/Home/1704/55b02330ac17274664f06d9d3db8249d.pdf,140
Tuesday,官方词表未提供读音,官方《全国大学英语四、六级考试大纲（2016年修订版）》词表词目；官方未提供释义,官方词表只列词形，不列例句,1,全国大学英语四、六级考试大纲（2016年修订版）,https://cet.neea.edu.cn/res/Home/1704/55b02330ac17274664f06d9d3db8249d.pdf,140
tuition,官方词表未提供读音,官方《全国大学英语四、六级考试大纲（2016年修订版）》词表词目；官方未提供释义,官方词表只列词形，不列例句,1,全国大学英语四、六级考试大纲（2016年修订版）,https://cet.neea.edu.cn/res/Home/1704/55b02330ac17274664f06d9d3db8249d.pdf,140
tumo(u)r,官方词表未提供读音,官方《全国大学英语四、六级考试大纲（2016年修订版）》词表词目；官方未提供释义,官方词表只列词形，不列例句,1,全国大学英语四、六级考试大纲（2016年修订版）,https://cet.neea.edu.cn/res/Home/1704/55b02330ac17274664f06d9d3db8249d.pdf,140
tune,官方词表未提供读音,官方《全国大学英语四、六级考试大纲（2016年修订版）》词表词目；官方未提供释义,官方词表只列词形，不列例句,1,全国大学英语四、六级考试大纲（2016年修订版）,https://cet.neea.edu.cn/res/Home/1704/55b02330ac17274664f06d9d3db8249d.pdf,140
tunnel,官方词表未提供读音,官方《全国大学英语四、六级考试大纲（2016年修订版）》词表词目；官方未提供释义,官方词表只列词形，不列例句,1,全国大学英语四、六级考试大纲（2016年修订版）,https://cet.neea.edu.cn/res/Home/1704/55b02330ac17274664f06d9d3db8249d.pdf,140
turkey,官方词表未提供读音,官方《全国大学英语四、六级考试大纲（2016年修订版）》词表词目；官方未提供释义,官方词表只列词形，不列例句,1,全国大学英语四、六级考试大纲（2016年修订版）,https://cet.neea.edu.cn/res/Home/1704/55b02330ac17274664f06d9d3db8249d.pdf,140
turn,官方词表未提供读音,官方《全国大学英语四、六级考试大纲（2016年修订版）》词表词目；官方未提供释义,官方词表只列词形，不列例句,1,全国大学英语四、六级考试大纲（2016年修订版）,https://cet.neea.edu.cn/res/Home/1704/55b02330ac17274664f06d9d3db8249d.pdf,140
tutor tutorial,官方词表未提供读音,官方《全国大学英语四、六级考试大纲（2016年修订版）》词表词目；官方未提供释义,官方词表只列词形，不列例句,1,全国大学英语四、六级考试大纲（2016年修订版）,https://cet.neea.edu.cn/res/Home/1704/55b02330ac17274664f06d9d3db8249d.pdf,140
twelve twelfth,官方词表未提供读音,官方《全国大学英语四、六级考试大纲（2016年修订版）》词表词目；官方未提供释义,官方词表只列词形，不列例句,1,全国大学英语四、六级考试大纲（2016年修订版）,https://cet.neea.edu.cn/res/Home/1704/55b02330ac17274664f06d9d3db8249d.pdf,140
twenty twentieth,官方词表未提供读音,官方《全国大学英语四、六级考试大纲（2016年修订版）》词表词目；官方未提供释义,官方词表只列词形，不列例句,1,全国大学英语四、六级考试大纲（2016年修订版）,https://cet.neea.edu.cn/res/Home/1704/55b02330ac17274664f06d9d3db8249d.pdf,140
twice,官方词表未提供读音,官方《全国大学英语四、六级考试大纲（2016年修订版）》词表词目；官方未提供释义,官方词表只列词形，不列例句,1,全国大学英语四、六级考试大纲（2016年修订版）,https://cet.neea.edu.cn/res/Home/1704/55b02330ac17274664f06d9d3db8249d.pdf,140
twin,官方词表未提供读音,官方《全国大学英语四、六级考试大纲（2016年修订版）》词表词目；官方未提供释义,官方词表只列词形，不列例句,1,全国大学英语四、六级考试大纲（2016年修订版）,https://cet.neea.edu.cn/res/Home/1704/55b02330ac17274664f06d9d3db8249d.pdf,140
twist,官方词表未提供读音,官方《全国大学英语四、六级考试大纲（2016年修订版）》词表词目；官方未提供释义,官方词表只列词形，不列例句,1,全国大学英语四、六级考试大纲（2016年修订版）,https://cet.neea.edu.cn/res/Home/1704/55b02330ac17274664f06d9d3db8249d.pdf,140
two,官方词表未提供读音,官方《全国大学英语四、六级考试大纲（2016年修订版）》词表词目；官方未提供释义,官方词表只列词形，不列例句,1,全国大学英语四、六级考试大纲（2016年修订版）,https://cet.neea.edu.cn/res/Home/1704/55b02330ac17274664f06d9d3db8249d.pdf,140
type typist,官方词表未提供读音,官方《全国大学英语四、六级考试大纲（2016年修订版）》词表词目；官方未提供释义,官方词表只列词形，不列例句,1,全国大学英语四、六级考试大纲（2016年修订版）,https://cet.neea.edu.cn/res/Home/1704/55b02330ac17274664f06d9d3db8249d.pdf,140
typewriter,官方词表未提供读音,官方《全国大学英语四、六级考试大纲（2016年修订版）》词表词目；官方未提供释义,官方词表只列词形，不列例句,1,全国大学英语四、六级考试大纲（2016年修订版）,https://cet.neea.edu.cn/res/Home/1704/55b02330ac17274664f06d9d3db8249d.pdf,140
typical,官方词表未提供读音,官方《全国大学英语四、六级考试大纲（2016年修订版）》词表词目；官方未提供释义,官方词表只列词形，不列例句,1,全国大学英语四、六级考试大纲（2016年修订版）,https://cet.neea.edu.cn/res/Home/1704/55b02330ac17274664f06d9d3db8249d.pdf,140
tyre/tire,官方词表未提供读音,官方《全国大学英语四、六级考试大纲（2016年修订版）》词表词目；官方未提供释义,官方词表只列词形，不列例句,1,全国大学英语四、六级考试大纲（2016年修订版）,https://cet.neea.edu.cn/res/Home/1704/55b02330ac17274664f06d9d3db8249d.pdf,140
ugly ugliness,官方词表未提供读音,官方《全国大学英语四、六级考试大纲（2016年修订版）》词表词目；官方未提供释义,官方词表只列词形，不列例句,1,全国大学英语四、六级考试大纲（2016年修订版）,https://cet.neea.edu.cn/res/Home/1704/55b02330ac17274664f06d9d3db8249d.pdf,140
ultimate ultimately,官方词表未提供读音,官方《全国大学英语四、六级考试大纲（2016年修订版）》词表词目；官方未提供释义,官方词表只列词形，不列例句,1,全国大学英语四、六级考试大纲（2016年修订版）,https://cet.neea.edu.cn/res/Home/1704/55b02330ac17274664f06d9d3db8249d.pdf,140
umbrella,官方词表未提供读音,官方《全国大学英语四、六级考试大纲（2016年修订版）》词表词目；官方未提供释义,官方词表只列词形，不列例句,1,全国大学英语四、六级考试大纲（2016年修订版）,https://cet.neea.edu.cn/res/Home/1704/55b02330ac17274664f06d9d3db8249d.pdf,141
uncertain uncertainty,官方词表未提供读音,官方《全国大学英语四、六级考试大纲（2016年修订版）》词表词目；官方未提供释义,官方词表只列词形，不列例句,1,全国大学英语四、六级考试大纲（2016年修订版）,https://cet.neea.edu.cn/res/Home/1704/55b02330ac17274664f06d9d3db8249d.pdf,141
uncle,官方词表未提供读音,官方《全国大学英语四、六级考试大纲（2016年修订版）》词表词目；官方未提供释义,官方词表只列词形，不列例句,1,全国大学英语四、六级考试大纲（2016年修订版）,https://cet.neea.edu.cn/res/Home/1704/55b02330ac17274664f06d9d3db8249d.pdf,141
uncover,官方词表未提供读音,官方《全国大学英语四、六级考试大纲（2016年修订版）》词表词目；官方未提供释义,官方词表只列词形，不列例句,1,全国大学英语四、六级考试大纲（2016年修订版）,https://cet.neea.edu.cn/res/Home/1704/55b02330ac17274664f06d9d3db8249d.pdf,141
under,官方词表未提供读音,官方《全国大学英语四、六级考试大纲（2016年修订版）》词表词目；官方未提供释义,官方词表只列词形，不列例句,1,全国大学英语四、六级考试大纲（2016年修订版）,https://cet.neea.edu.cn/res/Home/1704/55b02330ac17274664f06d9d3db8249d.pdf,141
underdeveloped,官方词表未提供读音,官方《全国大学英语四、六级考试大纲（2016年修订版）》词表词目；官方未提供释义,官方词表只列词形，不列例句,1,全国大学英语四、六级考试大纲（2016年修订版）,https://cet.neea.edu.cn/res/Home/1704/55b02330ac17274664f06d9d3db8249d.pdf,141
underestimate,官方词表未提供读音,官方《全国大学英语四、六级考试大纲（2016年修订版）》词表词目；官方未提供释义,官方词表只列词形，不列例句,1,全国大学英语四、六级考试大纲（2016年修订版）,https://cet.neea.edu.cn/res/Home/1704/55b02330ac17274664f06d9d3db8249d.pdf,141
undergo,官方词表未提供读音,官方《全国大学英语四、六级考试大纲（2016年修订版）》词表词目；官方未提供释义,官方词表只列词形，不列例句,1,全国大学英语四、六级考试大纲（2016年修订版）,https://cet.neea.edu.cn/res/Home/1704/55b02330ac17274664f06d9d3db8249d.pdf,141
undergraduate,官方词表未提供读音,官方《全国大学英语四、六级考试大纲（2016年修订版）》词表词目；官方未提供释义,官方词表只列词形，不列例句,1,全国大学英语四、六级考试大纲（2016年修订版）,https://cet.neea.edu.cn/res/Home/1704/55b02330ac17274664f06d9d3db8249d.pdf,141
underground,官方词表未提供读音,官方《全国大学英语四、六级考试大纲（2016年修订版）》词表词目；官方未提供释义,官方词表只列词形，不列例句,1,全国大学英语四、六级考试大纲（2016年修订版）,https://cet.neea.edu.cn/res/Home/1704/55b02330ac17274664f06d9d3db8249d.pdf,141
underline,官方词表未提供读音,官方《全国大学英语四、六级考试大纲（2016年修订版）》词表词目；官方未提供释义,官方词表只列词形，不列例句,1,全国大学英语四、六级考试大纲（2016年修订版）,https://cet.neea.edu.cn/res/Home/1704/55b02330ac17274664f06d9d3db8249d.pdf,141
undermine,官方词表未提供读音,官方《全国大学英语四、六级考试大纲（2016年修订版）》词表词目；官方未提供释义,官方词表只列词形，不列例句,1,全国大学英语四、六级考试大纲（2016年修订版）,https://cet.neea.edu.cn/res/Home/1704/55b02330ac17274664f06d9d3db8249d.pdf,141
underneath,官方词表未提供读音,官方《全国大学英语四、六级考试大纲（2016年修订版）》词表词目；官方未提供释义,官方词表只列词形，不列例句,1,全国大学英语四、六级考试大纲（2016年修订版）,https://cet.neea.edu.cn/res/Home/1704/55b02330ac17274664f06d9d3db8249d.pdf,141
understand understanding,官方词表未提供读音,官方《全国大学英语四、六级考试大纲（2016年修订版）》词表词目；官方未提供释义,官方词表只列词形，不列例句,1,全国大学英语四、六级考试大纲（2016年修订版）,https://cet.neea.edu.cn/res/Home/1704/55b02330ac17274664f06d9d3db8249d.pdf,141
undertake undertaking,官方词表未提供读音,官方《全国大学英语四、六级考试大纲（2016年修订版）》词表词目；官方未提供释义,官方词表只列词形，不列例句,1,全国大学英语四、六级考试大纲（2016年修订版）,https://cet.neea.edu.cn/res/Home/1704/55b02330ac17274664f06d9d3db8249d.pdf,141
underwear,官方词表未提供读音,官方《全国大学英语四、六级考试大纲（2016年修订版）》词表词目；官方未提供释义,官方词表只列词形，不列例句,1,全国大学英语四、六级考试大纲（2016年修订版）,https://cet.neea.edu.cn/res/Home/1704/55b02330ac17274664f06d9d3db8249d.pdf,141
undo,官方词表未提供读音,官方《全国大学英语四、六级考试大纲（2016年修订版）》词表词目；官方未提供释义,官方词表只列词形，不列例句,1,全国大学英语四、六级考试大纲（2016年修订版）,https://cet.neea.edu.cn/res/Home/1704/55b02330ac17274664f06d9d3db8249d.pdf,141
undoubtedly,官方词表未提供读音,官方《全国大学英语四、六级考试大纲（2016年修订版）》词表词目；官方未提供释义,官方词表只列词形，不列例句,1,全国大学英语四、六级考试大纲（2016年修订版）,https://cet.neea.edu.cn/res/Home/1704/55b02330ac17274664f06d9d3db8249d.pdf,141
uneasy,官方词表未提供读音,官方《全国大学英语四、六级考试大纲（2016年修订版）》词表词目；官方未提供释义,官方词表只列词形，不列例句,1,全国大学英语四、六级考试大纲（2016年修订版）,https://cet.neea.edu.cn/res/Home/1704/55b02330ac17274664f06d9d3db8249d.pdf,141
unemployed unemployment,官方词表未提供读音,官方《全国大学英语四、六级考试大纲（2016年修订版）》词表词目；官方未提供释义,官方词表只列词形，不列例句,1,全国大学英语四、六级考试大纲（2016年修订版）,https://cet.neea.edu.cn/res/Home/1704/55b02330ac17274664f06d9d3db8249d.pdf,141
uniform uniformity,官方词表未提供读音,官方《全国大学英语四、六级考试大纲（2016年修订版）》词表词目；官方未提供释义,官方词表只列词形，不列例句,1,全国大学英语四、六级考试大纲（2016年修订版）,https://cet.neea.edu.cn/res/Home/1704/55b02330ac17274664f06d9d3db8249d.pdf,141
union,官方词表未提供读音,官方《全国大学英语四、六级考试大纲（2016年修订版）》词表词目；官方未提供释义,官方词表只列词形，不列例句,1,全国大学英语四、六级考试大纲（2016年修订版）,https://cet.neea.edu.cn/res/Home/1704/55b02330ac17274664f06d9d3db8249d.pdf,141
unique,官方词表未提供读音,官方《全国大学英语四、六级考试大纲（2016年修订版）》词表词目；官方未提供释义,官方词表只列词形，不列例句,1,全国大学英语四、六级考试大纲（2016年修订版）,https://cet.neea.edu.cn/res/Home/1704/55b02330ac17274664f06d9d3db8249d.pdf,141
unit,官方词表未提供读音,官方《全国大学英语四、六级考试大纲（2016年修订版）》词表词目；官方未提供释义,官方词表只列词形，不列例句,1,全国大学英语四、六级考试大纲（2016年修订版）,https://cet.neea.edu.cn/res/Home/1704/55b02330ac17274664f06d9d3db8249d.pdf,141
unite unity,官方词表未提供读音,官方《全国大学英语四、六级考试大纲（2016年修订版）》词表词目；官方未提供释义,官方词表只列词形，不列例句,1,全国大学英语四、六级考试大纲（2016年修订版）,https://cet.neea.edu.cn/res/Home/1704/55b02330ac17274664f06d9d3db8249d.pdf,141
universe universal,官方词表未提供读音,官方《全国大学英语四、六级考试大纲（2016年修订版）》词表词目；官方未提供释义,官方词表只列词形，不列例句,1,全国大学英语四、六级考试大纲（2016年修订版）,https://cet.neea.edu.cn/res/Home/1704/55b02330ac17274664f06d9d3db8249d.pdf,141
university,官方词表未提供读音,官方《全国大学英语四、六级考试大纲（2016年修订版）》词表词目；官方未提供释义,官方词表只列词形，不列例句,1,全国大学英语四、六级考试大纲（2016年修订版）,https://cet.neea.edu.cn/res/Home/1704/55b02330ac17274664f06d9d3db8249d.pdf,141
unless,官方词表未提供读音,官方《全国大学英语四、六级考试大纲（2016年修订版）》词表词目；官方未提供释义,官方词表只列词形，不列例句,1,全国大学英语四、六级考试大纲（2016年修订版）,https://cet.neea.edu.cn/res/Home/1704/55b02330ac17274664f06d9d3db8249d.pdf,141
until,官方词表未提供读音,官方《全国大学英语四、六级考试大纲（2016年修订版）》词表词目；官方未提供释义,官方词表只列词形，不列例句,1,全国大学英语四、六级考试大纲（2016年修订版）,https://cet.neea.edu.cn/res/Home/1704/55b02330ac17274664f06d9d3db8249d.pdf,141
up,官方词表未提供读音,官方《全国大学英语四、六级考试大纲（2016年修订版）》词表词目；官方未提供释义,官方词表只列词形，不列例句,1,全国大学英语四、六级考试大纲（2016年修订版）,https://cet.neea.edu.cn/res/Home/1704/55b02330ac17274664f06d9d3db8249d.pdf,141
update,官方词表未提供读音,官方《全国大学英语四、六级考试大纲（2016年修订版）》词表词目；官方未提供释义,官方词表只列词形，不列例句,1,全国大学英语四、六级考试大纲（2016年修订版）,https://cet.neea.edu.cn/res/Home/1704/55b02330ac17274664f06d9d3db8249d.pdf,141
upgrade,官方词表未提供读音,官方《全国大学英语四、六级考试大纲（2016年修订版）》词表词目；官方未提供释义,官方词表只列词形，不列例句,1,全国大学英语四、六级考试大纲（2016年修订版）,https://cet.neea.edu.cn/res/Home/1704/55b02330ac17274664f06d9d3db8249d.pdf,141
upload,官方词表未提供读音,官方《全国大学英语四、六级考试大纲（2016年修订版）》词表词目；官方未提供释义,官方词表只列词形，不列例句,1,全国大学英语四、六级考试大纲（2016年修订版）,https://cet.neea.edu.cn/res/Home/1704/55b02330ac17274664f06d9d3db8249d.pdf,142
upon,官方词表未提供读音,官方《全国大学英语四、六级考试大纲（2016年修订版）》词表词目；官方未提供释义,官方词表只列词形，不列例句,1,全国大学英语四、六级考试大纲（2016年修订版）,https://cet.neea.edu.cn/res/Home/1704/55b02330ac17274664f06d9d3db8249d.pdf,142
upper,官方词表未提供读音,官方《全国大学英语四、六级考试大纲（2016年修订版）》词表词目；官方未提供释义,官方词表只列词形，不列例句,1,全国大学英语四、六级考试大纲（2016年修订版）,https://cet.neea.edu.cn/res/Home/1704/55b02330ac17274664f06d9d3db8249d.pdf,142
upright,官方词表未提供读音,官方《全国大学英语四、六级考试大纲（2016年修订版）》词表词目；官方未提供释义,官方词表只列词形，不列例句,1,全国大学英语四、六级考试大纲（2016年修订版）,https://cet.neea.edu.cn/res/Home/1704/55b02330ac17274664f06d9d3db8249d.pdf,142
upset,官方词表未提供读音,官方《全国大学英语四、六级考试大纲（2016年修订版）》词表词目；官方未提供释义,官方词表只列词形，不列例句,1,全国大学英语四、六级考试大纲（2016年修订版）,https://cet.neea.edu.cn/res/Home/1704/55b02330ac17274664f06d9d3db8249d.pdf,142
upstairs,官方词表未提供读音,官方《全国大学英语四、六级考试大纲（2016年修订版）》词表词目；官方未提供释义,官方词表只列词形，不列例句,1,全国大学英语四、六级考试大纲（2016年修订版）,https://cet.neea.edu.cn/res/Home/1704/55b02330ac17274664f06d9d3db8249d.pdf,142
up-to-date,官方词表未提供读音,官方《全国大学英语四、六级考试大纲（2016年修订版）》词表词目；官方未提供释义,官方词表只列词形，不列例句,1,全国大学英语四、六级考试大纲（2016年修订版）,https://cet.neea.edu.cn/res/Home/1704/55b02330ac17274664f06d9d3db8249d.pdf,142
upward upwards,官方词表未提供读音,官方《全国大学英语四、六级考试大纲（2016年修订版）》词表词目；官方未提供释义,官方词表只列词形，不列例句,1,全国大学英语四、六级考试大纲（2016年修订版）,https://cet.neea.edu.cn/res/Home/1704/55b02330ac17274664f06d9d3db8249d.pdf,142
urban urbanize/-ise urbanization/-sation,官方词表未提供读音,官方《全国大学英语四、六级考试大纲（2016年修订版）》词表词目；官方未提供释义,官方词表只列词形，不列例句,1,全国大学英语四、六级考试大纲（2016年修订版）,https://cet.neea.edu.cn/res/Home/1704/55b02330ac17274664f06d9d3db8249d.pdf,142
urge,官方词表未提供读音,官方《全国大学英语四、六级考试大纲（2016年修订版）》词表词目；官方未提供释义,官方词表只列词形，不列例句,1,全国大学英语四、六级考试大纲（2016年修订版）,https://cet.neea.edu.cn/res/Home/1704/55b02330ac17274664f06d9d3db8249d.pdf,142
urgent urgency,官方词表未提供读音,官方《全国大学英语四、六级考试大纲（2016年修订版）》词表词目；官方未提供释义,官方词表只列词形，不列例句,1,全国大学英语四、六级考试大纲（2016年修订版）,https://cet.neea.edu.cn/res/Home/1704/55b02330ac17274664f06d9d3db8249d.pdf,142
us,官方词表未提供读音,官方《全国大学英语四、六级考试大纲（2016年修订版）》词表词目；官方未提供释义,官方词表只列词形，不列例句,1,全国大学英语四、六级考试大纲（2016年修订版）,https://cet.neea.edu.cn/res/Home/1704/55b02330ac17274664f06d9d3db8249d.pdf,142
usage,官方词表未提供读音,官方《全国大学英语四、六级考试大纲（2016年修订版）》词表词目；官方未提供释义,官方词表只列词形，不列例句,1,全国大学英语四、六级考试大纲（2016年修订版）,https://cet.neea.edu.cn/res/Home/1704/55b02330ac17274664f06d9d3db8249d.pdf,142
use user useful useless,官方词表未提供读音,官方《全国大学英语四、六级考试大纲（2016年修订版）》词表词目；官方未提供释义,官方词表只列词形，不列例句,1,全国大学英语四、六级考试大纲（2016年修订版）,https://cet.neea.edu.cn/res/Home/1704/55b02330ac17274664f06d9d3db8249d.pdf,142
used,官方词表未提供读音,官方《全国大学英语四、六级考试大纲（2016年修订版）》词表词目；官方未提供释义,官方词表只列词形，不列例句,1,全国大学英语四、六级考试大纲（2016年修订版）,https://cet.neea.edu.cn/res/Home/1704/55b02330ac17274664f06d9d3db8249d.pdf,142
usual usually,官方词表未提供读音,官方《全国大学英语四、六级考试大纲（2016年修订版）》词表词目；官方未提供释义,官方词表只列词形，不列例句,1,全国大学英语四、六级考试大纲（2016年修订版）,https://cet.neea.edu.cn/res/Home/1704/55b02330ac17274664f06d9d3db8249d.pdf,142
utility,官方词表未提供读音,官方《全国大学英语四、六级考试大纲（2016年修订版）》词表词目；官方未提供释义,官方词表只列词形，不列例句,1,全国大学英语四、六级考试大纲（2016年修订版）,https://cet.neea.edu.cn/res/Home/1704/55b02330ac17274664f06d9d3db8249d.pdf,142
utilize/-ise utilization/-sation,官方词表未提供读音,官方《全国大学英语四、六级考试大纲（2016年修订版）》词表词目；官方未提供释义,官方词表只列词形，不列例句,1,全国大学英语四、六级考试大纲（2016年修订版）,https://cet.neea.edu.cn/res/Home/1704/55b02330ac17274664f06d9d3db8249d.pdf,142
utmost,官方词表未提供读音,官方《全国大学英语四、六级考试大纲（2016年修订版）》词表词目；官方未提供释义,官方词表只列词形，不列例句,1,全国大学英语四、六级考试大纲（2016年修订版）,https://cet.neea.edu.cn/res/Home/1704/55b02330ac17274664f06d9d3db8249d.pdf,142
utter,官方词表未提供读音,官方《全国大学英语四、六级考试大纲（2016年修订版）》词表词目；官方未提供释义,官方词表只列词形，不列例句,1,全国大学英语四、六级考试大纲（2016年修订版）,https://cet.neea.edu.cn/res/Home/1704/55b02330ac17274664f06d9d3db8249d.pdf,142
utterly,官方词表未提供读音,官方《全国大学英语四、六级考试大纲（2016年修订版）》词表词目；官方未提供释义,官方词表只列词形，不列例句,1,全国大学英语四、六级考试大纲（2016年修订版）,https://cet.neea.edu.cn/res/Home/1704/55b02330ac17274664f06d9d3db8249d.pdf,142
vacant vacancy,官方词表未提供读音,官方《全国大学英语四、六级考试大纲（2016年修订版）》词表词目；官方未提供释义,官方词表只列词形，不列例句,1,全国大学英语四、六级考试大纲（2016年修订版）,https://cet.neea.edu.cn/res/Home/1704/55b02330ac17274664f06d9d3db8249d.pdf,142
vacation,官方词表未提供读音,官方《全国大学英语四、六级考试大纲（2016年修订版）》词表词目；官方未提供释义,官方词表只列词形，不列例句,1,全国大学英语四、六级考试大纲（2016年修订版）,https://cet.neea.edu.cn/res/Home/1704/55b02330ac17274664f06d9d3db8249d.pdf,142
vacuum,官方词表未提供读音,官方《全国大学英语四、六级考试大纲（2016年修订版）》词表词目；官方未提供释义,官方词表只列词形，不列例句,1,全国大学英语四、六级考试大纲（2016年修订版）,https://cet.neea.edu.cn/res/Home/1704/55b02330ac17274664f06d9d3db8249d.pdf,142
vague,官方词表未提供读音,官方《全国大学英语四、六级考试大纲（2016年修订版）》词表词目；官方未提供释义,官方词表只列词形，不列例句,1,全国大学英语四、六级考试大纲（2016年修订版）,https://cet.neea.edu.cn/res/Home/1704/55b02330ac17274664f06d9d3db8249d.pdf,142
vain vanity,官方词表未提供读音,官方《全国大学英语四、六级考试大纲（2016年修订版）》词表词目；官方未提供释义,官方词表只列词形，不列例句,1,全国大学英语四、六级考试大纲（2016年修订版）,https://cet.neea.edu.cn/res/Home/1704/55b02330ac17274664f06d9d3db8249d.pdf,142
valid validate validity,官方词表未提供读音,官方《全国大学英语四、六级考试大纲（2016年修订版）》词表词目；官方未提供释义,官方词表只列词形，不列例句,1,全国大学英语四、六级考试大纲（2016年修订版）,https://cet.neea.edu.cn/res/Home/1704/55b02330ac17274664f06d9d3db8249d.pdf,142
valley,官方词表未提供读音,官方《全国大学英语四、六级考试大纲（2016年修订版）》词表词目；官方未提供释义,官方词表只列词形，不列例句,1,全国大学英语四、六级考试大纲（2016年修订版）,https://cet.neea.edu.cn/res/Home/1704/55b02330ac17274664f06d9d3db8249d.pdf,142
value valuable,官方词表未提供读音,官方《全国大学英语四、六级考试大纲（2016年修订版）》词表词目；官方未提供释义,官方词表只列词形，不列例句,1,全国大学英语四、六级考试大纲（2016年修订版）,https://cet.neea.edu.cn/res/Home/1704/55b02330ac17274664f06d9d3db8249d.pdf,142
van,官方词表未提供读音,官方《全国大学英语四、六级考试大纲（2016年修订版）》词表词目；官方未提供释义,官方词表只列词形，不列例句,1,全国大学英语四、六级考试大纲（2016年修订版）,https://cet.neea.edu.cn/res/Home/1704/55b02330ac17274664f06d9d3db8249d.pdf,142
vanish,官方词表未提供读音,官方《全国大学英语四、六级考试大纲（2016年修订版）》词表词目；官方未提供释义,官方词表只列词形，不列例句,1,全国大学英语四、六级考试大纲（2016年修订版）,https://cet.neea.edu.cn/res/Home/1704/55b02330ac17274664f06d9d3db8249d.pdf,142
vapo(u)r,官方词表未提供读音,官方《全国大学英语四、六级考试大纲（2016年修订版）》词表词目；官方未提供释义,官方词表只列词形，不列例句,1,全国大学英语四、六级考试大纲（2016年修订版）,https://cet.neea.edu.cn/res/Home/1704/55b02330ac17274664f06d9d3db8249d.pdf,142
various variety,官方词表未提供读音,官方《全国大学英语四、六级考试大纲（2016年修订版）》词表词目；官方未提供释义,官方词表只列词形，不列例句,1,全国大学英语四、六级考试大纲（2016年修订版）,https://cet.neea.edu.cn/res/Home/1704/55b02330ac17274664f06d9d3db8249d.pdf,142
vary variation variable variant,官方词表未提供读音,官方《全国大学英语四、六级考试大纲（2016年修订版）》词表词目；官方未提供释义,官方词表只列词形，不列例句,1,全国大学英语四、六级考试大纲（2016年修订版）,https://cet.neea.edu.cn/res/Home/1704/55b02330ac17274664f06d9d3db8249d.pdf,142
vast,官方词表未提供读音,官方《全国大学英语四、六级考试大纲（2016年修订版）》词表词目；官方未提供释义,官方词表只列词形，不列例句,1,全国大学英语四、六级考试大纲（2016年修订版）,https://cet.neea.edu.cn/res/Home/1704/55b02330ac17274664f06d9d3db8249d.pdf,142
vegetable vegetarian,官方词表未提供读音,官方《全国大学英语四、六级考试大纲（2016年修订版）》词表词目；官方未提供释义,官方词表只列词形，不列例句,1,全国大学英语四、六级考试大纲（2016年修订版）,https://cet.neea.edu.cn/res/Home/1704/55b02330ac17274664f06d9d3db8249d.pdf,142
vehicle,官方词表未提供读音,官方《全国大学英语四、六级考试大纲（2016年修订版）》词表词目；官方未提供释义,官方词表只列词形，不列例句,1,全国大学英语四、六级考试大纲（2016年修订版）,https://cet.neea.edu.cn/res/Home/1704/55b02330ac17274664f06d9d3db8249d.pdf,143
veil,官方词表未提供读音,官方《全国大学英语四、六级考试大纲（2016年修订版）》词表词目；官方未提供释义,官方词表只列词形，不列例句,1,全国大学英语四、六级考试大纲（2016年修订版）,https://cet.neea.edu.cn/res/Home/1704/55b02330ac17274664f06d9d3db8249d.pdf,143
vendor,官方词表未提供读音,官方《全国大学英语四、六级考试大纲（2016年修订版）》词表词目；官方未提供释义,官方词表只列词形，不列例句,1,全国大学英语四、六级考试大纲（2016年修订版）,https://cet.neea.edu.cn/res/Home/1704/55b02330ac17274664f06d9d3db8249d.pdf,143
venture,官方词表未提供读音,官方《全国大学英语四、六级考试大纲（2016年修订版）》词表词目；官方未提供释义,官方词表只列词形，不列例句,1,全国大学英语四、六级考试大纲（2016年修订版）,https://cet.neea.edu.cn/res/Home/1704/55b02330ac17274664f06d9d3db8249d.pdf,143
verb verbal,官方词表未提供读音,官方《全国大学英语四、六级考试大纲（2016年修订版）》词表词目；官方未提供释义,官方词表只列词形，不列例句,1,全国大学英语四、六级考试大纲（2016年修订版）,https://cet.neea.edu.cn/res/Home/1704/55b02330ac17274664f06d9d3db8249d.pdf,143
verify verification,官方词表未提供读音,官方《全国大学英语四、六级考试大纲（2016年修订版）》词表词目；官方未提供释义,官方词表只列词形，不列例句,1,全国大学英语四、六级考试大纲（2016年修订版）,https://cet.neea.edu.cn/res/Home/1704/55b02330ac17274664f06d9d3db8249d.pdf,143
version,官方词表未提供读音,官方《全国大学英语四、六级考试大纲（2016年修订版）》词表词目；官方未提供释义,官方词表只列词形，不列例句,1,全国大学英语四、六级考试大纲（2016年修订版）,https://cet.neea.edu.cn/res/Home/1704/55b02330ac17274664f06d9d3db8249d.pdf,143
versus,官方词表未提供读音,官方《全国大学英语四、六级考试大纲（2016年修订版）》词表词目；官方未提供释义,官方词表只列词形，不列例句,1,全国大学英语四、六级考试大纲（2016年修订版）,https://cet.neea.edu.cn/res/Home/1704/55b02330ac17274664f06d9d3db8249d.pdf,143
vertical,官方词表未提供读音,官方《全国大学英语四、六级考试大纲（2016年修订版）》词表词目；官方未提供释义,官方词表只列词形，不列例句,1,全国大学英语四、六级考试大纲（2016年修订版）,https://cet.neea.edu.cn/res/Home/1704/55b02330ac17274664f06d9d3db8249d.pdf,143
very,官方词表未提供读音,官方《全国大学英语四、六级考试大纲（2016年修订版）》词表词目；官方未提供释义,官方词表只列词形，不列例句,1,全国大学英语四、六级考试大纲（2016年修订版）,https://cet.neea.edu.cn/res/Home/1704/55b02330ac17274664f06d9d3db8249d.pdf,143
vessel,官方词表未提供读音,官方《全国大学英语四、六级考试大纲（2016年修订版）》词表词目；官方未提供释义,官方词表只列词形，不列例句,1,全国大学英语四、六级考试大纲（2016年修订版）,https://cet.neea.edu.cn/res/Home/1704/55b02330ac17274664f06d9d3db8249d.pdf,143
veteran,官方词表未提供读音,官方《全国大学英语四、六级考试大纲（2016年修订版）》词表词目；官方未提供释义,官方词表只列词形，不列例句,1,全国大学英语四、六级考试大纲（2016年修订版）,https://cet.neea.edu.cn/res/Home/1704/55b02330ac17274664f06d9d3db8249d.pdf,143
veto,官方词表未提供读音,官方《全国大学英语四、六级考试大纲（2016年修订版）》词表词目；官方未提供释义,官方词表只列词形，不列例句,1,全国大学英语四、六级考试大纲（2016年修订版）,https://cet.neea.edu.cn/res/Home/1704/55b02330ac17274664f06d9d3db8249d.pdf,143
via,官方词表未提供读音,官方《全国大学英语四、六级考试大纲（2016年修订版）》词表词目；官方未提供释义,官方词表只列词形，不列例句,1,全国大学英语四、六级考试大纲（2016年修订版）,https://cet.neea.edu.cn/res/Home/1704/55b02330ac17274664f06d9d3db8249d.pdf,143
victim victimize,官方词表未提供读音,官方《全国大学英语四、六级考试大纲（2016年修订版）》词表词目；官方未提供释义,官方词表只列词形，不列例句,1,全国大学英语四、六级考试大纲（2016年修订版）,https://cet.neea.edu.cn/res/Home/1704/55b02330ac17274664f06d9d3db8249d.pdf,143
victory victorious,官方词表未提供读音,官方《全国大学英语四、六级考试大纲（2016年修订版）》词表词目；官方未提供释义,官方词表只列词形，不列例句,1,全国大学英语四、六级考试大纲（2016年修订版）,https://cet.neea.edu.cn/res/Home/1704/55b02330ac17274664f06d9d3db8249d.pdf,143
video,官方词表未提供读音,官方《全国大学英语四、六级考试大纲（2016年修订版）》词表词目；官方未提供释义,官方词表只列词形，不列例句,1,全国大学英语四、六级考试大纲（2016年修订版）,https://cet.neea.edu.cn/res/Home/1704/55b02330ac17274664f06d9d3db8249d.pdf,143
view,官方词表未提供读音,官方《全国大学英语四、六级考试大纲（2016年修订版）》词表词目；官方未提供释义,官方词表只列词形，不列例句,1,全国大学英语四、六级考试大纲（2016年修订版）,https://cet.neea.edu.cn/res/Home/1704/55b02330ac17274664f06d9d3db8249d.pdf,143
viewpoint,官方词表未提供读音,官方《全国大学英语四、六级考试大纲（2016年修订版）》词表词目；官方未提供释义,官方词表只列词形，不列例句,1,全国大学英语四、六级考试大纲（2016年修订版）,https://cet.neea.edu.cn/res/Home/1704/55b02330ac17274664f06d9d3db8249d.pdf,143
vigor vigorous,官方词表未提供读音,官方《全国大学英语四、六级考试大纲（2016年修订版）》词表词目；官方未提供释义,官方词表只列词形，不列例句,1,全国大学英语四、六级考试大纲（2016年修订版）,https://cet.neea.edu.cn/res/Home/1704/55b02330ac17274664f06d9d3db8249d.pdf,143
village villager,官方词表未提供读音,官方《全国大学英语四、六级考试大纲（2016年修订版）》词表词目；官方未提供释义,官方词表只列词形，不列例句,1,全国大学英语四、六级考试大纲（2016年修订版）,https://cet.neea.edu.cn/res/Home/1704/55b02330ac17274664f06d9d3db8249d.pdf,143
vinegar,官方词表未提供读音,官方《全国大学英语四、六级考试大纲（2016年修订版）》词表词目；官方未提供释义,官方词表只列词形，不列例句,1,全国大学英语四、六级考试大纲（2016年修订版）,https://cet.neea.edu.cn/res/Home/1704/55b02330ac17274664f06d9d3db8249d.pdf,143
violate violation,官方词表未提供读音,官方《全国大学英语四、六级考试大纲（2016年修订版）》词表词目；官方未提供释义,官方词表只列词形，不列例句,1,全国大学英语四、六级考试大纲（2016年修订版）,https://cet.neea.edu.cn/res/Home/1704/55b02330ac17274664f06d9d3db8249d.pdf,143
violent violence,官方词表未提供读音,官方《全国大学英语四、六级考试大纲（2016年修订版）》词表词目；官方未提供释义,官方词表只列词形，不列例句,1,全国大学英语四、六级考试大纲（2016年修订版）,https://cet.neea.edu.cn/res/Home/1704/55b02330ac17274664f06d9d3db8249d.pdf,143
violin violinist,官方词表未提供读音,官方《全国大学英语四、六级考试大纲（2016年修订版）》词表词目；官方未提供释义,官方词表只列词形，不列例句,1,全国大学英语四、六级考试大纲（2016年修订版）,https://cet.neea.edu.cn/res/Home/1704/55b02330ac17274664f06d9d3db8249d.pdf,143
virtual virtually,官方词表未提供读音,官方《全国大学英语四、六级考试大纲（2016年修订版）》词表词目；官方未提供释义,官方词表只列词形，不列例句,1,全国大学英语四、六级考试大纲（2016年修订版）,https://cet.neea.edu.cn/res/Home/1704/55b02330ac17274664f06d9d3db8249d.pdf,144
virtue virtuous,官方词表未提供读音,官方《全国大学英语四、六级考试大纲（2016年修订版）》词表词目；官方未提供释义,官方词表只列词形，不列例句,1,全国大学英语四、六级考试大纲（2016年修订版）,https://cet.neea.edu.cn/res/Home/1704/55b02330ac17274664f06d9d3db8249d.pdf,144
virus,官方词表未提供读音,官方《全国大学英语四、六级考试大纲（2016年修订版）》词表词目；官方未提供释义,官方词表只列词形，不列例句,1,全国大学英语四、六级考试大纲（2016年修订版）,https://cet.neea.edu.cn/res/Home/1704/55b02330ac17274664f06d9d3db8249d.pdf,144
visa,官方词表未提供读音,官方《全国大学英语四、六级考试大纲（2016年修订版）》词表词目；官方未提供释义,官方词表只列词形，不列例句,1,全国大学英语四、六级考试大纲（2016年修订版）,https://cet.neea.edu.cn/res/Home/1704/55b02330ac17274664f06d9d3db8249d.pdf,144
visible visibility,官方词表未提供读音,官方《全国大学英语四、六级考试大纲（2016年修订版）》词表词目；官方未提供释义,官方词表只列词形，不列例句,1,全国大学英语四、六级考试大纲（2016年修订版）,https://cet.neea.edu.cn/res/Home/1704/55b02330ac17274664f06d9d3db8249d.pdf,144
vision visionary,官方词表未提供读音,官方《全国大学英语四、六级考试大纲（2016年修订版）》词表词目；官方未提供释义,官方词表只列词形，不列例句,1,全国大学英语四、六级考试大纲（2016年修订版）,https://cet.neea.edu.cn/res/Home/1704/55b02330ac17274664f06d9d3db8249d.pdf,144
visit visitor,官方词表未提供读音,官方《全国大学英语四、六级考试大纲（2016年修订版）》词表词目；官方未提供释义,官方词表只列词形，不列例句,1,全国大学英语四、六级考试大纲（2016年修订版）,https://cet.neea.edu.cn/res/Home/1704/55b02330ac17274664f06d9d3db8249d.pdf,144
visual visualize/-ise,官方词表未提供读音,官方《全国大学英语四、六级考试大纲（2016年修订版）》词表词目；官方未提供释义,官方词表只列词形，不列例句,1,全国大学英语四、六级考试大纲（2016年修订版）,https://cet.neea.edu.cn/res/Home/1704/55b02330ac17274664f06d9d3db8249d.pdf,144
vital vitality,官方词表未提供读音,官方《全国大学英语四、六级考试大纲（2016年修订版）》词表词目；官方未提供释义,官方词表只列词形，不列例句,1,全国大学英语四、六级考试大纲（2016年修订版）,https://cet.neea.edu.cn/res/Home/1704/55b02330ac17274664f06d9d3db8249d.pdf,144
vitamin,官方词表未提供读音,官方《全国大学英语四、六级考试大纲（2016年修订版）》词表词目；官方未提供释义,官方词表只列词形，不列例句,1,全国大学英语四、六级考试大纲（2016年修订版）,https://cet.neea.edu.cn/res/Home/1704/55b02330ac17274664f06d9d3db8249d.pdf,144
vivid,官方词表未提供读音,官方《全国大学英语四、六级考试大纲（2016年修订版）》词表词目；官方未提供释义,官方词表只列词形，不列例句,1,全国大学英语四、六级考试大纲（2016年修订版）,https://cet.neea.edu.cn/res/Home/1704/55b02330ac17274664f06d9d3db8249d.pdf,144
vocabulary,官方词表未提供读音,官方《全国大学英语四、六级考试大纲（2016年修订版）》词表词目；官方未提供释义,官方词表只列词形，不列例句,1,全国大学英语四、六级考试大纲（2016年修订版）,https://cet.neea.edu.cn/res/Home/1704/55b02330ac17274664f06d9d3db8249d.pdf,144
vocation vocational,官方词表未提供读音,官方《全国大学英语四、六级考试大纲（2016年修订版）》词表词目；官方未提供释义,官方词表只列词形，不列例句,1,全国大学英语四、六级考试大纲（2016年修订版）,https://cet.neea.edu.cn/res/Home/1704/55b02330ac17274664f06d9d3db8249d.pdf,144
voice,官方词表未提供读音,官方《全国大学英语四、六级考试大纲（2016年修订版）》词表词目；官方未提供释义,官方词表只列词形，不列例句,1,全国大学英语四、六级考试大纲（2016年修订版）,https://cet.neea.edu.cn/res/Home/1704/55b02330ac17274664f06d9d3db8249d.pdf,144
volcano volcanic,官方词表未提供读音,官方《全国大学英语四、六级考试大纲（2016年修订版）》词表词目；官方未提供释义,官方词表只列词形，不列例句,1,全国大学英语四、六级考试大纲（2016年修订版）,https://cet.neea.edu.cn/res/Home/1704/55b02330ac17274664f06d9d3db8249d.pdf,144
volleyball,官方词表未提供读音,官方《全国大学英语四、六级考试大纲（2016年修订版）》词表词目；官方未提供释义,官方词表只列词形，不列例句,1,全国大学英语四、六级考试大纲（2016年修订版）,https://cet.neea.edu.cn/res/Home/1704/55b02330ac17274664f06d9d3db8249d.pdf,144
volt voltage,官方词表未提供读音,官方《全国大学英语四、六级考试大纲（2016年修订版）》词表词目；官方未提供释义,官方词表只列词形，不列例句,1,全国大学英语四、六级考试大纲（2016年修订版）,https://cet.neea.edu.cn/res/Home/1704/55b02330ac17274664f06d9d3db8249d.pdf,144
volume voluminous,官方词表未提供读音,官方《全国大学英语四、六级考试大纲（2016年修订版）》词表词目；官方未提供释义,官方词表只列词形，不列例句,1,全国大学英语四、六级考试大纲（2016年修订版）,https://cet.neea.edu.cn/res/Home/1704/55b02330ac17274664f06d9d3db8249d.pdf,144
volunteer voluntary,官方词表未提供读音,官方《全国大学英语四、六级考试大纲（2016年修订版）》词表词目；官方未提供释义,官方词表只列词形，不列例句,1,全国大学英语四、六级考试大纲（2016年修订版）,https://cet.neea.edu.cn/res/Home/1704/55b02330ac17274664f06d9d3db8249d.pdf,144
vote voter,官方词表未提供读音,官方《全国大学英语四、六级考试大纲（2016年修订版）》词表词目；官方未提供释义,官方词表只列词形，不列例句,1,全国大学英语四、六级考试大纲（2016年修订版）,https://cet.neea.edu.cn/res/Home/1704/55b02330ac17274664f06d9d3db8249d.pdf,144
voyage,官方词表未提供读音,官方《全国大学英语四、六级考试大纲（2016年修订版）》词表词目；官方未提供释义,官方词表只列词形，不列例句,1,全国大学英语四、六级考试大纲（2016年修订版）,https://cet.neea.edu.cn/res/Home/1704/55b02330ac17274664f06d9d3db8249d.pdf,144
vulnerable vulnerability,官方词表未提供读音,官方《全国大学英语四、六级考试大纲（2016年修订版）》词表词目；官方未提供释义,官方词表只列词形，不列例句,1,全国大学英语四、六级考试大纲（2016年修订版）,https://cet.neea.edu.cn/res/Home/1704/55b02330ac17274664f06d9d3db8249d.pdf,144
wage,官方词表未提供读音,官方《全国大学英语四、六级考试大纲（2016年修订版）》词表词目；官方未提供释义,官方词表只列词形，不列例句,1,全国大学英语四、六级考试大纲（2016年修订版）,https://cet.neea.edu.cn/res/Home/1704/55b02330ac17274664f06d9d3db8249d.pdf,144
wag(g)on,官方词表未提供读音,官方《全国大学英语四、六级考试大纲（2016年修订版）》词表词目；官方未提供释义,官方词表只列词形，不列例句,1,全国大学英语四、六级考试大纲（2016年修订版）,https://cet.neea.edu.cn/res/Home/1704/55b02330ac17274664f06d9d3db8249d.pdf,144
waist,官方词表未提供读音,官方《全国大学英语四、六级考试大纲（2016年修订版）》词表词目；官方未提供释义,官方词表只列词形，不列例句,1,全国大学英语四、六级考试大纲（2016年修订版）,https://cet.neea.edu.cn/res/Home/1704/55b02330ac17274664f06d9d3db8249d.pdf,144
wait waiter/waitress,官方词表未提供读音,官方《全国大学英语四、六级考试大纲（2016年修订版）》词表词目；官方未提供释义,官方词表只列词形，不列例句,1,全国大学英语四、六级考试大纲（2016年修订版）,https://cet.neea.edu.cn/res/Home/1704/55b02330ac17274664f06d9d3db8249d.pdf,144
wake waken,官方词表未提供读音,官方《全国大学英语四、六级考试大纲（2016年修订版）》词表词目；官方未提供释义,官方词表只列词形，不列例句,1,全国大学英语四、六级考试大纲（2016年修订版）,https://cet.neea.edu.cn/res/Home/1704/55b02330ac17274664f06d9d3db8249d.pdf,144
walk,官方词表未提供读音,官方《全国大学英语四、六级考试大纲（2016年修订版）》词表词目；官方未提供释义,官方词表只列词形，不列例句,1,全国大学英语四、六级考试大纲（2016年修订版）,https://cet.neea.edu.cn/res/Home/1704/55b02330ac17274664f06d9d3db8249d.pdf,144
wall,官方词表未提供读音,官方《全国大学英语四、六级考试大纲（2016年修订版）》词表词目；官方未提供释义,官方词表只列词形，不列例句,1,全国大学英语四、六级考试大纲（2016年修订版）,https://cet.neea.edu.cn/res/Home/1704/55b02330ac17274664f06d9d3db8249d.pdf,144
wallet,官方词表未提供读音,官方《全国大学英语四、六级考试大纲（2016年修订版）》词表词目；官方未提供释义,官方词表只列词形，不列例句,1,全国大学英语四、六级考试大纲（2016年修订版）,https://cet.neea.edu.cn/res/Home/1704/55b02330ac17274664f06d9d3db8249d.pdf,144
wander,官方词表未提供读音,官方《全国大学英语四、六级考试大纲（2016年修订版）》词表词目；官方未提供释义,官方词表只列词形，不列例句,1,全国大学英语四、六级考试大纲（2016年修订版）,https://cet.neea.edu.cn/res/Home/1704/55b02330ac17274664f06d9d3db8249d.pdf,144
want,官方词表未提供读音,官方《全国大学英语四、六级考试大纲（2016年修订版）》词表词目；官方未提供释义,官方词表只列词形，不列例句,1,全国大学英语四、六级考试大纲（2016年修订版）,https://cet.neea.edu.cn/res/Home/1704/55b02330ac17274664f06d9d3db8249d.pdf,144
war,官方词表未提供读音,官方《全国大学英语四、六级考试大纲（2016年修订版）》词表词目；官方未提供释义,官方词表只列词形，不列例句,1,全国大学英语四、六级考试大纲（2016年修订版）,https://cet.neea.edu.cn/res/Home/1704/55b02330ac17274664f06d9d3db8249d.pdf,144
ward,官方词表未提供读音,官方《全国大学英语四、六级考试大纲（2016年修订版）》词表词目；官方未提供释义,官方词表只列词形，不列例句,1,全国大学英语四、六级考试大纲（2016年修订版）,https://cet.neea.edu.cn/res/Home/1704/55b02330ac17274664f06d9d3db8249d.pdf,144
ware,官方词表未提供读音,官方《全国大学英语四、六级考试大纲（2016年修订版）》词表词目；官方未提供释义,官方词表只列词形，不列例句,1,全国大学英语四、六级考试大纲（2016年修订版）,https://cet.neea.edu.cn/res/Home/1704/55b02330ac17274664f06d9d3db8249d.pdf,145
warehouse,官方词表未提供读音,官方《全国大学英语四、六级考试大纲（2016年修订版）》词表词目；官方未提供释义,官方词表只列词形，不列例句,1,全国大学英语四、六级考试大纲（2016年修订版）,https://cet.neea.edu.cn/res/Home/1704/55b02330ac17274664f06d9d3db8249d.pdf,145
warfare,官方词表未提供读音,官方《全国大学英语四、六级考试大纲（2016年修订版）》词表词目；官方未提供释义,官方词表只列词形，不列例句,1,全国大学英语四、六级考试大纲（2016年修订版）,https://cet.neea.edu.cn/res/Home/1704/55b02330ac17274664f06d9d3db8249d.pdf,145
warm warmth,官方词表未提供读音,官方《全国大学英语四、六级考试大纲（2016年修订版）》词表词目；官方未提供释义,官方词表只列词形，不列例句,1,全国大学英语四、六级考试大纲（2016年修订版）,https://cet.neea.edu.cn/res/Home/1704/55b02330ac17274664f06d9d3db8249d.pdf,145
warn warning,官方词表未提供读音,官方《全国大学英语四、六级考试大纲（2016年修订版）》词表词目；官方未提供释义,官方词表只列词形，不列例句,1,全国大学英语四、六级考试大纲（2016年修订版）,https://cet.neea.edu.cn/res/Home/1704/55b02330ac17274664f06d9d3db8249d.pdf,145
warrior,官方词表未提供读音,官方《全国大学英语四、六级考试大纲（2016年修订版）》词表词目；官方未提供释义,官方词表只列词形，不列例句,1,全国大学英语四、六级考试大纲（2016年修订版）,https://cet.neea.edu.cn/res/Home/1704/55b02330ac17274664f06d9d3db8249d.pdf,145
wary,官方词表未提供读音,官方《全国大学英语四、六级考试大纲（2016年修订版）》词表词目；官方未提供释义,官方词表只列词形，不列例句,1,全国大学英语四、六级考试大纲（2016年修订版）,https://cet.neea.edu.cn/res/Home/1704/55b02330ac17274664f06d9d3db8249d.pdf,145
wash washing,官方词表未提供读音,官方《全国大学英语四、六级考试大纲（2016年修订版）》词表词目；官方未提供释义,官方词表只列词形，不列例句,1,全国大学英语四、六级考试大纲（2016年修订版）,https://cet.neea.edu.cn/res/Home/1704/55b02330ac17274664f06d9d3db8249d.pdf,145
waste wasteful,官方词表未提供读音,官方《全国大学英语四、六级考试大纲（2016年修订版）》词表词目；官方未提供释义,官方词表只列词形，不列例句,1,全国大学英语四、六级考试大纲（2016年修订版）,https://cet.neea.edu.cn/res/Home/1704/55b02330ac17274664f06d9d3db8249d.pdf,145
watch watchful,官方词表未提供读音,官方《全国大学英语四、六级考试大纲（2016年修订版）》词表词目；官方未提供释义,官方词表只列词形，不列例句,1,全国大学英语四、六级考试大纲（2016年修订版）,https://cet.neea.edu.cn/res/Home/1704/55b02330ac17274664f06d9d3db8249d.pdf,145
water,官方词表未提供读音,官方《全国大学英语四、六级考试大纲（2016年修订版）》词表词目；官方未提供释义,官方词表只列词形，不列例句,1,全国大学英语四、六级考试大纲（2016年修订版）,https://cet.neea.edu.cn/res/Home/1704/55b02330ac17274664f06d9d3db8249d.pdf,145
waterproof,官方词表未提供读音,官方《全国大学英语四、六级考试大纲（2016年修订版）》词表词目；官方未提供释义,官方词表只列词形，不列例句,1,全国大学英语四、六级考试大纲（2016年修订版）,https://cet.neea.edu.cn/res/Home/1704/55b02330ac17274664f06d9d3db8249d.pdf,145
watertight,官方词表未提供读音,官方《全国大学英语四、六级考试大纲（2016年修订版）》词表词目；官方未提供释义,官方词表只列词形，不列例句,1,全国大学英语四、六级考试大纲（2016年修订版）,https://cet.neea.edu.cn/res/Home/1704/55b02330ac17274664f06d9d3db8249d.pdf,145
wave wavy,官方词表未提供读音,官方《全国大学英语四、六级考试大纲（2016年修订版）》词表词目；官方未提供释义,官方词表只列词形，不列例句,1,全国大学英语四、六级考试大纲（2016年修订版）,https://cet.neea.edu.cn/res/Home/1704/55b02330ac17274664f06d9d3db8249d.pdf,145
wax,官方词表未提供读音,官方《全国大学英语四、六级考试大纲（2016年修订版）》词表词目；官方未提供释义,官方词表只列词形，不列例句,1,全国大学英语四、六级考试大纲（2016年修订版）,https://cet.neea.edu.cn/res/Home/1704/55b02330ac17274664f06d9d3db8249d.pdf,145
way,官方词表未提供读音,官方《全国大学英语四、六级考试大纲（2016年修订版）》词表词目；官方未提供释义,官方词表只列词形，不列例句,1,全国大学英语四、六级考试大纲（2016年修订版）,https://cet.neea.edu.cn/res/Home/1704/55b02330ac17274664f06d9d3db8249d.pdf,145
we,官方词表未提供读音,官方《全国大学英语四、六级考试大纲（2016年修订版）》词表词目；官方未提供释义,官方词表只列词形，不列例句,1,全国大学英语四、六级考试大纲（2016年修订版）,https://cet.neea.edu.cn/res/Home/1704/55b02330ac17274664f06d9d3db8249d.pdf,145
weak weaken weakness,官方词表未提供读音,官方《全国大学英语四、六级考试大纲（2016年修订版）》词表词目；官方未提供释义,官方词表只列词形，不列例句,1,全国大学英语四、六级考试大纲（2016年修订版）,https://cet.neea.edu.cn/res/Home/1704/55b02330ac17274664f06d9d3db8249d.pdf,145
wealth wealthy,官方词表未提供读音,官方《全国大学英语四、六级考试大纲（2016年修订版）》词表词目；官方未提供释义,官方词表只列词形，不列例句,1,全国大学英语四、六级考试大纲（2016年修订版）,https://cet.neea.edu.cn/res/Home/1704/55b02330ac17274664f06d9d3db8249d.pdf,145
weapon,官方词表未提供读音,官方《全国大学英语四、六级考试大纲（2016年修订版）》词表词目；官方未提供释义,官方词表只列词形，不列例句,1,全国大学英语四、六级考试大纲（2016年修订版）,https://cet.neea.edu.cn/res/Home/1704/55b02330ac17274664f06d9d3db8249d.pdf,145
wear,官方词表未提供读音,官方《全国大学英语四、六级考试大纲（2016年修订版）》词表词目；官方未提供释义,官方词表只列词形，不列例句,1,全国大学英语四、六级考试大纲（2016年修订版）,https://cet.neea.edu.cn/res/Home/1704/55b02330ac17274664f06d9d3db8249d.pdf,145
weather,官方词表未提供读音,官方《全国大学英语四、六级考试大纲（2016年修订版）》词表词目；官方未提供释义,官方词表只列词形，不列例句,1,全国大学英语四、六级考试大纲（2016年修订版）,https://cet.neea.edu.cn/res/Home/1704/55b02330ac17274664f06d9d3db8249d.pdf,145
weave,官方词表未提供读音,官方《全国大学英语四、六级考试大纲（2016年修订版）》词表词目；官方未提供释义,官方词表只列词形，不列例句,1,全国大学英语四、六级考试大纲（2016年修订版）,https://cet.neea.edu.cn/res/Home/1704/55b02330ac17274664f06d9d3db8249d.pdf,145
web,官方词表未提供读音,官方《全国大学英语四、六级考试大纲（2016年修订版）》词表词目；官方未提供释义,官方词表只列词形，不列例句,1,全国大学英语四、六级考试大纲（2016年修订版）,https://cet.neea.edu.cn/res/Home/1704/55b02330ac17274664f06d9d3db8249d.pdf,145
webcast,官方词表未提供读音,官方《全国大学英语四、六级考试大纲（2016年修订版）》词表词目；官方未提供释义,官方词表只列词形，不列例句,1,全国大学英语四、六级考试大纲（2016年修订版）,https://cet.neea.edu.cn/res/Home/1704/55b02330ac17274664f06d9d3db8249d.pdf,145
website,官方词表未提供读音,官方《全国大学英语四、六级考试大纲（2016年修订版）》词表词目；官方未提供释义,官方词表只列词形，不列例句,1,全国大学英语四、六级考试大纲（2016年修订版）,https://cet.neea.edu.cn/res/Home/1704/55b02330ac17274664f06d9d3db8249d.pdf,145
wed wedding,官方词表未提供读音,官方《全国大学英语四、六级考试大纲（2016年修订版）》词表词目；官方未提供释义,官方词表只列词形，不列例句,1,全国大学英语四、六级考试大纲（2016年修订版）,https://cet.neea.edu.cn/res/Home/1704/55b02330ac17274664f06d9d3db8249d.pdf,145
Wednesday,官方词表未提供读音,官方《全国大学英语四、六级考试大纲（2016年修订版）》词表词目；官方未提供释义,官方词表只列词形，不列例句,1,全国大学英语四、六级考试大纲（2016年修订版）,https://cet.neea.edu.cn/res/Home/1704/55b02330ac17274664f06d9d3db8249d.pdf,145
weed,官方词表未提供读音,官方《全国大学英语四、六级考试大纲（2016年修订版）》词表词目；官方未提供释义,官方词表只列词形，不列例句,1,全国大学英语四、六级考试大纲（2016年修订版）,https://cet.neea.edu.cn/res/Home/1704/55b02330ac17274664f06d9d3db8249d.pdf,145
week weekly,官方词表未提供读音,官方《全国大学英语四、六级考试大纲（2016年修订版）》词表词目；官方未提供释义,官方词表只列词形，不列例句,1,全国大学英语四、六级考试大纲（2016年修订版）,https://cet.neea.edu.cn/res/Home/1704/55b02330ac17274664f06d9d3db8249d.pdf,145
weekday,官方词表未提供读音,官方《全国大学英语四、六级考试大纲（2016年修订版）》词表词目；官方未提供释义,官方词表只列词形，不列例句,1,全国大学英语四、六级考试大纲（2016年修订版）,https://cet.neea.edu.cn/res/Home/1704/55b02330ac17274664f06d9d3db8249d.pdf,145
weekend,官方词表未提供读音,官方《全国大学英语四、六级考试大纲（2016年修订版）》词表词目；官方未提供释义,官方词表只列词形，不列例句,1,全国大学英语四、六级考试大纲（2016年修订版）,https://cet.neea.edu.cn/res/Home/1704/55b02330ac17274664f06d9d3db8249d.pdf,145
weep,官方词表未提供读音,官方《全国大学英语四、六级考试大纲（2016年修订版）》词表词目；官方未提供释义,官方词表只列词形，不列例句,1,全国大学英语四、六级考试大纲（2016年修订版）,https://cet.neea.edu.cn/res/Home/1704/55b02330ac17274664f06d9d3db8249d.pdf,145
weigh weight,官方词表未提供读音,官方《全国大学英语四、六级考试大纲（2016年修订版）》词表词目；官方未提供释义,官方词表只列词形，不列例句,1,全国大学英语四、六级考试大纲（2016年修订版）,https://cet.neea.edu.cn/res/Home/1704/55b02330ac17274664f06d9d3db8249d.pdf,145
weird,官方词表未提供读音,官方《全国大学英语四、六级考试大纲（2016年修订版）》词表词目；官方未提供释义,官方词表只列词形，不列例句,1,全国大学英语四、六级考试大纲（2016年修订版）,https://cet.neea.edu.cn/res/Home/1704/55b02330ac17274664f06d9d3db8249d.pdf,145
welcome,官方词表未提供读音,官方《全国大学英语四、六级考试大纲（2016年修订版）》词表词目；官方未提供释义,官方词表只列词形，不列例句,1,全国大学英语四、六级考试大纲（2016年修订版）,https://cet.neea.edu.cn/res/Home/1704/55b02330ac17274664f06d9d3db8249d.pdf,145
welfare,官方词表未提供读音,官方《全国大学英语四、六级考试大纲（2016年修订版）》词表词目；官方未提供释义,官方词表只列词形，不列例句,1,全国大学英语四、六级考试大纲（2016年修订版）,https://cet.neea.edu.cn/res/Home/1704/55b02330ac17274664f06d9d3db8249d.pdf,146
well,官方词表未提供读音,官方《全国大学英语四、六级考试大纲（2016年修订版）》词表词目；官方未提供释义,官方词表只列词形，不列例句,1,全国大学英语四、六级考试大纲（2016年修订版）,https://cet.neea.edu.cn/res/Home/1704/55b02330ac17274664f06d9d3db8249d.pdf,146
well-being,官方词表未提供读音,官方《全国大学英语四、六级考试大纲（2016年修订版）》词表词目；官方未提供释义,官方词表只列词形，不列例句,1,全国大学英语四、六级考试大纲（2016年修订版）,https://cet.neea.edu.cn/res/Home/1704/55b02330ac17274664f06d9d3db8249d.pdf,146
well-known,官方词表未提供读音,官方《全国大学英语四、六级考试大纲（2016年修订版）》词表词目；官方未提供释义,官方词表只列词形，不列例句,1,全国大学英语四、六级考试大纲（2016年修订版）,https://cet.neea.edu.cn/res/Home/1704/55b02330ac17274664f06d9d3db8249d.pdf,146
well-off,官方词表未提供读音,官方《全国大学英语四、六级考试大纲（2016年修订版）》词表词目；官方未提供释义,官方词表只列词形，不列例句,1,全国大学英语四、六级考试大纲（2016年修订版）,https://cet.neea.edu.cn/res/Home/1704/55b02330ac17274664f06d9d3db8249d.pdf,146
west western westerner,官方词表未提供读音,官方《全国大学英语四、六级考试大纲（2016年修订版）》词表词目；官方未提供释义,官方词表只列词形，不列例句,1,全国大学英语四、六级考试大纲（2016年修订版）,https://cet.neea.edu.cn/res/Home/1704/55b02330ac17274664f06d9d3db8249d.pdf,146
wet,官方词表未提供读音,官方《全国大学英语四、六级考试大纲（2016年修订版）》词表词目；官方未提供释义,官方词表只列词形，不列例句,1,全国大学英语四、六级考试大纲（2016年修订版）,https://cet.neea.edu.cn/res/Home/1704/55b02330ac17274664f06d9d3db8249d.pdf,146
whale,官方词表未提供读音,官方《全国大学英语四、六级考试大纲（2016年修订版）》词表词目；官方未提供释义,官方词表只列词形，不列例句,1,全国大学英语四、六级考试大纲（2016年修订版）,https://cet.neea.edu.cn/res/Home/1704/55b02330ac17274664f06d9d3db8249d.pdf,146
what whatever whatsoever,官方词表未提供读音,官方《全国大学英语四、六级考试大纲（2016年修订版）》词表词目；官方未提供释义,官方词表只列词形，不列例句,1,全国大学英语四、六级考试大纲（2016年修订版）,https://cet.neea.edu.cn/res/Home/1704/55b02330ac17274664f06d9d3db8249d.pdf,146
wheat,官方词表未提供读音,官方《全国大学英语四、六级考试大纲（2016年修订版）》词表词目；官方未提供释义,官方词表只列词形，不列例句,1,全国大学英语四、六级考试大纲（2016年修订版）,https://cet.neea.edu.cn/res/Home/1704/55b02330ac17274664f06d9d3db8249d.pdf,146
wheel,官方词表未提供读音,官方《全国大学英语四、六级考试大纲（2016年修订版）》词表词目；官方未提供释义,官方词表只列词形，不列例句,1,全国大学英语四、六级考试大纲（2016年修订版）,https://cet.neea.edu.cn/res/Home/1704/55b02330ac17274664f06d9d3db8249d.pdf,146
when whenever,官方词表未提供读音,官方《全国大学英语四、六级考试大纲（2016年修订版）》词表词目；官方未提供释义,官方词表只列词形，不列例句,1,全国大学英语四、六级考试大纲（2016年修订版）,https://cet.neea.edu.cn/res/Home/1704/55b02330ac17274664f06d9d3db8249d.pdf,146
where wherever,官方词表未提供读音,官方《全国大学英语四、六级考试大纲（2016年修订版）》词表词目；官方未提供释义,官方词表只列词形，不列例句,1,全国大学英语四、六级考试大纲（2016年修订版）,https://cet.neea.edu.cn/res/Home/1704/55b02330ac17274664f06d9d3db8249d.pdf,146
whereas,官方词表未提供读音,官方《全国大学英语四、六级考试大纲（2016年修订版）》词表词目；官方未提供释义,官方词表只列词形，不列例句,1,全国大学英语四、六级考试大纲（2016年修订版）,https://cet.neea.edu.cn/res/Home/1704/55b02330ac17274664f06d9d3db8249d.pdf,146
whether,官方词表未提供读音,官方《全国大学英语四、六级考试大纲（2016年修订版）》词表词目；官方未提供释义,官方词表只列词形，不列例句,1,全国大学英语四、六级考试大纲（2016年修订版）,https://cet.neea.edu.cn/res/Home/1704/55b02330ac17274664f06d9d3db8249d.pdf,146
which whichever,官方词表未提供读音,官方《全国大学英语四、六级考试大纲（2016年修订版）》词表词目；官方未提供释义,官方词表只列词形，不列例句,1,全国大学英语四、六级考试大纲（2016年修订版）,https://cet.neea.edu.cn/res/Home/1704/55b02330ac17274664f06d9d3db8249d.pdf,146
while/whilst,官方词表未提供读音,官方《全国大学英语四、六级考试大纲（2016年修订版）》词表词目；官方未提供释义,官方词表只列词形，不列例句,1,全国大学英语四、六级考试大纲（2016年修订版）,https://cet.neea.edu.cn/res/Home/1704/55b02330ac17274664f06d9d3db8249d.pdf,146
whip,官方词表未提供读音,官方《全国大学英语四、六级考试大纲（2016年修订版）》词表词目；官方未提供释义,官方词表只列词形，不列例句,1,全国大学英语四、六级考试大纲（2016年修订版）,https://cet.neea.edu.cn/res/Home/1704/55b02330ac17274664f06d9d3db8249d.pdf,146
whisky,官方词表未提供读音,官方《全国大学英语四、六级考试大纲（2016年修订版）》词表词目；官方未提供释义,官方词表只列词形，不列例句,1,全国大学英语四、六级考试大纲（2016年修订版）,https://cet.neea.edu.cn/res/Home/1704/55b02330ac17274664f06d9d3db8249d.pdf,146
whisper,官方词表未提供读音,官方《全国大学英语四、六级考试大纲（2016年修订版）》词表词目；官方未提供释义,官方词表只列词形，不列例句,1,全国大学英语四、六级考试大纲（2016年修订版）,https://cet.neea.edu.cn/res/Home/1704/55b02330ac17274664f06d9d3db8249d.pdf,146
whistle,官方词表未提供读音,官方《全国大学英语四、六级考试大纲（2016年修订版）》词表词目；官方未提供释义,官方词表只列词形，不列例句,1,全国大学英语四、六级考试大纲（2016年修订版）,https://cet.neea.edu.cn/res/Home/1704/55b02330ac17274664f06d9d3db8249d.pdf,146
white,官方词表未提供读音,官方《全国大学英语四、六级考试大纲（2016年修订版）》词表词目；官方未提供释义,官方词表只列词形，不列例句,1,全国大学英语四、六级考试大纲（2016年修订版）,https://cet.neea.edu.cn/res/Home/1704/55b02330ac17274664f06d9d3db8249d.pdf,146
who whoever,官方词表未提供读音,官方《全国大学英语四、六级考试大纲（2016年修订版）》词表词目；官方未提供释义,官方词表只列词形，不列例句,1,全国大学英语四、六级考试大纲（2016年修订版）,https://cet.neea.edu.cn/res/Home/1704/55b02330ac17274664f06d9d3db8249d.pdf,146
whole wholly,官方词表未提供读音,官方《全国大学英语四、六级考试大纲（2016年修订版）》词表词目；官方未提供释义,官方词表只列词形，不列例句,1,全国大学英语四、六级考试大纲（2016年修订版）,https://cet.neea.edu.cn/res/Home/1704/55b02330ac17274664f06d9d3db8249d.pdf,146
whom,官方词表未提供读音,官方《全国大学英语四、六级考试大纲（2016年修订版）》词表词目；官方未提供释义,官方词表只列词形，不列例句,1,全国大学英语四、六级考试大纲（2016年修订版）,https://cet.neea.edu.cn/res/Home/1704/55b02330ac17274664f06d9d3db8249d.pdf,146
whose,官方词表未提供读音,官方《全国大学英语四、六级考试大纲（2016年修订版）》词表词目；官方未提供释义,官方词表只列词形，不列例句,1,全国大学英语四、六级考试大纲（2016年修订版）,https://cet.neea.edu.cn/res/Home/1704/55b02330ac17274664f06d9d3db8249d.pdf,146
why,官方词表未提供读音,官方《全国大学英语四、六级考试大纲（2016年修订版）》词表词目；官方未提供释义,官方词表只列词形，不列例句,1,全国大学英语四、六级考试大纲（2016年修订版）,https://cet.neea.edu.cn/res/Home/1704/55b02330ac17274664f06d9d3db8249d.pdf,146
wide width widen,官方词表未提供读音,官方《全国大学英语四、六级考试大纲（2016年修订版）》词表词目；官方未提供释义,官方词表只列词形，不列例句,1,全国大学英语四、六级考试大纲（2016年修订版）,https://cet.neea.edu.cn/res/Home/1704/55b02330ac17274664f06d9d3db8249d.pdf,146
widespread,官方词表未提供读音,官方《全国大学英语四、六级考试大纲（2016年修订版）》词表词目；官方未提供释义,官方词表只列词形，不列例句,1,全国大学英语四、六级考试大纲（2016年修订版）,https://cet.neea.edu.cn/res/Home/1704/55b02330ac17274664f06d9d3db8249d.pdf,146
widow widower,官方词表未提供读音,官方《全国大学英语四、六级考试大纲（2016年修订版）》词表词目；官方未提供释义,官方词表只列词形，不列例句,1,全国大学英语四、六级考试大纲（2016年修订版）,https://cet.neea.edu.cn/res/Home/1704/55b02330ac17274664f06d9d3db8249d.pdf,146
wife,官方词表未提供读音,官方《全国大学英语四、六级考试大纲（2016年修订版）》词表词目；官方未提供释义,官方词表只列词形，不列例句,1,全国大学英语四、六级考试大纲（2016年修订版）,https://cet.neea.edu.cn/res/Home/1704/55b02330ac17274664f06d9d3db8249d.pdf,146
wild,官方词表未提供读音,官方《全国大学英语四、六级考试大纲（2016年修订版）》词表词目；官方未提供释义,官方词表只列词形，不列例句,1,全国大学英语四、六级考试大纲（2016年修订版）,https://cet.neea.edu.cn/res/Home/1704/55b02330ac17274664f06d9d3db8249d.pdf,146
wilderness,官方词表未提供读音,官方《全国大学英语四、六级考试大纲（2016年修订版）》词表词目；官方未提供释义,官方词表只列词形，不列例句,1,全国大学英语四、六级考试大纲（2016年修订版）,https://cet.neea.edu.cn/res/Home/1704/55b02330ac17274664f06d9d3db8249d.pdf,146
wildlife,官方词表未提供读音,官方《全国大学英语四、六级考试大纲（2016年修订版）》词表词目；官方未提供释义,官方词表只列词形，不列例句,1,全国大学英语四、六级考试大纲（2016年修订版）,https://cet.neea.edu.cn/res/Home/1704/55b02330ac17274664f06d9d3db8249d.pdf,147
will willing willingness,官方词表未提供读音,官方《全国大学英语四、六级考试大纲（2016年修订版）》词表词目；官方未提供释义,官方词表只列词形，不列例句,1,全国大学英语四、六级考试大纲（2016年修订版）,https://cet.neea.edu.cn/res/Home/1704/55b02330ac17274664f06d9d3db8249d.pdf,147
willpower,官方词表未提供读音,官方《全国大学英语四、六级考试大纲（2016年修订版）》词表词目；官方未提供释义,官方词表只列词形，不列例句,1,全国大学英语四、六级考试大纲（2016年修订版）,https://cet.neea.edu.cn/res/Home/1704/55b02330ac17274664f06d9d3db8249d.pdf,147
win winner,官方词表未提供读音,官方《全国大学英语四、六级考试大纲（2016年修订版）》词表词目；官方未提供释义,官方词表只列词形，不列例句,1,全国大学英语四、六级考试大纲（2016年修订版）,https://cet.neea.edu.cn/res/Home/1704/55b02330ac17274664f06d9d3db8249d.pdf,147
wind,官方词表未提供读音,官方《全国大学英语四、六级考试大纲（2016年修订版）》词表词目；官方未提供释义,官方词表只列词形，不列例句,1,全国大学英语四、六级考试大纲（2016年修订版）,https://cet.neea.edu.cn/res/Home/1704/55b02330ac17274664f06d9d3db8249d.pdf,147
windy,官方词表未提供读音,官方《全国大学英语四、六级考试大纲（2016年修订版）》词表词目；官方未提供释义,官方词表只列词形，不列例句,1,全国大学英语四、六级考试大纲（2016年修订版）,https://cet.neea.edu.cn/res/Home/1704/55b02330ac17274664f06d9d3db8249d.pdf,147
window,官方词表未提供读音,官方《全国大学英语四、六级考试大纲（2016年修订版）》词表词目；官方未提供释义,官方词表只列词形，不列例句,1,全国大学英语四、六级考试大纲（2016年修订版）,https://cet.neea.edu.cn/res/Home/1704/55b02330ac17274664f06d9d3db8249d.pdf,147
wine winery,官方词表未提供读音,官方《全国大学英语四、六级考试大纲（2016年修订版）》词表词目；官方未提供释义,官方词表只列词形，不列例句,1,全国大学英语四、六级考试大纲（2016年修订版）,https://cet.neea.edu.cn/res/Home/1704/55b02330ac17274664f06d9d3db8249d.pdf,147
wing,官方词表未提供读音,官方《全国大学英语四、六级考试大纲（2016年修订版）》词表词目；官方未提供释义,官方词表只列词形，不列例句,1,全国大学英语四、六级考试大纲（2016年修订版）,https://cet.neea.edu.cn/res/Home/1704/55b02330ac17274664f06d9d3db8249d.pdf,147
winter,官方词表未提供读音,官方《全国大学英语四、六级考试大纲（2016年修订版）》词表词目；官方未提供释义,官方词表只列词形，不列例句,1,全国大学英语四、六级考试大纲（2016年修订版）,https://cet.neea.edu.cn/res/Home/1704/55b02330ac17274664f06d9d3db8249d.pdf,147
wipe,官方词表未提供读音,官方《全国大学英语四、六级考试大纲（2016年修订版）》词表词目；官方未提供释义,官方词表只列词形，不列例句,1,全国大学英语四、六级考试大纲（2016年修订版）,https://cet.neea.edu.cn/res/Home/1704/55b02330ac17274664f06d9d3db8249d.pdf,147
wire wireless,官方词表未提供读音,官方《全国大学英语四、六级考试大纲（2016年修订版）》词表词目；官方未提供释义,官方词表只列词形，不列例句,1,全国大学英语四、六级考试大纲（2016年修订版）,https://cet.neea.edu.cn/res/Home/1704/55b02330ac17274664f06d9d3db8249d.pdf,147
wise wisdom,官方词表未提供读音,官方《全国大学英语四、六级考试大纲（2016年修订版）》词表词目；官方未提供释义,官方词表只列词形，不列例句,1,全国大学英语四、六级考试大纲（2016年修订版）,https://cet.neea.edu.cn/res/Home/1704/55b02330ac17274664f06d9d3db8249d.pdf,147
wish,官方词表未提供读音,官方《全国大学英语四、六级考试大纲（2016年修订版）》词表词目；官方未提供释义,官方词表只列词形，不列例句,1,全国大学英语四、六级考试大纲（2016年修订版）,https://cet.neea.edu.cn/res/Home/1704/55b02330ac17274664f06d9d3db8249d.pdf,147
wit witty,官方词表未提供读音,官方《全国大学英语四、六级考试大纲（2016年修订版）》词表词目；官方未提供释义,官方词表只列词形，不列例句,1,全国大学英语四、六级考试大纲（2016年修订版）,https://cet.neea.edu.cn/res/Home/1704/55b02330ac17274664f06d9d3db8249d.pdf,147
with,官方词表未提供读音,官方《全国大学英语四、六级考试大纲（2016年修订版）》词表词目；官方未提供释义,官方词表只列词形，不列例句,1,全国大学英语四、六级考试大纲（2016年修订版）,https://cet.neea.edu.cn/res/Home/1704/55b02330ac17274664f06d9d3db8249d.pdf,147
withdraw withdrawal,官方词表未提供读音,官方《全国大学英语四、六级考试大纲（2016年修订版）》词表词目；官方未提供释义,官方词表只列词形，不列例句,1,全国大学英语四、六级考试大纲（2016年修订版）,https://cet.neea.edu.cn/res/Home/1704/55b02330ac17274664f06d9d3db8249d.pdf,147
within,官方词表未提供读音,官方《全国大学英语四、六级考试大纲（2016年修订版）》词表词目；官方未提供释义,官方词表只列词形，不列例句,1,全国大学英语四、六级考试大纲（2016年修订版）,https://cet.neea.edu.cn/res/Home/1704/55b02330ac17274664f06d9d3db8249d.pdf,147
without,官方词表未提供读音,官方《全国大学英语四、六级考试大纲（2016年修订版）》词表词目；官方未提供释义,官方词表只列词形，不列例句,1,全国大学英语四、六级考试大纲（2016年修订版）,https://cet.neea.edu.cn/res/Home/1704/55b02330ac17274664f06d9d3db8249d.pdf,147
withstand,官方词表未提供读音,官方《全国大学英语四、六级考试大纲（2016年修订版）》词表词目；官方未提供释义,官方词表只列词形，不列例句,1,全国大学英语四、六级考试大纲（2016年修订版）,https://cet.neea.edu.cn/res/Home/1704/55b02330ac17274664f06d9d3db8249d.pdf,147
witness,官方词表未提供读音,官方《全国大学英语四、六级考试大纲（2016年修订版）》词表词目；官方未提供释义,官方词表只列词形，不列例句,1,全国大学英语四、六级考试大纲（2016年修订版）,https://cet.neea.edu.cn/res/Home/1704/55b02330ac17274664f06d9d3db8249d.pdf,147
wolf,官方词表未提供读音,官方《全国大学英语四、六级考试大纲（2016年修订版）》词表词目；官方未提供释义,官方词表只列词形，不列例句,1,全国大学英语四、六级考试大纲（2016年修订版）,https://cet.neea.edu.cn/res/Home/1704/55b02330ac17274664f06d9d3db8249d.pdf,147
woman,官方词表未提供读音,官方《全国大学英语四、六级考试大纲（2016年修订版）》词表词目；官方未提供释义,官方词表只列词形，不列例句,1,全国大学英语四、六级考试大纲（2016年修订版）,https://cet.neea.edu.cn/res/Home/1704/55b02330ac17274664f06d9d3db8249d.pdf,147
wonder wonderful,官方词表未提供读音,官方《全国大学英语四、六级考试大纲（2016年修订版）》词表词目；官方未提供释义,官方词表只列词形，不列例句,1,全国大学英语四、六级考试大纲（2016年修订版）,https://cet.neea.edu.cn/res/Home/1704/55b02330ac17274664f06d9d3db8249d.pdf,147
wood wooden,官方词表未提供读音,官方《全国大学英语四、六级考试大纲（2016年修订版）》词表词目；官方未提供释义,官方词表只列词形，不列例句,1,全国大学英语四、六级考试大纲（2016年修订版）,https://cet.neea.edu.cn/res/Home/1704/55b02330ac17274664f06d9d3db8249d.pdf,147
wool wool(l)en,官方词表未提供读音,官方《全国大学英语四、六级考试大纲（2016年修订版）》词表词目；官方未提供释义,官方词表只列词形，不列例句,1,全国大学英语四、六级考试大纲（2016年修订版）,https://cet.neea.edu.cn/res/Home/1704/55b02330ac17274664f06d9d3db8249d.pdf,147
word wording,官方词表未提供读音,官方《全国大学英语四、六级考试大纲（2016年修订版）》词表词目；官方未提供释义,官方词表只列词形，不列例句,1,全国大学英语四、六级考试大纲（2016年修订版）,https://cet.neea.edu.cn/res/Home/1704/55b02330ac17274664f06d9d3db8249d.pdf,147
work worker,官方词表未提供读音,官方《全国大学英语四、六级考试大纲（2016年修订版）》词表词目；官方未提供释义,官方词表只列词形，不列例句,1,全国大学英语四、六级考试大纲（2016年修订版）,https://cet.neea.edu.cn/res/Home/1704/55b02330ac17274664f06d9d3db8249d.pdf,147
workforce,官方词表未提供读音,官方《全国大学英语四、六级考试大纲（2016年修订版）》词表词目；官方未提供释义,官方词表只列词形，不列例句,1,全国大学英语四、六级考试大纲（2016年修订版）,https://cet.neea.edu.cn/res/Home/1704/55b02330ac17274664f06d9d3db8249d.pdf,147
workout,官方词表未提供读音,官方《全国大学英语四、六级考试大纲（2016年修订版）》词表词目；官方未提供释义,官方词表只列词形，不列例句,1,全国大学英语四、六级考试大纲（2016年修订版）,https://cet.neea.edu.cn/res/Home/1704/55b02330ac17274664f06d9d3db8249d.pdf,147
workshop,官方词表未提供读音,官方《全国大学英语四、六级考试大纲（2016年修订版）》词表词目；官方未提供释义,官方词表只列词形，不列例句,1,全国大学英语四、六级考试大纲（2016年修订版）,https://cet.neea.edu.cn/res/Home/1704/55b02330ac17274664f06d9d3db8249d.pdf,147
world,官方词表未提供读音,官方《全国大学英语四、六级考试大纲（2016年修订版）》词表词目；官方未提供释义,官方词表只列词形，不列例句,1,全国大学英语四、六级考试大纲（2016年修订版）,https://cet.neea.edu.cn/res/Home/1704/55b02330ac17274664f06d9d3db8249d.pdf,147
worldwide,官方词表未提供读音,官方《全国大学英语四、六级考试大纲（2016年修订版）》词表词目；官方未提供释义,官方词表只列词形，不列例句,1,全国大学英语四、六级考试大纲（2016年修订版）,https://cet.neea.edu.cn/res/Home/1704/55b02330ac17274664f06d9d3db8249d.pdf,147
worm,官方词表未提供读音,官方《全国大学英语四、六级考试大纲（2016年修订版）》词表词目；官方未提供释义,官方词表只列词形，不列例句,1,全国大学英语四、六级考试大纲（2016年修订版）,https://cet.neea.edu.cn/res/Home/1704/55b02330ac17274664f06d9d3db8249d.pdf,147
worry worried,官方词表未提供读音,官方《全国大学英语四、六级考试大纲（2016年修订版）》词表词目；官方未提供释义,官方词表只列词形，不列例句,1,全国大学英语四、六级考试大纲（2016年修订版）,https://cet.neea.edu.cn/res/Home/1704/55b02330ac17274664f06d9d3db8249d.pdf,147
worse,官方词表未提供读音,官方《全国大学英语四、六级考试大纲（2016年修订版）》词表词目；官方未提供释义,官方词表只列词形，不列例句,1,全国大学英语四、六级考试大纲（2016年修订版）,https://cet.neea.edu.cn/res/Home/1704/55b02330ac17274664f06d9d3db8249d.pdf,147
worship,官方词表未提供读音,官方《全国大学英语四、六级考试大纲（2016年修订版）》词表词目；官方未提供释义,官方词表只列词形，不列例句,1,全国大学英语四、六级考试大纲（2016年修订版）,https://cet.neea.edu.cn/res/Home/1704/55b02330ac17274664f06d9d3db8249d.pdf,147
worst,官方词表未提供读音,官方《全国大学英语四、六级考试大纲（2016年修订版）》词表词目；官方未提供释义,官方词表只列词形，不列例句,1,全国大学英语四、六级考试大纲（2016年修订版）,https://cet.neea.edu.cn/res/Home/1704/55b02330ac17274664f06d9d3db8249d.pdf,147
worth worthless,官方词表未提供读音,官方《全国大学英语四、六级考试大纲（2016年修订版）》词表词目；官方未提供释义,官方词表只列词形，不列例句,1,全国大学英语四、六级考试大纲（2016年修订版）,https://cet.neea.edu.cn/res/Home/1704/55b02330ac17274664f06d9d3db8249d.pdf,148
worthwhile,官方词表未提供读音,官方《全国大学英语四、六级考试大纲（2016年修订版）》词表词目；官方未提供释义,官方词表只列词形，不列例句,1,全国大学英语四、六级考试大纲（2016年修订版）,https://cet.neea.edu.cn/res/Home/1704/55b02330ac17274664f06d9d3db8249d.pdf,148
worthy worthiness,官方词表未提供读音,官方《全国大学英语四、六级考试大纲（2016年修订版）》词表词目；官方未提供释义,官方词表只列词形，不列例句,1,全国大学英语四、六级考试大纲（2016年修订版）,https://cet.neea.edu.cn/res/Home/1704/55b02330ac17274664f06d9d3db8249d.pdf,148
would,官方词表未提供读音,官方《全国大学英语四、六级考试大纲（2016年修订版）》词表词目；官方未提供释义,官方词表只列词形，不列例句,1,全国大学英语四、六级考试大纲（2016年修订版）,https://cet.neea.edu.cn/res/Home/1704/55b02330ac17274664f06d9d3db8249d.pdf,148
wound,官方词表未提供读音,官方《全国大学英语四、六级考试大纲（2016年修订版）》词表词目；官方未提供释义,官方词表只列词形，不列例句,1,全国大学英语四、六级考试大纲（2016年修订版）,https://cet.neea.edu.cn/res/Home/1704/55b02330ac17274664f06d9d3db8249d.pdf,148
wrap wrapping,官方词表未提供读音,官方《全国大学英语四、六级考试大纲（2016年修订版）》词表词目；官方未提供释义,官方词表只列词形，不列例句,1,全国大学英语四、六级考试大纲（2016年修订版）,https://cet.neea.edu.cn/res/Home/1704/55b02330ac17274664f06d9d3db8249d.pdf,148
wreck wreckage,官方词表未提供读音,官方《全国大学英语四、六级考试大纲（2016年修订版）》词表词目；官方未提供释义,官方词表只列词形，不列例句,1,全国大学英语四、六级考试大纲（2016年修订版）,https://cet.neea.edu.cn/res/Home/1704/55b02330ac17274664f06d9d3db8249d.pdf,148
wrinkle,官方词表未提供读音,官方《全国大学英语四、六级考试大纲（2016年修订版）》词表词目；官方未提供释义,官方词表只列词形，不列例句,1,全国大学英语四、六级考试大纲（2016年修订版）,https://cet.neea.edu.cn/res/Home/1704/55b02330ac17274664f06d9d3db8249d.pdf,148
wrist,官方词表未提供读音,官方《全国大学英语四、六级考试大纲（2016年修订版）》词表词目；官方未提供释义,官方词表只列词形，不列例句,1,全国大学英语四、六级考试大纲（2016年修订版）,https://cet.neea.edu.cn/res/Home/1704/55b02330ac17274664f06d9d3db8249d.pdf,148
write writer writing,官方词表未提供读音,官方《全国大学英语四、六级考试大纲（2016年修订版）》词表词目；官方未提供释义,官方词表只列词形，不列例句,1,全国大学英语四、六级考试大纲（2016年修订版）,https://cet.neea.edu.cn/res/Home/1704/55b02330ac17274664f06d9d3db8249d.pdf,148
wrong,官方词表未提供读音,官方《全国大学英语四、六级考试大纲（2016年修订版）》词表词目；官方未提供释义,官方词表只列词形，不列例句,1,全国大学英语四、六级考试大纲（2016年修订版）,https://cet.neea.edu.cn/res/Home/1704/55b02330ac17274664f06d9d3db8249d.pdf,148
x-ray,官方词表未提供读音,官方《全国大学英语四、六级考试大纲（2016年修订版）》词表词目；官方未提供释义,官方词表只列词形，不列例句,1,全国大学英语四、六级考试大纲（2016年修订版）,https://cet.neea.edu.cn/res/Home/1704/55b02330ac17274664f06d9d3db8249d.pdf,148
yard,官方词表未提供读音,官方《全国大学英语四、六级考试大纲（2016年修订版）》词表词目；官方未提供释义,官方词表只列词形，不列例句,1,全国大学英语四、六级考试大纲（2016年修订版）,https://cet.neea.edu.cn/res/Home/1704/55b02330ac17274664f06d9d3db8249d.pdf,148
year yearly,官方词表未提供读音,官方《全国大学英语四、六级考试大纲（2016年修订版）》词表词目；官方未提供释义,官方词表只列词形，不列例句,1,全国大学英语四、六级考试大纲（2016年修订版）,https://cet.neea.edu.cn/res/Home/1704/55b02330ac17274664f06d9d3db8249d.pdf,148
yell,官方词表未提供读音,官方《全国大学英语四、六级考试大纲（2016年修订版）》词表词目；官方未提供释义,官方词表只列词形，不列例句,1,全国大学英语四、六级考试大纲（2016年修订版）,https://cet.neea.edu.cn/res/Home/1704/55b02330ac17274664f06d9d3db8249d.pdf,148
yellow,官方词表未提供读音,官方《全国大学英语四、六级考试大纲（2016年修订版）》词表词目；官方未提供释义,官方词表只列词形，不列例句,1,全国大学英语四、六级考试大纲（2016年修订版）,https://cet.neea.edu.cn/res/Home/1704/55b02330ac17274664f06d9d3db8249d.pdf,148
yes yeah,官方词表未提供读音,官方《全国大学英语四、六级考试大纲（2016年修订版）》词表词目；官方未提供释义,官方词表只列词形，不列例句,1,全国大学英语四、六级考试大纲（2016年修订版）,https://cet.neea.edu.cn/res/Home/1704/55b02330ac17274664f06d9d3db8249d.pdf,148
yesterday,官方词表未提供读音,官方《全国大学英语四、六级考试大纲（2016年修订版）》词表词目；官方未提供释义,官方词表只列词形，不列例句,1,全国大学英语四、六级考试大纲（2016年修订版）,https://cet.neea.edu.cn/res/Home/1704/55b02330ac17274664f06d9d3db8249d.pdf,148
yet,官方词表未提供读音,官方《全国大学英语四、六级考试大纲（2016年修订版）》词表词目；官方未提供释义,官方词表只列词形，不列例句,1,全国大学英语四、六级考试大纲（2016年修订版）,https://cet.neea.edu.cn/res/Home/1704/55b02330ac17274664f06d9d3db8249d.pdf,148
yield,官方词表未提供读音,官方《全国大学英语四、六级考试大纲（2016年修订版）》词表词目；官方未提供释义,官方词表只列词形，不列例句,1,全国大学英语四、六级考试大纲（2016年修订版）,https://cet.neea.edu.cn/res/Home/1704/55b02330ac17274664f06d9d3db8249d.pdf,148
yoga,官方词表未提供读音,官方《全国大学英语四、六级考试大纲（2016年修订版）》词表词目；官方未提供释义,官方词表只列词形，不列例句,1,全国大学英语四、六级考试大纲（2016年修订版）,https://cet.neea.edu.cn/res/Home/1704/55b02330ac17274664f06d9d3db8249d.pdf,148
yoghurt,官方词表未提供读音,官方《全国大学英语四、六级考试大纲（2016年修订版）》词表词目；官方未提供释义,官方词表只列词形，不列例句,1,全国大学英语四、六级考试大纲（2016年修订版）,https://cet.neea.edu.cn/res/Home/1704/55b02330ac17274664f06d9d3db8249d.pdf,148
you,官方词表未提供读音,官方《全国大学英语四、六级考试大纲（2016年修订版）》词表词目；官方未提供释义,官方词表只列词形，不列例句,1,全国大学英语四、六级考试大纲（2016年修订版）,https://cet.neea.edu.cn/res/Home/1704/55b02330ac17274664f06d9d3db8249d.pdf,148
young,官方词表未提供读音,官方《全国大学英语四、六级考试大纲（2016年修订版）》词表词目；官方未提供释义,官方词表只列词形，不列例句,1,全国大学英语四、六级考试大纲（2016年修订版）,https://cet.neea.edu.cn/res/Home/1704/55b02330ac17274664f06d9d3db8249d.pdf,148
youngster,官方词表未提供读音,官方《全国大学英语四、六级考试大纲（2016年修订版）》词表词目；官方未提供释义,官方词表只列词形，不列例句,1,全国大学英语四、六级考试大纲（2016年修订版）,https://cet.neea.edu.cn/res/Home/1704/55b02330ac17274664f06d9d3db8249d.pdf,148
your,官方词表未提供读音,官方《全国大学英语四、六级考试大纲（2016年修订版）》词表词目；官方未提供释义,官方词表只列词形，不列例句,1,全国大学英语四、六级考试大纲（2016年修订版）,https://cet.neea.edu.cn/res/Home/1704/55b02330ac17274664f06d9d3db8249d.pdf,148
yours,官方词表未提供读音,官方《全国大学英语四、六级考试大纲（2016年修订版）》词表词目；官方未提供释义,官方词表只列词形，不列例句,1,全国大学英语四、六级考试大纲（2016年修订版）,https://cet.neea.edu.cn/res/Home/1704/55b02330ac17274664f06d9d3db8249d.pdf,148
yourself yourselves,官方词表未提供读音,官方《全国大学英语四、六级考试大纲（2016年修订版）》词表词目；官方未提供释义,官方词表只列词形，不列例句,1,全国大学英语四、六级考试大纲（2016年修订版）,https://cet.neea.edu.cn/res/Home/1704/55b02330ac17274664f06d9d3db8249d.pdf,148
youth youthful,官方词表未提供读音,官方《全国大学英语四、六级考试大纲（2016年修订版）》词表词目；官方未提供释义,官方词表只列词形，不列例句,1,全国大学英语四、六级考试大纲（2016年修订版）,https://cet.neea.edu.cn/res/Home/1704/55b02330ac17274664f06d9d3db8249d.pdf,148
zero,官方词表未提供读音,官方《全国大学英语四、六级考试大纲（2016年修订版）》词表词目；官方未提供释义,官方词表只列词形，不列例句,1,全国大学英语四、六级考试大纲（2016年修订版）,https://cet.neea.edu.cn/res/Home/1704/55b02330ac17274664f06d9d3db8249d.pdf,148
zone,官方词表未提供读音,官方《全国大学英语四、六级考试大纲（2016年修订版）》词表词目；官方未提供释义,官方词表只列词形，不列例句,1,全国大学英语四、六级考试大纲（2016年修订版）,https://cet.neea.edu.cn/res/Home/1704/55b02330ac17274664f06d9d3db8249d.pdf,148
zoo,官方词表未提供读音,官方《全国大学英语四、六级考试大纲（2016年修订版）》词表词目；官方未提供释义,官方词表只列词形，不列例句,1,全国大学英语四、六级考试大纲（2016年修订版）,https://cet.neea.edu.cn/res/Home/1704/55b02330ac17274664f06d9d3db8249d.pdf,148
zoology zoological,官方词表未提供读音,官方《全国大学英语四、六级考试大纲（2016年修订版）》词表词目；官方未提供释义,官方词表只列词形，不列例句,1,全国大学英语四、六级考试大纲（2016年修订版）,https://cet.neea.edu.cn/res/Home/1704/55b02330ac17274664f06d9d3db8249d.pdf,148
